label,0,1,2,3,4,5,6,7,8,9,10,11,12,13,14,15,16,17,18,19,20,21,22,23,24,25,26,27,28,29,30,31,32,33,34,35,36,37,38,39,40,41,42,43,44,45,46,47,48,49,50,51,52,53,54,55,56,57,58,59,60,61,62,63,64,65,66,67,68,69,70,71,72,73,74,75,76,77,78,79,80,81,82,83,84,85,86,87,88,89,90,91,92,93,94,95,96,97,98,99,100,101,102,103,104,105,106,107,108,109,110,111,112,113,114,115,116,117,118,119,120,121,122,123,124,125,126,127,128,129,130,131,132,133,134,135,136,137,138,139,140,141,142,143,144,145,146,147,148,149,150,151,152,153,154,155,156,157,158,159,160,161,162,163,164,165,166,167,168,169,170,171,172,173,174,175,176,177,178,179,180,181,182,183,184,185,186,187,188,189,190,191
0,-0.2893,0.385,-0.3691,0.2202,-0.04276,0.3516,-0.05267,1.042,-0.01576,0.756,-0.8394,-0.806,-0.01526,-0.3115,0.3093,0.1967,-0.2593,0.205,0.4812,-0.228,-0.455,1.115,0.56,-0.905,0.3113,-0.732,-2.055,-0.2319,-0.1188,0.06525,-0.4111,0.1349,-0.1273,0.4292,-0.5244,-0.2168,-0.06116,0.6826,0.4475,0.1731,0.2275,-0.01648,0.5635,0.6724,0.1549,0.2272,-0.28,0.03955,0.08105,0.1466,0.1996,-0.3374,-0.408,1.225,0.3655,0.1082,-0.1692,0.462,-0.01653,0.009674,2.914,0.38,-0.2673,-8.27,-0.3171,0.1431,0.683,0.06073,-0.0783,0.66,0.6157,-0.2966,7.043,-0.8315,0.778,0.2153,-0.05426,0.939,1.001,0.2722,0.574,0.10565,0.1772,0.0913,-0.0665,-0.1366,-0.2854,0.3447,-0.11975,-0.0839,0.1699,-0.633,0.0803,-0.00835,-0.2625,1.496,-0.05518,-0.459,0.4612,-3.154,-0.4683,1.049,0.1333,0.3462,-0.398,-0.962,-0.4316,-0.03445,0.01718,0.1146,0.000905,0.282,-0.4573,-0.2668,-0.374,-0.01027,-0.6123,-0.56,0.271,-0.3518,0.1417,0.7754,0.0142,0.4868,0.0957,1.332,-0.1814,-0.05383,-0.075,0.1577,-0.3474,0.2883,0.8843,-0.2068,0.02731,-0.2383,-0.5874,-0.2407,-2.1,-0.1738,-0.1226,0.3237,0.255,0.177,0.7695,-0.377,-0.06305,-1.674,-0.23,-0.4033,-0.1324,-0.2103,-0.7407,-0.1986,0.4128,0.0333,0.7954,-0.958,-0.05743,0.4365,-0.03842,-0.428,-0.3738,-0.2256,0.3765,0.0002304,-0.7266,-0.03455,-0.316,-0.4905,-0.4524,0.7646,-0.2091,0.01386,0.6187,-0.232,0.11,-0.2834,0.3882,0.1865,-0.02588,-0.4978,0.421,-0.1628,-0.5107,2.469,-0.78,0.374,0.01671,-0.2188,-0.2654,-0.665
1,-0.1416,0.1562,-0.3872,0.4858,0.07227,0.2495,-0.693,-0.4033,-0.126,0.2352,1.191,-0.4106,0.0753,0.4673,-0.515,0.1868,0.3474,0.3816,0.598,-0.814,-0.524,-2.174,-0.4707,-0.3347,1.041,0.9844,2.586,-0.2129,0.1442,0.2128,0.3606,1.028,-0.279,0.5293,-0.6084,-0.1698,0.627,0.931,-0.9434,0.0619,-0.01865,0.1688,-0.02731,0.2747,0.6177,-0.03067,0.0953,0.6133,0.1346,0.611,1.003,-0.462,-0.0338,0.2125,-0.1788,-0.4236,-0.02179,0.359,-1.229,0.1207,-1.849,0.401,-0.05273,-7.71,-0.939,0.8833,0.3257,-0.3982,-0.1285,0.69,-1.112,0.1007,6.87,1.078,0.7363,0.1882,0.4487,-0.1614,1.559,0.2302,0.4873,-0.2363,0.749,-0.4258,-0.065,0.065,-0.41,-0.3706,0.598,-0.3416,-0.1858,-0.0306,0.29,-1.119,0.389,-0.4653,0.149,-0.511,-0.08685,-1.771,-0.6523,0.5117,0.12115,-0.732,-0.3804,0.6523,0.05695,0.2192,-0.10004,0.01903,0.5464,0.0597,-0.3083,-0.2844,-0.702,0.0313,-0.544,0.4736,-0.10254,-0.1982,0.1562,0.678,-0.5537,-0.01869,-0.4443,1.819,-0.2399,0.1653,0.5522,-0.0542,-0.2893,1.276,-0.5874,-0.7373,-0.143,-0.00682,0.1863,0.71,0.3176,-0.1301,0.5312,0.1466,0.9966,0.1927,0.3772,0.4014,0.589,-2.027,-0.02174,0.1123,0.1062,-0.10034,-1.302,-0.473,0.1389,0.5474,0.88,-0.383,0.06866,0.073,-0.1037,-0.813,0.4153,-0.643,0.2944,-0.2024,0.798,-0.03888,0.3142,-0.601,-0.928,0.2463,0.4832,-0.0753,-0.7573,0.2026,0.00999,-0.007767,0.9033,0.1145,0.596,0.1871,-0.2808,0.367,0.02606,-3.174,-0.9946,0.1644,-0.279,-1.163,-0.00982,-0.6533
1,0.2847,-0.1553,-0.2173,0.2788,0.0006304,-0.06113,-0.6064,0.04477,-0.3682,0.2008,0.623,-0.1621,-0.1747,-0.05447,-0.2167,-0.0386,0.1158,0.2654,0.1179,-0.3335,-0.3354,-2.371,-0.2705,-0.637,0.7764,1.242,1.719,-0.05176,0.2305,0.04425,0.3523,0.9,0.0093,0.1913,-0.7915,0.1547,0.1432,0.4565,-0.408,-0.05417,-0.2467,-0.3438,-0.3352,0.372,0.1655,0.139,0.5576,0.4114,0.2703,0.54,0.8027,-0.3333,-0.1262,0.3154,-0.09894,-0.7754,0.04904,0.08453,-1.103,-0.2471,-1.534,0.25,0.1956,-8.3,-0.395,0.8013,0.2166,-0.2815,0.1173,0.26,-1.28,0.0346,8.04,1.105,0.7114,0.2402,0.704,0.3418,1.248,0.07996,0.03604,-0.4163,0.424,-0.1853,0.4338,0.2252,-0.1306,0.12146,0.4316,0.09326,-0.2751,-0.0724,0.1722,-0.6685,0.376,-0.3308,0.276,-0.3328,-0.05353,-1.726,-0.2522,0.2013,-0.03265,-0.2146,-0.2588,0.415,-0.1559,-0.05603,-0.1606,0.1783,0.288,0.1914,-0.677,0.2952,-0.369,-0.10004,0.1208,0.4565,-0.0689,-0.1277,-0.2245,0.3054,-0.7085,0.4578,0.012726,1.075,-0.3286,-0.01553,0.3975,0.1503,-0.0656,1.409,-0.337,-0.1779,0.02492,0.1765,-0.2234,0.468,0.7363,-0.3206,0.73,0.1865,0.597,0.0473,0.02942,0.3425,-0.0706,-1.701,0.288,-0.04337,0.2051,-0.3943,-0.66,-0.2482,-0.0791,0.3896,0.2578,-0.0441,-0.1065,-0.011246,-0.2229,-0.243,-0.02406,-0.1985,0.1584,-0.419,0.1273,0.0669,0.04846,-0.394,-0.956,0.2651,0.04932,0.1671,-0.757,-0.1038,-0.258,0.7886,0.402,0.1417,0.638,0.1685,0.1288,0.4548,0.3748,-3.047,-0.6143,0.072,0.0497,-0.4563,-0.2812,-0.218
1,0.1671,0.2021,-0.4058,0.5186,0.1763,-0.02563,-0.591,-0.1896,-0.2266,0.2201,1.014,-0.4048,0.07635,0.3357,-0.4883,0.2263,0.3477,0.3381,0.531,-0.6743,-0.483,-2.225,-0.4407,-0.3818,1.031,1.154,2.662,-0.2006,0.2125,0.2266,0.296,1.132,-0.3428,0.631,-0.635,-0.004196,0.517,0.785,-0.8604,-0.01561,-0.01215,0.02136,-0.3425,0.2705,0.5083,-0.03986,0.3943,0.612,0.133,0.8354,1.013,-0.5435,-0.1785,0.349,-0.1558,-0.647,-0.01296,0.3472,-1.326,-0.09717,-1.962,0.4321,-0.0516,-7.55,-0.9497,0.92,0.3325,-0.4216,-0.0999,0.5474,-1.356,-0.05978,6.977,1.217,0.98,0.356,0.578,-0.2079,1.503,0.11664,0.2754,-0.3616,0.568,-0.3804,0.254,0.0688,-0.2864,-0.3003,0.662,-0.1156,-0.31,-0.1276,0.2217,-1.073,0.4272,-0.3435,0.3184,-0.515,-0.2125,-1.588,-0.4106,0.6704,-0.02509,-0.6855,-0.528,0.4363,-0.11035,0.3696,-0.1125,0.01619,0.3237,-0.01248,-0.5645,-0.10034,-0.6274,0.1072,-0.3938,0.406,0.05078,-0.1646,-0.0613,0.711,-0.7563,0.0742,-0.2546,1.784,-0.3882,0.12463,0.5576,-0.1653,-0.4028,1.321,-0.4795,-0.8105,-0.1059,0.0791,0.02827,0.764,0.5234,-0.1814,0.586,0.2369,1.109,0.278,0.2356,0.4065,0.286,-1.922,0.1216,0.024,0.09937,-0.27,-1.068,-0.549,-0.00526,0.4963,0.725,-0.2356,-0.04507,0.0923,-0.1954,-0.716,0.2551,-0.4282,0.4521,-0.27,0.66,0.1066,0.2148,-0.6587,-1.169,0.262,0.3735,-0.05576,-0.907,0.1337,-0.05743,0.3936,0.8096,0.09564,0.668,0.228,-0.2056,0.373,0.0769,-3.355,-0.799,0.2408,-0.1794,-1.027,-0.2332,-0.5103
1,0.2289,0.2015,-0.3335,0.4255,0.171,-0.133,-0.6006,-0.1647,-0.2382,0.2394,1.014,-0.4854,0.02875,0.502,-0.3853,0.1349,0.393,0.3972,0.562,-0.704,-0.4504,-2.39,-0.3425,-0.3867,1.094,1.1455,2.684,-0.139,0.1896,0.2925,0.328,1.106,-0.372,0.567,-0.699,-0.0521,0.6543,0.885,-0.9355,-0.08704,-0.12195,0.003544,-0.438,0.2517,0.627,0.01588,0.2913,0.626,0.0942,0.869,1.1455,-0.591,-0.2362,0.352,-0.09717,-0.566,-0.0923,0.3914,-1.365,-0.05505,-2.03,0.3591,0.04758,-7.54,-0.93,0.8,0.2695,-0.5303,-0.1877,0.4368,-1.389,-0.10657,6.902,1.226,0.9424,0.3328,0.6777,-0.1682,1.566,0.1534,0.206,-0.2976,0.4412,-0.379,0.3088,0.1168,-0.2078,-0.305,0.6807,-0.1744,-0.3901,-0.1813,0.0732,-1.039,0.3606,-0.362,0.3826,-0.5938,-0.1952,-1.522,-0.3691,0.6646,0.00753,-0.7876,-0.5063,0.4941,-0.1154,0.4553,-0.1311,-0.0464,0.26,0.1155,-0.493,-0.141,-0.584,0.2494,-0.3374,0.424,-0.02606,-0.01646,-0.0822,0.7856,-0.6396,-0.000347,-0.3035,1.655,-0.3328,0.1105,0.557,-0.11804,-0.3875,1.341,-0.4785,-0.83,-0.121,0.1713,0.1351,0.755,0.5522,-0.2141,0.563,0.2986,1.025,0.2234,0.1785,0.4377,0.3223,-1.969,0.07086,0.06018,0.11115,-0.3074,-0.946,-0.531,0.02321,0.4653,0.8213,-0.2255,-0.0421,0.06665,-0.1372,-0.685,0.1753,-0.4272,0.3867,-0.1907,0.6025,0.0938,0.05597,-0.682,-1.174,0.278,0.318,-0.0843,-0.872,0.1747,0.0895,0.4617,0.825,0.0489,0.6646,0.209,-0.1877,0.2559,0.129,-3.34,-0.775,0.255,-0.2284,-1.018,-0.2395,-0.503
1,0.1892,-0.175,-0.12177,0.1794,0.006084,-0.2021,-0.8604,-0.1545,-0.3108,0.2097,0.9517,-0.2281,-0.2126,0.5312,-0.273,-0.2053,0.4143,0.479,0.3804,-0.611,-0.285,-2.617,-0.3462,-0.7344,1.05,1.243,2.207,0.0469,-0.05194,0.3958,0.483,1.1455,-0.3274,0.2026,-0.8364,-0.07623,0.516,0.9097,-0.9043,-0.05417,-0.234,-0.2502,-0.3533,0.1677,0.687,0.2247,0.0401,0.5137,-0.02164,0.5674,1.011,-0.0928,-0.154,-0.0776,-0.1305,-0.567,-0.08246,0.002848,-1.235,-0.0634,-1.748,0.1854,0.256,-8.07,-0.5386,0.6196,0.2042,-0.664,-0.09546,0.2551,-1.153,-0.04535,7.266,0.8784,0.808,0.3062,0.6733,0.1829,1.803,-0.0727,-0.00909,-0.282,0.52,-0.07446,0.2961,0.3245,-0.1923,-0.1372,0.6978,-0.2255,-0.4846,-0.1987,-0.2208,-0.8926,0.4714,-0.4556,0.2104,-0.3818,-0.0556,-1.658,-0.3923,0.0843,0.0935,-0.7744,0.00402,0.7417,-0.03253,0.2147,-0.31,-0.1658,0.543,0.5396,-0.2546,-0.066,-0.5493,0.308,-0.2598,0.6304,-0.4255,0.2192,-0.2876,0.4546,-0.343,0.2024,-0.3513,1.257,-0.357,0.03397,0.4414,0.4353,0.02432,1.403,-0.412,-0.446,-0.0793,0.2542,0.1697,0.5435,0.6206,-0.4072,0.715,0.1587,0.6636,-0.05823,-0.0012245,0.5366,0.4263,-1.976,-0.0507,0.0866,0.548,-0.349,-0.8096,-0.03586,-0.1209,0.4248,0.754,-0.04456,0.05557,-0.10187,-0.02069,-0.297,0.0833,-0.536,0.07294,-0.138,0.434,0.0819,-0.2324,-0.539,-0.8433,0.379,0.1191,0.1848,-0.882,0.156,0.08984,0.4133,0.634,0.03558,0.688,0.05835,-0.03513,0.3535,0.3582,-2.947,-0.658,0.004967,-0.2246,-0.6787,-0.05283,-0.388
0,-0.014725,0.4902,-0.2676,0.4038,-0.03857,0.2249,-0.3438,1.178,-0.2563,0.7344,-0.8164,-0.581,-0.131,-0.169,0.1829,0.012825,-0.3438,0.138,0.507,-0.2996,-0.3018,1.035,-0.001547,-0.8228,0.127,-0.719,-2.12,-0.1652,-0.1451,0.05447,-0.3557,0.2683,-0.2129,0.5493,-0.333,-0.085,0.0671,0.6206,0.3955,-0.05875,0.2502,-0.1022,0.6562,0.6304,0.2876,0.1868,-0.2223,-0.1179,-0.0621,-0.05234,0.1265,-0.02104,-0.4973,1.167,0.3025,-0.0853,-0.2113,0.4873,-0.1721,0.03442,2.965,0.4617,-0.1768,-8.44,-0.4639,0.1301,0.4329,0.1622,0.01549,0.624,0.5176,-0.3645,7.426,-0.594,0.698,0.2603,0.01657,1.064,1.054,0.1105,0.253,0.2233,0.2683,0.2325,0.01204,-0.1173,-0.239,0.31,-0.2764,-0.2362,-0.0669,-0.7163,0.2249,0.2168,-0.11755,1.426,0.04156,-0.4907,0.2644,-2.736,-0.2434,1.006,0.0524,0.1873,-0.522,-0.9937,-0.559,-0.12286,0.008934,0.2817,0.1519,0.281,-0.3015,-0.282,-0.356,0.07825,-0.7817,-0.384,0.2747,-0.2524,0.002981,0.703,-0.162,0.4482,0.00791,1.191,-0.2056,0.1515,-0.11035,0.104,-0.2072,0.2766,0.8193,-0.2341,-0.0694,0.02493,-0.3843,-0.268,-1.885,-0.07404,0.06616,0.2603,0.396,-0.01886,0.4006,-0.2625,-0.1268,-1.705,0.0645,-0.3708,0.05713,-0.1526,-0.7534,-0.489,0.3271,-0.003319,0.3499,-0.4414,-0.1707,0.01381,0.02995,-0.08826,-0.302,-0.2505,0.4084,-0.1011,-0.7095,-0.1261,-0.5674,-0.2932,-0.2413,1.038,-0.02094,0.1335,0.5747,-0.3748,0.02327,-0.1808,0.152,0.273,-0.03403,-0.294,0.1261,-0.04892,-0.5527,2.404,-0.614,0.0816,-0.01548,-0.0306,-0.4092,-0.4553
1,0.1716,0.0186,-0.328,0.5015,-0.078,0.007248,-0.528,-0.01511,-0.2966,0.2458,1.018,-0.2612,-0.09674,0.1886,-0.341,0.0001721,0.266,0.3057,0.3403,-0.4146,-0.445,-2.4,-0.3723,-0.4668,0.879,1.058,2.188,-0.2045,0.05777,0.1793,0.2354,1.235,-0.213,0.4243,-0.8467,-0.0192,0.2686,0.557,-0.6367,0.01139,-0.1131,-0.2048,-0.3254,0.352,0.461,-0.01733,0.5767,0.541,0.1332,0.696,0.9775,-0.3474,-0.0387,0.26,-0.1332,-0.7124,0.1254,0.1744,-1.342,-0.2128,-1.721,0.2908,0.3215,-8.08,-0.7847,0.8154,0.274,-0.2632,0.1045,0.4482,-1.199,0.02011,7.508,1.073,0.8267,0.2318,0.5386,0.03317,1.376,0.0966,0.004448,-0.4148,0.6323,-0.1826,0.3503,0.106,-0.1919,-0.03134,0.6934,0.09155,-0.4016,-0.03476,0.3057,-0.796,0.4302,-0.2018,0.2544,-0.4275,-0.3943,-1.558,-0.176,0.4238,-0.09784,-0.5244,-0.3887,0.3213,-0.3281,0.1154,-0.03009,0.1469,0.2686,0.08636,-0.568,-0.03156,-0.423,-0.0927,-0.2037,0.4036,-0.04132,-0.02765,-0.2238,0.3438,-0.6523,0.278,-0.245,1.296,-0.507,0.1813,0.4712,0.1359,-0.1375,1.424,-0.2817,-0.555,-0.0871,0.1844,-0.1361,0.6494,0.6943,-0.3496,0.6357,0.1794,0.963,0.0635,-0.0005,0.413,0.11383,-1.871,0.2622,-0.09686,0.2905,-0.2534,-0.9146,-0.3298,-0.16,0.3398,0.4092,-0.05878,0.0916,-0.0459,-0.2507,-0.3071,0.02124,-0.259,0.3535,-0.4138,0.4712,0.1,0.004612,-0.4106,-1.148,0.27,0.1864,0.2866,-0.8926,0.0003605,-0.08563,0.618,0.638,0.02086,0.618,0.308,-0.01755,0.313,-0.005383,-3.256,-0.5728,-0.0267,0.0568,-0.651,-0.2083,-0.3018
1,0.2883,-0.01978,-0.1989,0.4514,0.0749,-0.03647,-0.582,-0.0853,-0.2341,0.12085,1.088,-0.4412,-0.04468,0.276,-0.4797,0.0935,0.3687,0.4048,0.4304,-0.6826,-0.4612,-2.35,-0.318,-0.7046,1.003,1.182,2.54,-0.2217,0.2952,0.2488,0.3914,1.061,-0.2109,0.3945,-0.782,-0.0722,0.4792,0.7075,-0.8857,-0.1553,-0.03848,0.01072,-0.3928,0.4326,0.4836,-0.0459,0.3735,0.603,0.1957,0.8643,0.953,-0.6045,-0.1426,0.3142,-0.1554,-0.5615,0.005787,0.4302,-1.189,-0.1339,-2.06,0.3562,-0.05948,-7.664,-0.81,0.909,0.387,-0.503,-0.0281,0.4094,-1.32,-0.09045,7.094,1.244,0.8,0.292,0.617,-0.07544,1.6,0.1932,0.2754,-0.2559,0.4434,-0.3735,0.2878,0.002193,-0.2593,-0.1931,0.5923,-0.0906,-0.2563,-0.2795,0.1678,-0.9805,0.41,-0.3357,0.11237,-0.517,-0.1323,-1.487,-0.5713,0.4854,-0.0387,-0.699,-0.4539,0.4336,-0.1782,0.3054,-0.1062,0.02948,0.3142,0.01884,-0.68,0.02246,-0.5913,0.1537,-0.2783,0.4233,-0.001249,-0.1196,-0.04398,0.682,-0.7134,0.1409,-0.2522,1.669,-0.4539,0.0367,0.6,-0.2327,-0.2524,1.32,-0.379,-0.649,0.009735,0.1649,0.1233,0.7275,0.6216,-0.1705,0.5347,0.2905,0.811,0.2864,0.1445,0.5264,0.2927,-1.811,0.1621,0.04922,0.244,-0.1934,-1.135,-0.456,0.1641,0.619,0.601,-0.1992,-0.06714,0.1223,-0.065,-0.6855,0.1357,-0.3726,0.3145,-0.2676,0.4585,0.1477,0.2114,-0.528,-1.156,0.2197,0.283,0.02855,-0.9165,0.04025,-0.1774,0.5166,0.7866,0.1586,0.7344,0.2045,-0.0788,0.4766,0.18,-3.42,-0.892,0.2396,-0.2756,-0.9077,-0.1812,-0.3723
0,-0.006298,0.2607,-0.2715,0.2432,-0.1415,0.1562,-0.1993,1.294,-0.1993,0.744,-0.877,-0.613,-0.184,-0.1251,0.178,0.1686,-0.3418,0.1349,0.3923,-0.1533,-0.3582,1.049,0.3398,-0.9946,0.311,-0.6646,-2.156,-0.2546,-0.2822,0.1088,-0.2798,0.1259,-0.1593,0.3745,-0.6772,-0.2996,-0.0735,0.645,0.516,0.03503,0.2727,-0.1185,0.6094,0.7104,0.1984,-0.1058,-0.2603,0.0001645,-0.00904,0.0939,0.3567,-0.1951,-0.445,1.11,0.3704,0.10736,-0.12476,0.3894,-0.014725,0.0723,2.988,0.4546,-0.218,-8.36,-0.3296,0.2495,0.619,0.132,-0.1819,0.4924,0.5503,-0.2905,7.17,-0.831,0.6553,0.3086,0.07196,1.058,1.167,0.1936,0.3513,0.1332,0.2189,0.1868,0.0362,-0.04767,-0.2832,0.303,-0.1841,-0.2074,0.03116,-0.661,0.0319,0.209,-0.2625,1.401,-0.05423,-0.4463,0.4646,-3.06,-0.4495,0.951,0.01799,0.301,-0.4539,-0.9116,-0.4949,0.004913,0.04086,0.1663,0.2544,0.3508,-0.331,-0.2551,-0.451,-0.1398,-0.7505,-0.649,0.1543,-0.2113,0.0675,0.7246,-0.1124,0.6636,-0.0321,1.164,-0.2776,0.1388,-0.02,0.212,-0.3022,0.387,0.9097,0.00712,0.01804,-0.008064,-0.5107,-0.278,-1.919,-0.1989,-0.01959,0.4055,0.1842,0.02092,0.561,-0.3398,-0.04742,-1.584,0.02327,-0.4585,0.03326,-0.2073,-0.581,-0.2893,0.4353,-0.012566,0.6772,-0.6665,-0.09076,0.2174,-0.003654,-0.4048,-0.4287,-0.2258,0.2334,-0.02321,-0.8145,-0.04947,-0.3818,-0.2102,-0.4531,0.96,-0.1595,0.05573,0.428,-0.341,0.09125,-0.0549,0.348,0.0793,-0.04056,-0.4985,0.2788,-0.292,-0.247,2.531,-0.737,0.292,-0.04056,0.03256,-0.334,-0.4792
0,0.01898,0.4287,-0.2727,0.3137,-0.02676,0.2041,-0.3037,1.193,-0.1858,0.7065,-0.825,-0.605,-0.11523,-0.1976,0.1696,0.00918,-0.3535,0.08057,0.4968,-0.277,-0.3145,1.074,0.09314,-0.896,0.1666,-0.68,-2.215,-0.1628,-0.1157,0.03928,-0.3772,0.243,-0.10406,0.5693,-0.4004,-0.11444,-0.010666,0.644,0.4446,-0.0609,0.309,-0.0977,0.6626,0.6494,0.2578,0.1913,-0.2236,-0.1309,0.006165,-0.006126,0.11414,-0.10834,-0.4712,1.182,0.2747,-0.08075,-0.1909,0.509,-0.1796,0.0134,2.97,0.5093,-0.2245,-8.36,-0.4297,0.2006,0.468,0.1263,0.07513,0.611,0.4458,-0.3423,7.348,-0.5986,0.7646,0.2554,-0.0317,1.112,1.086,0.1334,0.2903,0.2617,0.2583,0.2435,0.04788,-0.1477,-0.2603,0.3147,-0.258,-0.1869,-0.0885,-0.741,0.2313,0.2183,-0.1173,1.481,0.05853,-0.534,0.293,-2.809,-0.2275,1.037,0.0303,0.1863,-0.5215,-1.042,-0.522,-0.11444,0.03818,0.3037,0.1143,0.272,-0.3438,-0.2307,-0.369,-0.02321,-0.7544,-0.4792,0.3125,-0.3232,-0.00909,0.663,-0.1315,0.534,0.0007715,1.169,-0.277,0.151,-0.1191,0.11035,-0.2074,0.2351,0.882,-0.2057,-0.03036,-0.001289,-0.455,-0.2927,-1.904,-0.1055,0.0457,0.2673,0.398,0.04562,0.4434,-0.2944,-0.151,-1.723,0.0652,-0.371,0.0676,-0.1697,-0.719,-0.4946,0.3894,0.02951,0.3533,-0.4485,-0.1702,0.0711,0.02162,-0.1208,-0.3958,-0.2722,0.3691,-0.086,-0.725,-0.095,-0.5366,-0.296,-0.3079,1.028,-0.02853,0.1095,0.5557,-0.374,0.06647,-0.1764,0.21,0.2393,-0.07513,-0.3337,0.1296,-0.05515,-0.526,2.453,-0.6113,0.1581,-0.05115,-0.01403,-0.448,-0.4321
1,-0.0655,0.02728,-0.402,0.4805,0.0802,0.1257,-0.722,-0.284,-0.2385,0.2228,1.17,-0.271,-0.04312,0.325,-0.5605,0.04736,0.3447,0.3865,0.5034,-0.7065,-0.4734,-2.242,-0.57,-0.5073,0.9106,1.064,2.498,-0.232,0.01788,0.2683,0.43,1.281,-0.2979,0.4822,-0.753,-0.05264,0.4597,0.7954,-0.9697,0.0773,-0.02582,-0.015434,-0.03583,0.2615,0.5547,0.03238,0.225,0.549,0.06137,0.632,0.8555,-0.3223,-0.03918,0.08875,-0.2625,-0.5474,0.0927,0.2537,-1.19,-0.02208,-1.801,0.422,0.05753,-7.77,-0.8687,0.9624,0.3853,-0.39,0.003061,0.601,-1.1455,0.0629,7.074,1.034,0.8594,0.2585,0.4004,-0.1516,1.619,0.07825,0.2703,-0.32,0.8027,-0.3003,0.1901,0.1713,-0.4104,-0.1885,0.652,-0.2705,-0.2852,-0.03516,0.297,-0.9966,0.4282,-0.3843,0.101,-0.4211,-0.1145,-1.677,-0.583,0.388,-0.006565,-0.582,-0.3843,0.544,-0.1124,0.1707,-0.1399,0.04956,0.624,0.1114,-0.408,-0.1504,-0.565,-0.0693,-0.5073,0.522,-0.1131,-0.11395,-0.07416,0.577,-0.6523,0.182,-0.4182,1.777,-0.398,0.1283,0.5605,0.1051,-0.2913,1.321,-0.524,-0.565,-0.08093,-0.002346,0.04144,0.8027,0.3684,-0.2478,0.615,0.1583,1.093,0.1578,0.1675,0.4795,0.4739,-1.941,0.08795,0.10254,0.2815,-0.147,-1.278,-0.4067,0.005226,0.5107,0.71,-0.2489,0.03424,0.0382,-0.10724,-0.611,0.311,-0.6216,0.2815,-0.2822,0.672,0.04935,0.2341,-0.547,-0.9976,0.3933,0.409,0.06903,-0.888,0.10675,-0.1265,0.1304,0.8276,0.1748,0.566,0.1886,-0.2183,0.528,0.11285,-3.2,-0.8613,0.1136,-0.1832,-1.001,-0.0653,-0.5854
1,0.383,-0.1245,-0.183,0.3003,0.1055,-0.153,-0.74,-0.05618,-0.306,0.1697,0.9346,-0.2937,-0.1282,0.0534,-0.3176,0.000133,0.254,0.393,0.2893,-0.558,-0.4011,-2.463,-0.298,-0.739,0.83,1.281,2.088,-0.07367,0.3103,0.2036,0.4014,0.95,-0.07825,0.2722,-0.7954,0.0936,0.273,0.684,-0.648,-0.1744,-0.1115,-0.1637,-0.445,0.4294,0.299,0.07916,0.427,0.542,0.2062,0.7446,0.8516,-0.499,-0.2086,0.3542,-0.03156,-0.6133,0.04236,0.2656,-1.116,-0.2576,-1.839,0.3176,-0.013794,-8.02,-0.5405,0.864,0.2466,-0.4072,0.01678,0.2917,-1.438,-0.05768,7.605,1.2,0.8716,0.2515,0.651,0.1908,1.484,0.0437,0.02223,-0.3657,0.3298,-0.16,0.3208,0.1625,-0.1247,-0.0666,0.4612,-0.02908,-0.3025,-0.2435,0.05304,-0.8066,0.3462,-0.3416,0.3606,-0.4087,-0.08484,-1.611,-0.3171,0.3855,0.01395,-0.4038,-0.2688,0.465,-0.273,0.12286,-0.1849,0.0589,0.2534,0.09534,-0.6616,0.1288,-0.4163,0.159,-0.005127,0.52,-0.04367,-0.12067,-0.1882,0.5293,-0.701,0.2527,-0.0727,1.22,-0.3438,0.02191,0.546,-0.0624,-0.1184,1.419,-0.3777,-0.4575,0.0764,0.1562,-0.03017,0.563,0.731,-0.1907,0.7124,0.277,0.694,0.2532,0.05063,0.4062,0.03525,-1.701,0.2286,0.003813,0.1792,-0.3188,-0.8374,-0.3281,-0.03738,0.376,0.524,-0.07837,-0.1537,0.00839,-0.12317,-0.4377,-0.019,-0.3127,0.2788,-0.278,0.2228,0.083,0.12384,-0.593,-1.027,0.16,0.2102,0.0793,-0.8433,-0.02911,-0.1356,0.6704,0.5415,0.1384,0.717,0.2161,0.0322,0.507,0.3958,-3.236,-0.765,0.2283,-0.1051,-0.6313,-0.2627,-0.3403
1,0.2014,-0.118,-0.19,0.441,0.199,-0.07214,-0.6504,-0.0716,-0.3918,0.2216,0.7886,-0.2979,-0.1036,0.2815,-0.4868,-0.06445,0.346,0.3079,0.3074,-0.6367,-0.4028,-2.33,-0.5293,-0.6323,0.9565,1.234,2.285,-0.07275,0.1047,0.2866,0.4175,1.151,-0.2507,0.3372,-0.8564,0.09045,0.413,0.774,-0.968,-0.07855,-0.1495,-0.09644,-0.2815,0.2318,0.549,0.1599,0.2854,0.4468,0.1239,0.6074,0.8765,-0.2773,-0.1919,0.131,-0.1453,-0.6387,-0.05737,0.1346,-1.161,-0.1661,-1.784,0.324,0.2074,-7.97,-0.629,0.8003,0.313,-0.531,-0.0716,0.3125,-1.224,-0.02174,7.363,1.142,0.8354,0.4277,0.611,0.028,1.603,0.01109,0.1292,-0.3586,0.4797,-0.3245,0.3914,0.2698,-0.3533,-0.1483,0.5527,-0.1853,-0.3882,-0.1385,0.06204,-0.8877,0.3716,-0.4148,0.1526,-0.4358,-0.05753,-1.561,-0.5186,0.223,-0.01924,-0.6147,-0.337,0.537,0.01393,0.1909,-0.2512,-0.00756,0.5776,0.3472,-0.4534,0.1393,-0.544,0.0531,-0.2515,0.5337,-0.1824,-0.01078,-0.1663,0.679,-0.5933,0.357,-0.2234,1.615,-0.3877,-0.05698,0.612,0.1171,-0.1549,1.316,-0.4556,-0.4172,-0.004997,0.192,-0.02655,0.667,0.5557,-0.2659,0.611,0.3638,0.755,0.06024,0.1004,0.53,0.2664,-1.828,0.04355,0.08704,0.4077,-0.175,-0.91,-0.3235,-0.00407,0.594,0.565,-0.06537,-0.129,-0.01345,-0.0429,-0.4824,0.1715,-0.4436,0.2021,-0.2534,0.3735,0.1396,0.01688,-0.654,-0.941,0.5317,0.2401,-0.02873,-0.884,0.03836,-0.1458,0.4705,0.6143,0.08484,0.6606,0.1501,-0.0717,0.378,0.342,-3.268,-0.822,0.1034,-0.1455,-0.7236,-0.1937,-0.3591
0,0.03072,0.2284,-0.2471,0.2876,-0.1405,0.1477,-0.1643,1.323,-0.2365,0.7476,-0.822,-0.5967,-0.2169,-0.09485,0.1732,0.1511,-0.3242,0.111,0.3782,-0.1666,-0.312,1.021,0.2527,-1.011,0.2834,-0.6943,-2.125,-0.2769,-0.304,0.12177,-0.2773,0.1764,-0.2062,0.387,-0.657,-0.3032,-0.06064,0.6064,0.459,0.003622,0.2284,-0.0867,0.621,0.716,0.2408,-0.1398,-0.269,-0.01069,-0.07605,0.05963,0.3252,-0.1201,-0.419,1.051,0.3137,0.08514,-0.10583,0.3586,-0.006214,0.0961,2.979,0.4678,-0.1512,-8.44,-0.3713,0.2156,0.61,0.15,-0.1515,0.457,0.597,-0.2754,7.25,-0.795,0.6206,0.278,0.08966,1.081,1.23,0.1758,0.3225,0.1387,0.2439,0.1866,0.03342,-0.0413,-0.2827,0.2703,-0.1895,-0.2263,-0.02905,-0.6733,0.0642,0.2223,-0.2554,1.402,-0.06018,-0.4316,0.4348,-2.96,-0.4426,0.9106,-0.00467,0.2314,-0.4478,-0.9,-0.472,-0.0009174,0.0805,0.2172,0.2932,0.3442,-0.3118,-0.2896,-0.4497,-0.1294,-0.7974,-0.6313,0.1667,-0.1884,0.0525,0.689,-0.1285,0.606,-0.06726,1.1455,-0.3313,0.1842,0.01507,0.2283,-0.2734,0.3906,0.9067,-0.00072,-0.02539,0.04617,-0.472,-0.258,-1.868,-0.1995,-0.03592,0.4016,0.2261,-0.02951,0.5,-0.2888,-0.0249,-1.596,0.02544,-0.4727,0.0735,-0.1655,-0.6313,-0.32,0.4077,0.001846,0.561,-0.583,-0.07,0.1558,0.03372,-0.3506,-0.391,-0.2236,0.2373,-0.03217,-0.7754,-0.05914,-0.43,-0.1597,-0.4136,0.9673,-0.11896,0.1053,0.4243,-0.3718,0.0786,-0.03442,0.2905,0.0522,-0.0647,-0.4387,0.2231,-0.2625,-0.2365,2.494,-0.686,0.1858,-0.00447,0.0471,-0.305,-0.436
1,-0.1381,0.0653,-0.4065,0.4888,0.0754,0.1791,-0.753,-0.3816,-0.2327,0.2445,1.141,-0.3604,-0.1278,0.445,-0.3508,0.04196,0.3523,0.3098,0.5503,-0.6533,-0.3564,-2.354,-0.5845,-0.12305,0.9165,1.056,2.33,-0.2815,0.02515,0.299,0.341,1.264,-0.388,0.4553,-0.691,0.02258,0.5024,0.913,-0.945,0.1378,-0.2073,0.04556,-0.03056,0.2065,0.6274,0.2181,0.0698,0.575,0.0349,0.522,0.919,-0.1366,-0.0932,0.10706,-0.2391,-0.509,-0.03375,0.1451,-1.252,0.0961,-1.679,0.347,0.1782,-7.938,-0.8984,0.7812,0.2081,-0.4768,-0.006504,0.5117,-1.232,0.07214,7.176,0.953,0.746,0.06256,0.498,-0.01206,1.427,0.04327,0.1764,-0.1698,0.7285,-0.26,0.10254,0.1771,-0.2507,-0.1923,0.719,-0.3604,-0.351,-0.1578,0.2737,-1.04,0.4028,-0.4087,0.1821,-0.4521,-0.10815,-1.892,-0.417,0.4536,0.01536,-0.652,-0.1421,0.557,0.05988,0.1045,-0.1392,0.1754,0.5586,0.2832,-0.2332,-0.294,-0.566,-0.01628,-0.3794,0.662,-0.2058,-0.0189,-0.10767,0.4604,-0.4294,0.101,-0.4897,1.606,-0.3413,0.0571,0.4797,0.368,-0.3972,1.162,-0.421,-0.7026,-0.315,0.0684,0.1323,0.811,0.5312,-0.201,0.7324,0.1675,1.143,0.0797,0.11633,0.4956,0.4207,-2.066,0.005566,0.1356,0.2612,-0.289,-1.172,-0.3838,-0.02158,0.3796,0.6553,-0.09064,0.10864,-0.12195,-0.0824,-0.4534,0.1833,-0.592,0.3357,-0.1696,0.6577,-0.0756,0.01017,-0.628,-0.822,0.381,0.5356,0.08685,-0.719,0.1587,0.1365,0.1367,0.743,0.05817,0.461,0.2056,-0.301,0.333,0.137,-3.11,-0.672,0.1323,-0.1666,-0.944,-0.03763,-0.6323
0,-0.01287,0.3093,-0.2083,0.3342,-0.1464,0.154,-0.2192,1.288,-0.2424,0.773,-0.8745,-0.579,-0.2194,-0.0954,0.2317,0.127,-0.3286,0.1565,0.371,-0.1512,-0.2793,0.9575,0.266,-0.9355,0.2944,-0.676,-2.113,-0.2532,-0.2893,0.0938,-0.2815,0.141,-0.2324,0.3457,-0.6543,-0.318,-0.01682,0.576,0.4692,-0.04825,0.2118,-0.10443,0.58,0.736,0.2678,-0.0783,-0.2347,-0.01608,-0.054,0.002907,0.347,-0.0846,-0.409,1.073,0.376,0.0904,-0.1388,0.3755,-0.04648,0.07324,2.94,0.4082,-0.1786,-8.484,-0.3564,0.1711,0.556,0.183,-0.1675,0.4363,0.547,-0.3018,7.336,-0.795,0.594,0.2925,0.1251,1.07,1.163,0.1481,0.2559,0.116,0.1923,0.1724,0.01187,-0.0441,-0.263,0.286,-0.275,-0.2134,-0.01531,-0.6616,0.0754,0.2137,-0.2346,1.377,-0.05307,-0.4683,0.4326,-2.947,-0.3755,0.9277,0.06683,0.2141,-0.4377,-0.881,-0.5293,-0.0527,0.0381,0.1956,0.2588,0.35,-0.2842,-0.2106,-0.4238,-0.0753,-0.7295,-0.5845,0.1589,-0.1722,0.04996,0.7285,-0.1354,0.604,-0.002573,1.1045,-0.28,0.1782,-0.02826,0.1892,-0.2294,0.3892,0.889,0.01518,-0.007652,0.05716,-0.454,-0.2605,-1.823,-0.1599,-0.0779,0.3757,0.1887,-0.02556,0.4934,-0.2805,-0.05634,-1.589,0.02492,-0.4958,0.0662,-0.1855,-0.5645,-0.303,0.3936,0.02025,0.5635,-0.5947,-0.0919,0.132,0.01031,-0.312,-0.365,-0.2087,0.2603,-0.02133,-0.8013,-0.0816,-0.4363,-0.1631,-0.3682,0.9536,-0.2034,0.10205,0.4548,-0.3315,0.09625,0.010796,0.2507,0.0656,-0.0503,-0.425,0.2363,-0.2915,-0.3174,2.47,-0.666,0.2272,-0.01005,0.05386,-0.3274,-0.414
1,0.2925,-0.2576,-0.2153,0.0972,-0.0964,-0.1576,-0.6777,-0.03668,-0.303,0.3186,0.715,-0.1399,-0.3188,0.01406,-0.0759,-0.1174,0.11707,0.271,0.0908,-0.3472,-0.2725,-2.615,-0.2043,-0.6323,0.729,1.278,1.553,0.0474,0.2479,0.0862,0.498,0.795,0.0318,0.1512,-0.676,0.1035,0.0714,0.5347,-0.3203,-0.1077,-0.3027,-0.4185,-0.533,0.5117,0.1488,0.1417,0.4016,0.41,0.2367,0.523,0.9473,-0.2397,-0.0989,0.2051,-0.0639,-0.701,-0.00817,0.126,-1.043,-0.1199,-1.469,0.2627,0.2184,-8.42,-0.3293,0.6714,0.09985,-0.292,0.0315,0.2118,-1.318,0.04413,8.01,0.9316,0.679,0.1667,0.643,0.5083,1.212,0.04782,0.0337,-0.447,0.4153,-0.0752,0.385,0.1982,0.0186,0.06964,0.419,-0.01187,-0.2559,-0.0739,-0.03842,-0.603,0.3057,-0.4475,0.3838,-0.2153,-0.005844,-1.907,-0.2216,0.1759,-0.03473,-0.1882,-0.0119,0.6143,-0.1403,-0.09735,-0.1714,0.1608,0.2715,0.3215,-0.542,0.15,-0.3977,0.01785,0.1512,0.5625,-0.2415,-0.06146,-0.1511,0.1586,-0.555,0.357,-0.01006,0.686,-0.2844,0.1144,0.3354,0.2515,0.142,1.521,-0.2954,-0.2125,-0.05908,0.1902,-0.0757,0.4214,0.89,-0.36,0.8745,-0.00238,0.4353,0.10297,-0.02443,0.3586,0.02141,-1.711,0.3657,-0.0746,0.165,-0.559,-0.546,-0.2064,-0.06232,0.2289,0.348,0.002272,-0.0791,-0.01982,-0.09064,-0.1793,-0.148,-0.2222,0.1527,-0.2993,0.1868,-0.0292,-0.0355,-0.3313,-0.925,0.0867,0.04663,0.2505,-0.8066,-0.1418,-0.08167,0.787,0.4155,0.11163,0.561,0.2361,0.0987,0.4407,0.4548,-2.828,-0.693,0.06415,-0.00833,-0.362,-0.1404,-0.2249
1,0.2369,-0.0691,-0.227,0.4546,0.1484,-0.02705,-0.7734,-0.139,-0.43,0.1847,0.833,-0.316,-0.1539,0.1437,-0.3586,0.0251,0.3528,0.354,0.2964,-0.5967,-0.3655,-2.285,-0.4397,-0.4841,0.8525,1.297,2.213,-0.1488,0.2103,0.2688,0.3772,1.017,-0.241,0.2698,-0.736,0.2467,0.3494,0.6064,-0.7993,-0.04395,-0.1692,-0.1169,-0.2983,0.2744,0.3455,0.2355,0.4067,0.483,0.1315,0.6147,0.8325,-0.3145,-0.261,0.2493,-0.0344,-0.703,-0.02364,0.1859,-1.084,-0.1669,-1.766,0.3281,0.07184,-8.01,-0.6245,0.8315,0.2632,-0.476,-0.0693,0.3254,-1.393,-0.0359,7.645,1.104,0.866,0.3013,0.608,0.03693,1.423,-0.02898,0.0669,-0.3894,0.455,-0.2065,0.371,0.2612,-0.2267,-0.08405,0.405,-0.07935,-0.284,-0.2627,0.0933,-0.9014,0.323,-0.374,0.26,-0.358,-0.00343,-1.674,-0.3762,0.3867,-0.05203,-0.429,-0.2395,0.4927,-0.1514,0.1252,-0.2812,0.0515,0.4404,0.1675,-0.625,0.1174,-0.4258,0.1539,-0.0762,0.633,-0.1041,-0.07715,-0.2142,0.641,-0.7017,0.3057,-0.1332,1.478,-0.2686,-0.04736,0.584,0.0534,-0.2194,1.324,-0.491,-0.4282,0.0561,0.142,0.00229,0.673,0.6357,-0.2278,0.662,0.2375,0.8604,0.1027,0.0359,0.4297,0.1203,-1.744,0.1473,0.09247,0.2401,-0.304,-0.905,-0.2998,-0.05743,0.4243,0.4336,-0.05154,-0.2318,-0.04758,-0.157,-0.4092,0.05,-0.384,0.2498,-0.2495,0.3718,0.1141,0.11224,-0.653,-0.917,0.3728,0.2734,-0.01348,-0.792,0.03099,-0.1556,0.4336,0.4917,0.07855,0.651,0.2407,0.04376,0.4854,0.3306,-3.172,-0.743,0.2019,-0.0802,-0.7085,-0.2347,-0.3943
1,0.2131,0.07275,-0.2742,0.514,0.2365,-0.1301,-0.731,-0.2252,-0.3596,0.2676,0.85,-0.4631,-0.0479,0.445,-0.4548,0.1111,0.4402,0.371,0.4807,-0.711,-0.3801,-2.25,-0.511,-0.404,1.05,1.211,2.592,-0.1907,0.1595,0.3528,0.365,1.109,-0.4011,0.4717,-0.68,0.10944,0.6045,0.9004,-1.057,-0.0508,-0.1694,0.023,-0.3557,0.15,0.6016,0.1852,0.2563,0.5747,0.03842,0.758,1.024,-0.3977,-0.2747,0.2725,-0.1172,-0.6333,-0.10834,0.2576,-1.261,-0.10614,-1.922,0.3582,0.0809,-7.63,-0.835,0.801,0.2439,-0.621,-0.2473,0.3755,-1.44,-0.0679,7.04,1.221,0.943,0.4197,0.6064,-0.1359,1.59,-0.00828,0.1385,-0.3171,0.493,-0.2703,0.337,0.2113,-0.2847,-0.2966,0.5522,-0.235,-0.4138,-0.2966,0.04968,-1.062,0.3352,-0.4583,0.2986,-0.4849,-0.0807,-1.566,-0.4614,0.529,-0.037,-0.7124,-0.3306,0.563,0.0627,0.3557,-0.3127,-0.0622,0.45,0.304,-0.4548,-0.0892,-0.616,0.3154,-0.293,0.593,-0.09827,0.01921,-0.1849,0.866,-0.62,0.1395,-0.2786,1.73,-0.2734,-0.0002354,0.6426,0.02412,-0.3677,1.277,-0.5303,-0.748,-0.0628,0.2356,0.1174,0.7427,0.562,-0.2262,0.6426,0.339,0.995,0.11053,0.1326,0.4321,0.3481,-1.903,0.02446,0.11456,0.2313,-0.256,-0.9805,-0.4302,0.003014,0.5312,0.733,-0.02428,-0.1897,-0.03186,-0.11395,-0.6084,0.1109,-0.3904,0.3406,-0.2039,0.566,0.1394,-0.02515,-0.813,-1.011,0.4412,0.3694,-0.1742,-0.8726,0.1687,0.008316,0.3652,0.6855,0.04947,0.6694,0.2076,-0.1271,0.3374,0.2786,-3.299,-0.815,0.2339,-0.1982,-0.8926,-0.2507,-0.516
1,-0.05356,0.132,-0.4207,0.4434,0.1465,0.1262,-0.65,-0.3499,-0.1837,0.2152,1.167,-0.411,0.09076,0.4248,-0.4954,0.2017,0.3691,0.3296,0.577,-0.721,-0.5176,-2.168,-0.5117,-0.3547,1.045,1.066,2.613,-0.1676,0.08167,0.218,0.3538,1.14,-0.2927,0.6133,-0.6367,-0.1293,0.6074,0.8745,-0.961,0.0585,-0.04736,0.04324,-0.1215,0.244,0.5923,0.001838,0.1654,0.567,0.07837,0.7036,1.011,-0.4304,-0.0828,0.1847,-0.229,-0.4885,0.04886,0.322,-1.286,0.04422,-1.845,0.4678,-0.0432,-7.63,-0.9478,0.899,0.3252,-0.405,-0.0964,0.6416,-1.238,0.05313,6.887,1.099,0.908,0.307,0.4146,-0.183,1.597,0.1383,0.424,-0.2893,0.7354,-0.3538,0.10834,0.1274,-0.377,-0.3376,0.695,-0.2627,-0.285,0.00237,0.2115,-1.133,0.3708,-0.4143,0.216,-0.4536,-0.091,-1.689,-0.5386,0.59,0.05957,-0.696,-0.4258,0.6094,0.01753,0.2908,-0.06793,-0.00766,0.5244,0.0654,-0.4111,-0.2395,-0.6484,0.015495,-0.561,0.4028,-0.02301,-0.1647,0.02959,0.664,-0.699,0.0211,-0.3745,1.8545,-0.2384,0.1891,0.5625,-0.03525,-0.391,1.277,-0.5854,-0.754,-0.13,-0.00702,0.0641,0.764,0.339,-0.195,0.5435,0.1475,1.1,0.256,0.2888,0.3933,0.5337,-1.993,0.01283,0.098,0.1525,-0.1921,-1.268,-0.4805,0.05478,0.5044,0.8486,-0.3018,0.01157,0.0792,-0.1543,-0.7773,0.3774,-0.6055,0.352,-0.1965,0.812,-0.01918,0.283,-0.6104,-1.047,0.2423,0.4644,-0.06235,-0.8394,0.223,-0.03403,0.1098,0.9307,0.11334,0.578,0.1537,-0.314,0.3794,0.05978,-3.225,-0.9043,0.1824,-0.235,-1.158,-0.1267,-0.633
0,-0.0806,0.2993,-0.3047,0.2527,-0.1196,0.249,-0.1707,1.216,-0.1747,0.7456,-0.8438,-0.6187,-0.1914,-0.1425,0.2021,0.1722,-0.3362,0.1251,0.389,-0.1932,-0.3516,1.075,0.339,-0.9365,0.2798,-0.678,-2.168,-0.2417,-0.267,0.0997,-0.3198,0.1794,-0.1387,0.4265,-0.6167,-0.296,-0.0562,0.6475,0.4978,0.0674,0.2668,-0.0945,0.6523,0.6953,0.2324,-0.05325,-0.2817,-0.00915,-0.002192,0.07043,0.3179,-0.1951,-0.4067,1.071,0.3445,0.1075,-0.1382,0.3818,-0.02684,0.1083,2.99,0.4636,-0.2256,-8.34,-0.3472,0.2136,0.6123,0.1138,-0.1648,0.514,0.5786,-0.2489,7.188,-0.8516,0.66,0.2722,0.0505,1.053,1.168,0.211,0.3818,0.11957,0.2347,0.2128,-0.06305,-0.06616,-0.3237,0.2864,-0.1877,-0.2114,0.02205,-0.635,0.04907,0.144,-0.2269,1.425,-0.07336,-0.457,0.4836,-3.074,-0.452,1.009,0.04163,0.2583,-0.4888,-0.886,-0.4546,-0.02081,0.04956,0.1791,0.2289,0.3335,-0.3447,-0.2856,-0.4307,-0.1735,-0.746,-0.611,0.18,-0.2266,0.1122,0.7095,-0.1056,0.5723,-0.02788,1.197,-0.2495,0.1215,-0.02464,0.2316,-0.3025,0.3613,0.8945,-0.02267,-0.014595,-0.04514,-0.487,-0.2394,-1.936,-0.1627,-0.08185,0.3645,0.2167,0.00597,0.58,-0.302,-0.05386,-1.697,-0.0471,-0.477,0.01026,-0.2146,-0.616,-0.296,0.4626,0.0371,0.6543,-0.715,-0.06354,0.222,0.02878,-0.404,-0.3738,-0.2454,0.2595,-0.02234,-0.731,-0.0432,-0.356,-0.256,-0.402,0.967,-0.1593,0.0367,0.4814,-0.3198,0.1283,-0.1353,0.3442,0.1189,-0.06287,-0.464,0.2507,-0.2438,-0.3157,2.514,-0.6753,0.2461,-0.0424,-0.013855,-0.318,-0.524
0,-0.3518,0.4128,-0.407,0.2004,0.01237,0.4314,-0.02432,0.9585,-0.002773,0.76,-0.81,-0.847,-0.01389,-0.3376,0.2898,0.2119,-0.24,0.1589,0.535,-0.2688,-0.4458,1.137,0.523,-0.8613,0.2722,-0.6865,-2.049,-0.1974,-0.07587,0.0804,-0.4265,0.175,-0.1208,0.4985,-0.4666,-0.1809,-0.02788,0.7056,0.4348,0.1998,0.1775,0.01877,0.6133,0.7046,0.1841,0.3486,-0.3418,0.01897,0.0927,0.1187,0.149,-0.316,-0.4194,1.187,0.337,0.1273,-0.2134,0.4895,0.00439,0.04788,2.895,0.4119,-0.3557,-8.22,-0.3523,0.1278,0.6836,0.01285,-0.06805,0.669,0.607,-0.3203,7.035,-0.8257,0.791,0.1799,-0.1069,0.928,1.034,0.2834,0.6216,0.11835,0.1852,0.08923,-0.10583,-0.1392,-0.2961,0.2966,-0.11206,-0.11,0.2109,-0.614,0.08417,-0.09125,-0.2351,1.4795,-0.0759,-0.4988,0.521,-3.193,-0.4956,1.106,0.1643,0.3037,-0.3826,-0.947,-0.3286,-0.04483,0.01581,0.1401,-0.005444,0.271,-0.4485,-0.2659,-0.384,-0.0441,-0.6323,-0.515,0.3164,-0.3857,0.1316,0.7705,0.01721,0.3992,0.1054,1.395,-0.1578,-0.0815,-0.0657,0.1349,-0.3813,0.2067,0.8745,-0.261,0.004215,-0.2922,-0.596,-0.1852,-2.133,-0.1481,-0.1375,0.325,0.3013,0.2336,0.7627,-0.3528,-0.04837,-1.782,-0.2668,-0.368,-0.178,-0.2124,-0.805,-0.2452,0.442,0.0846,0.7686,-0.9854,-0.0739,0.438,0.006058,-0.4136,-0.3213,-0.2646,0.4167,0.05234,-0.668,-0.0637,-0.2942,-0.58,-0.3728,0.7686,-0.1576,-0.03912,0.69,-0.2203,0.12067,-0.3782,0.4006,0.2186,-0.05615,-0.4778,0.3728,-0.0878,-0.5825,2.41,-0.7617,0.3616,0.002274,-0.277,-0.2258,-0.685
1,0.0721,0.0802,-0.4163,0.4944,0.1462,0.11005,-0.656,-0.219,-0.3003,0.2632,1.138,-0.402,-0.05707,0.326,-0.432,0.09174,0.3118,0.2786,0.4863,-0.5903,-0.436,-2.281,-0.513,-0.331,0.912,1.122,2.459,-0.1844,0.07043,0.2499,0.3916,1.282,-0.3667,0.57,-0.7427,0.02441,0.4163,0.759,-0.867,0.014565,-0.06213,-0.01778,-0.2532,0.3235,0.519,0.098,0.285,0.589,0.0864,0.7354,0.901,-0.371,-0.1031,0.262,-0.2306,-0.508,0.08984,0.2588,-1.243,-0.1002,-1.775,0.457,0.07983,-7.824,-0.8945,0.868,0.2585,-0.3635,-0.02597,0.5405,-1.331,0.03656,7.152,1.122,0.9155,0.1809,0.4565,-0.0887,1.379,0.0884,0.1804,-0.3528,0.6406,-0.2874,0.246,0.1506,-0.2568,-0.2306,0.6562,-0.1726,-0.3152,-0.07074,0.308,-1.035,0.3347,-0.301,0.2263,-0.4636,-0.1671,-1.72,-0.4648,0.5723,0.005287,-0.546,-0.4148,0.4653,-0.1713,0.2222,-0.10065,0.1184,0.4849,0.10675,-0.4524,-0.2048,-0.5645,-0.00849,-0.391,0.4854,-0.01021,-0.1652,-0.02275,0.523,-0.695,0.1189,-0.3225,1.646,-0.358,0.1364,0.547,0.04684,-0.316,1.25,-0.4004,-0.682,-0.1613,0.04202,-0.02971,0.799,0.5356,-0.1746,0.6157,0.1595,1.142,0.2063,0.1263,0.509,0.3188,-1.871,0.0996,-0.002674,0.234,-0.2732,-1.169,-0.4587,-0.00463,0.4849,0.6626,-0.2001,0.00561,-0.004845,-0.1663,-0.5796,0.1973,-0.482,0.4255,-0.2365,0.6396,0.0676,0.1271,-0.601,-1.019,0.307,0.427,0.06604,-0.916,0.0982,-0.06168,0.2996,0.759,0.07806,0.5522,0.2212,-0.2218,0.394,0.1276,-3.316,-0.739,0.1805,-0.1444,-0.9375,-0.1793,-0.5317
1,0.0556,0.1421,-0.4119,0.4993,0.1744,0.0827,-0.708,-0.3096,-0.231,0.2335,1.135,-0.492,0.05856,0.443,-0.4448,0.2069,0.3298,0.3271,0.581,-0.777,-0.527,-2.252,-0.469,-0.34,1.095,1.147,2.693,-0.1925,0.1305,0.255,0.4382,1.088,-0.3518,0.6084,-0.6504,0.01888,0.5786,0.8936,-0.9077,0.04773,-0.0176,0.13,-0.284,0.325,0.56,0.02444,0.2522,0.638,0.073,0.749,1.018,-0.4546,-0.1583,0.3328,-0.2147,-0.5566,0.00872,0.42,-1.239,0.03403,-1.88,0.487,-0.05347,-7.633,-0.975,0.9185,0.3433,-0.4478,-0.1531,0.594,-1.373,-0.02763,6.84,1.109,0.968,0.194,0.5015,-0.2007,1.527,0.10175,0.3801,-0.2722,0.658,-0.4106,0.1729,0.1354,-0.3208,-0.422,0.616,-0.2122,-0.2318,-0.0843,0.2375,-1.122,0.3245,-0.4375,0.2369,-0.507,-0.10693,-1.712,-0.5405,0.648,-0.00856,-0.649,-0.438,0.566,-0.03348,0.3704,-0.1018,0.04285,0.403,0.07623,-0.4595,-0.2717,-0.6587,0.10394,-0.4702,0.4292,-0.01211,-0.1637,0.04837,0.704,-0.6465,0.09,-0.3745,1.818,-0.2642,0.1299,0.5547,-0.138,-0.352,1.245,-0.5195,-0.817,-0.1553,0.0473,0.1185,0.7056,0.4238,-0.1858,0.5586,0.1405,1.07,0.259,0.2715,0.4407,0.4973,-1.871,0.0863,0.1118,0.0626,-0.2637,-1.218,-0.524,0.02222,0.4768,0.8354,-0.3047,-0.04587,0.1027,-0.1517,-0.7847,0.2603,-0.4731,0.4102,-0.1797,0.733,0.009995,0.2383,-0.659,-1.105,0.222,0.463,-0.05682,-0.856,0.1904,0.0167,0.1375,0.857,0.0647,0.605,0.1699,-0.2228,0.3364,0.1332,-3.197,-0.8906,0.29,-0.268,-1.142,-0.11395,-0.6143
1,0.087,-0.117,-0.3064,0.4094,-0.04346,0.07697,-0.619,-0.0607,-0.307,0.1683,0.907,-0.2202,-0.1515,0.08545,-0.362,-0.03305,0.2593,0.3635,0.2272,-0.3838,-0.3872,-2.225,-0.3984,-0.5146,0.7715,1.14,2.031,-0.1929,0.0997,0.1262,0.3804,1.191,-0.1923,0.3066,-0.811,0.07794,0.1902,0.4363,-0.6934,-0.02419,-0.1521,-0.2194,-0.1986,0.3352,0.3115,0.1155,0.4993,0.4553,0.2076,0.584,0.8135,-0.2969,-0.0818,0.1719,-0.1531,-0.673,0.0933,0.0774,-1.1875,-0.2003,-1.604,0.3726,0.2249,-8.13,-0.6084,0.858,0.2866,-0.2683,0.1056,0.4214,-1.226,0.0791,7.78,1.09,0.777,0.237,0.4927,0.1702,1.298,0.1348,0.1089,-0.4265,0.605,-0.1783,0.3792,0.11505,-0.2258,0.0935,0.4841,0.02356,-0.2847,-0.0844,0.2683,-0.8057,0.3823,-0.2695,0.1848,-0.3152,-0.11615,-1.708,-0.4202,0.317,-0.05142,-0.3186,-0.344,0.4126,-0.2744,-0.045,-0.1501,0.1538,0.4941,0.1438,-0.6567,0.1328,-0.4011,-0.12476,-0.1495,0.498,-0.1053,-0.1505,-0.153,0.4062,-0.712,0.352,-0.1931,1.414,-0.3616,0.04733,0.4863,0.163,-0.159,1.355,-0.41,-0.3103,0.000719,0.089,-0.1326,0.71,0.596,-0.2886,0.6753,0.1677,0.8037,0.05493,-0.002424,0.4802,0.0988,-1.769,0.2119,0.01034,0.3179,-0.2471,-0.965,-0.2588,-0.0443,0.4617,0.3442,-0.1439,-0.05798,-0.06177,-0.232,-0.3906,0.0773,-0.4148,0.2313,-0.3867,0.354,0.1307,0.1952,-0.4446,-0.9805,0.4038,0.2054,0.1326,-0.904,-0.02989,-0.1984,0.543,0.601,0.132,0.629,0.1973,0.0542,0.5137,0.2322,-3.13,-0.6943,0.04474,0.01147,-0.6807,-0.2488,-0.405
1,-0.1277,0.05673,-0.4753,0.436,0.09467,0.1582,-0.604,-0.2712,-0.1958,0.1881,1.2295,-0.2852,-0.0752,0.3335,-0.389,0.04547,0.3767,0.3062,0.5127,-0.5938,-0.4421,-2.223,-0.5786,-0.3154,0.864,1.017,2.348,-0.2261,-0.07355,0.1997,0.399,1.437,-0.3503,0.61,-0.711,-0.1685,0.3667,0.78,-0.933,0.0867,-0.1406,-0.02809,-0.0795,0.277,0.583,0.03745,0.166,0.4565,0.01075,0.661,0.908,-0.1735,0.0008383,-0.000462,-0.27,-0.4475,0.1416,0.06683,-1.224,0.010506,-1.616,0.466,0.1294,-7.934,-0.8716,0.832,0.2424,-0.305,0.005062,0.5396,-1.185,0.11566,7.21,0.9766,0.89,0.2325,0.2957,-0.04294,1.457,0.05554,0.167,-0.2932,0.8413,-0.1498,0.1885,0.131,-0.3516,-0.12225,0.733,-0.2494,-0.362,0.03857,0.2354,-1.058,0.403,-0.305,0.2642,-0.3691,-0.11066,-1.776,-0.4458,0.4553,0.03674,-0.5605,-0.376,0.5474,-0.10046,0.1719,-0.01845,0.1148,0.6167,0.2096,-0.408,-0.264,-0.5684,-0.09863,-0.5093,0.4395,-0.04477,-0.11346,-0.0816,0.3801,-0.652,0.05444,-0.4407,1.678,-0.3457,0.1721,0.509,0.2449,-0.3987,1.275,-0.4622,-0.608,-0.235,-0.01607,-0.07776,0.8843,0.4292,-0.1918,0.668,0.1133,1.1455,0.1953,0.0878,0.4666,0.432,-1.911,-0.01124,0.03107,0.3123,-0.2319,-1.217,-0.358,-0.09656,0.3838,0.673,-0.1943,0.1394,-0.044,-0.0925,-0.532,0.3179,-0.607,0.365,-0.2588,0.7314,-0.02386,0.1835,-0.534,-1.009,0.2832,0.436,0.12164,-0.918,0.2058,-0.03384,0.1558,0.8545,0.0741,0.4739,0.1725,-0.336,0.423,0.10406,-3.08,-0.706,0.05664,-0.05768,-0.9097,-0.1385,-0.6226
0,-0.1433,0.3074,-0.3357,0.2234,-0.11975,0.264,-0.12134,1.144,-0.0817,0.7363,-0.7563,-0.708,-0.10596,-0.241,0.2433,0.16,-0.3066,0.134,0.3916,-0.1648,-0.3835,1.01,0.4268,-0.95,0.266,-0.746,-2.111,-0.2391,-0.2084,0.1147,-0.4084,0.1803,-0.1138,0.3928,-0.6274,-0.312,-0.06384,0.6494,0.4731,0.1055,0.2452,-0.0782,0.6245,0.6875,0.2228,0.02376,-0.2382,-0.00312,0.0261,0.0958,0.3093,-0.242,-0.3535,1.119,0.3606,0.10046,-0.10614,0.3975,-0.06274,0.05334,2.924,0.3857,-0.186,-8.38,-0.3386,0.1877,0.678,0.1367,-0.0339,0.591,0.626,-0.2566,7.164,-0.8364,0.7417,0.2148,0.0165,1.028,1.131,0.2476,0.4438,0.11414,0.2345,0.1083,-0.0707,-0.1547,-0.3171,0.3108,-0.1188,-0.12024,0.0185,-0.635,0.0824,0.141,-0.2296,1.5,-0.0854,-0.481,0.4211,-3.084,-0.3645,0.9683,0.1003,0.2433,-0.402,-0.9434,-0.508,-0.05157,0.0834,0.1714,0.1102,0.2942,-0.3901,-0.2507,-0.3804,-0.1537,-0.7188,-0.62,0.2695,-0.2573,0.08264,0.706,-0.048,0.5703,0.04956,1.195,-0.3123,0.12384,-0.06274,0.2168,-0.3105,0.3647,0.901,-0.10846,0.04483,-0.1295,-0.4846,-0.2764,-1.992,-0.1737,-0.0784,0.3171,0.2454,0.0762,0.6426,-0.3489,-0.03662,-1.681,-0.0906,-0.4568,-0.015,-0.178,-0.7007,-0.237,0.4268,0.002916,0.692,-0.779,-0.03044,0.3257,-0.0369,-0.3953,-0.3887,-0.2625,0.3135,-0.0264,-0.716,-0.0508,-0.3516,-0.3022,-0.445,0.85,-0.1659,0.0821,0.566,-0.2856,0.1321,-0.11334,0.3342,0.09924,-0.02844,-0.4626,0.3154,-0.2119,-0.4365,2.457,-0.6978,0.282,-0.01978,-0.08716,-0.3394,-0.534
1,0.279,-0.235,-0.2017,0.2793,-0.1575,0.00817,-0.539,0.0934,-0.3118,0.308,0.7456,-0.1959,-0.2367,0.0928,-0.1793,-0.2063,0.05405,0.364,0.12384,-0.3792,-0.3716,-2.617,-0.2156,-0.739,0.9023,1.138,1.785,-0.0397,0.03232,0.1494,0.4636,1.018,-0.02573,0.1586,-0.978,-0.01113,0.1272,0.5117,-0.4226,-0.05756,-0.2822,-0.3823,-0.4617,0.5396,0.3535,0.02309,0.5283,0.4495,0.245,0.4941,0.8594,-0.1646,-0.01924,0.2094,-0.1893,-0.6816,0.03458,0.0835,-1.173,-0.1968,-1.491,0.1893,0.3862,-8.43,-0.4058,0.774,0.3252,-0.2717,0.2289,0.256,-1.125,0.04718,7.816,0.8584,0.7456,0.11847,0.709,0.3704,1.397,0.06012,0.0368,-0.4053,0.549,-0.265,0.4421,0.1912,-0.12225,0.0874,0.634,0.1288,-0.3381,0.03008,0.1814,-0.513,0.3657,-0.2524,0.1697,-0.3474,-0.1464,-1.632,-0.2368,0.0928,-0.04788,-0.3567,-0.1472,0.4612,-0.3074,-0.01761,-0.04932,0.12256,0.3293,0.2954,-0.542,0.1759,-0.4175,-0.1287,-0.01976,0.3635,-0.2054,-0.04153,-0.1729,0.1182,-0.4812,0.486,-0.167,0.816,-0.496,0.10364,0.3354,0.2827,0.12006,1.52,-0.2455,-0.1726,-0.1549,0.2473,-0.2108,0.333,0.819,-0.4875,0.6865,0.1077,0.532,0.0348,0.08563,0.4465,0.12115,-1.703,0.3145,-0.1278,0.298,-0.3794,-0.664,-0.10266,-0.0779,0.4438,0.3376,-0.05927,0.1068,0.00551,-0.1415,-0.2289,-0.08655,-0.2598,0.1006,-0.4382,0.1567,0.05078,-0.1166,-0.1833,-1.053,0.2092,-0.02008,0.4368,-0.8447,-0.189,-0.1986,0.787,0.516,0.04065,0.599,0.2125,0.1089,0.2097,0.2467,-2.914,-0.67,-0.10187,-0.02632,-0.444,-0.1348,-0.08624
1,0.2612,-0.0743,-0.257,0.467,0.1693,-0.04745,-0.654,-0.09985,-0.376,0.164,0.8745,-0.3733,-0.0917,0.2484,-0.466,0.05942,0.361,0.3513,0.3257,-0.6323,-0.4272,-2.28,-0.4626,-0.5786,0.952,1.241,2.441,-0.1691,0.1981,0.2659,0.3997,1.121,-0.2703,0.3958,-0.812,0.10956,0.4302,0.6885,-0.8735,-0.05396,-0.10925,-0.0677,-0.305,0.2798,0.4465,0.0687,0.3953,0.521,0.1683,0.73,0.92,-0.4373,-0.2183,0.2332,-0.1119,-0.668,-0.0006256,0.2338,-1.142,-0.1516,-1.895,0.389,0.08295,-7.777,-0.731,0.8877,0.3538,-0.531,-0.1079,0.3857,-1.341,-0.03836,7.336,1.17,0.8794,0.3557,0.5884,-0.02661,1.533,0.0676,0.182,-0.379,0.481,-0.308,0.3955,0.1936,-0.3035,-0.1338,0.521,-0.1255,-0.3132,-0.2004,0.097,-0.9355,0.3528,-0.392,0.21,-0.4163,-0.0606,-1.543,-0.4937,0.4014,-0.08905,-0.5327,-0.374,0.4846,-0.1282,0.255,-0.224,0.004868,0.4744,0.1759,-0.65,0.1059,-0.5386,0.1401,-0.2522,0.4792,-0.06012,-0.07983,-0.1267,0.725,-0.709,0.3147,-0.2123,1.664,-0.3684,-0.0065,0.602,-0.02754,-0.2556,1.348,-0.486,-0.5293,0.03296,0.1522,0.01709,0.7056,0.5703,-0.2358,0.5854,0.3171,0.838,0.1257,0.1254,0.5005,0.2283,-1.785,0.1104,0.0925,0.2563,-0.2336,-0.989,-0.3577,0.00465,0.566,0.564,-0.1376,-0.1869,0.02782,-0.1101,-0.5967,0.09595,-0.3882,0.2693,-0.2866,0.4421,0.1691,0.145,-0.6567,-1.068,0.4202,0.29,-0.05936,-0.8945,0.02715,-0.1721,0.4575,0.6685,0.0852,0.697,0.2137,0.00858,0.4421,0.3037,-3.35,-0.8506,0.1825,-0.1488,-0.7764,-0.2766,-0.4214
0,0.216,0.2336,-0.04242,0.3572,-0.04837,-0.10254,-0.1776,1.437,-0.325,0.7856,-0.7886,-0.4985,-0.2544,-0.0955,0.0991,0.03955,-0.376,0.0685,0.3303,-0.2708,-0.2355,0.839,0.0455,-1.077,0.2286,-0.6465,-1.978,-0.1173,-0.258,0.1217,-0.1528,0.11694,-0.3428,0.3308,-0.6997,-0.2996,0.002876,0.625,0.2798,-0.1855,0.1086,-0.1128,0.4844,0.6904,0.261,-0.2068,-0.3008,-0.0851,-0.1437,0.005806,0.3818,0.06903,-0.407,1.073,0.254,0.03757,-0.1433,0.3423,0.04916,0.08984,2.848,0.3635,-0.1447,-8.69,-0.3389,0.1758,0.559,0.2048,-0.2222,0.3726,0.591,-0.3894,7.504,-0.6973,0.5596,0.3125,0.1423,1.089,1.29,0.06683,0.2374,0.116,0.1783,0.1207,0.1427,0.09106,-0.2059,0.2247,-0.2415,-0.321,-0.0685,-0.714,-0.02913,0.3518,-0.2654,1.221,0.01025,-0.431,0.441,-2.715,-0.346,0.716,-0.010666,0.2197,-0.3428,-0.8276,-0.416,-0.01146,0.0867,0.1432,0.3943,0.441,-0.184,-0.2238,-0.496,0.0696,-0.8687,-0.5605,0.1184,-0.1494,0.0328,0.6143,-0.1486,0.567,-0.03574,0.988,-0.4045,0.1918,0.0911,0.1234,-0.1981,0.4224,0.8394,-0.000745,-0.015396,0.13,-0.3003,-0.3787,-1.657,-0.167,0.0504,0.4292,0.1405,0.095,0.3896,-0.2654,0.0963,-1.374,0.1659,-0.4233,0.11456,-0.0219,-0.6733,-0.3555,0.2445,0.05878,0.5103,-0.4065,-0.1085,0.1187,0.2517,-0.223,-0.2155,-0.2622,0.1959,-0.01756,-0.853,-0.1742,-0.4866,-0.0784,-0.3667,0.857,-0.1315,0.2015,0.4111,-0.383,-0.1075,0.1515,0.1404,-0.02496,-0.01126,-0.3745,0.03845,-0.2345,-0.1311,2.305,-0.7896,0.1256,-0.02336,0.1251,-0.2522,-0.2686
0,-0.0841,0.2471,-0.3235,0.2527,-0.1459,0.2299,-0.0883,1.224,-0.0677,0.748,-0.769,-0.717,-0.11505,-0.218,0.1842,0.1571,-0.2969,0.1547,0.3706,-0.1301,-0.4033,1.045,0.439,-1.0,0.3047,-0.7603,-2.123,-0.2778,-0.3013,0.1453,-0.3774,0.1721,-0.1173,0.3855,-0.714,-0.3672,-0.10223,0.636,0.5005,0.1009,0.2795,-0.09503,0.5825,0.7266,0.1898,-0.05087,-0.2122,0.005417,0.03146,0.1815,0.371,-0.2593,-0.3418,1.107,0.3018,0.1167,-0.05847,0.3523,-0.0841,0.04565,2.959,0.403,-0.1417,-8.36,-0.332,0.2864,0.671,0.1733,-0.02814,0.5645,0.5933,-0.2216,7.117,-0.8315,0.791,0.2451,0.01156,1.015,1.163,0.2314,0.424,0.0924,0.2722,0.1072,-0.0345,-0.1707,-0.324,0.304,-0.11,-0.1169,-0.01834,-0.656,0.10364,0.1937,-0.2817,1.51,-0.12286,-0.4436,0.4148,-3.092,-0.3408,0.9624,0.05215,0.285,-0.3967,-0.9507,-0.532,0.01278,0.0808,0.1208,0.1503,0.2983,-0.3877,-0.2761,-0.4187,-0.1874,-0.79,-0.688,0.262,-0.2573,0.1007,0.665,-0.1089,0.668,0.01903,1.188,-0.3623,0.1791,-0.03644,0.2295,-0.3215,0.3867,0.9126,-0.07855,0.03842,-0.0681,-0.504,-0.2966,-1.918,-0.2146,-0.02505,0.3406,0.2666,0.0935,0.6475,-0.37,0.0256,-1.605,-0.0494,-0.4841,0.0348,-0.1722,-0.7104,-0.1742,0.4531,0.05136,0.688,-0.756,-0.03827,0.3315,-0.06052,-0.4265,-0.4475,-0.2185,0.256,-0.06726,-0.747,-0.01263,-0.3699,-0.3054,-0.513,0.8315,-0.1646,0.09406,0.4468,-0.2983,0.1136,-0.081,0.3704,0.05078,-0.03038,-0.4744,0.2883,-0.2617,-0.3948,2.46,-0.7314,0.2986,-0.06274,-0.0416,-0.344,-0.5366
1,-0.2546,0.0866,-0.4277,0.5054,-0.007076,0.2974,-0.6562,-0.4084,-0.2085,0.2527,1.195,-0.348,-0.1006,0.4915,-0.37,0.0684,0.3972,0.3271,0.606,-0.67,-0.4258,-2.156,-0.5986,-0.13,0.965,0.8486,2.408,-0.3162,-0.1736,0.2139,0.2177,1.244,-0.3486,0.5684,-0.7085,-0.2074,0.588,0.9233,-0.958,0.2336,-0.121,0.06366,0.1582,0.1449,0.758,0.02515,0.11194,0.4736,0.0208,0.518,1.027,-0.1974,0.01041,0.002113,-0.2316,-0.4048,0.0065,0.1652,-1.332,0.1506,-1.658,0.365,0.2388,-7.895,-0.947,0.7686,0.2214,-0.3313,-0.0579,0.6895,-1.007,0.1494,7.023,0.8994,0.6426,0.1516,0.443,-0.1295,1.484,0.1726,0.2864,-0.2064,0.892,-0.2505,-0.048,0.1049,-0.4124,-0.1941,0.7275,-0.3545,-0.3584,0.09705,0.3638,-1.094,0.4373,-0.3677,0.0943,-0.4712,-0.1847,-1.788,-0.516,0.4353,0.099,-0.794,-0.3098,0.6104,0.01458,0.1318,-0.08545,0.08185,0.6865,0.262,-0.2294,-0.4146,-0.578,-0.12415,-0.61,0.4702,-0.1272,-0.08185,-0.01743,0.4644,-0.4885,-0.006287,-0.535,1.783,-0.28,0.2394,0.4614,0.4092,-0.2964,1.241,-0.531,-0.6885,-0.216,0.0665,0.1447,0.8174,0.3394,-0.1692,0.5396,0.1238,1.143,-0.002087,0.1877,0.4348,0.586,-2.162,-0.0603,0.1282,0.2852,-0.1602,-1.265,-0.3892,0.06137,0.5225,0.7456,-0.2578,0.2195,-0.0968,-0.1576,-0.5684,0.3672,-0.673,0.2925,-0.195,0.8643,-0.03687,0.0862,-0.531,-0.8413,0.4265,0.5347,0.1069,-0.7285,0.2595,0.0262,-0.0959,0.918,0.04816,0.455,0.1764,-0.3174,0.2764,-0.1342,-3.06,-0.7026,-0.02113,-0.1384,-1.017,-0.0384,-0.639
1,0.00876,-0.1123,-0.1488,0.2852,-0.161,0.05286,-0.8955,-0.176,-0.3176,0.2825,1.07,-0.2137,-0.3406,0.603,-0.2126,-0.2286,0.3645,0.4805,0.3843,-0.4937,-0.2252,-2.424,-0.5146,-0.4631,1.0,1.097,2.143,-0.11804,-0.2461,0.3745,0.3967,1.344,-0.4255,0.1891,-0.7847,-0.1364,0.491,0.7866,-0.975,0.03574,-0.2135,-0.165,-0.2039,0.1738,0.8296,0.2386,-0.002035,0.4927,0.03238,0.464,0.964,0.1349,-0.0491,-0.0672,-0.1448,-0.473,-0.1382,-0.03818,-1.356,-0.01412,-1.504,0.1438,0.3342,-8.22,-0.577,0.597,0.09485,-0.526,0.01372,0.308,-0.9844,0.006813,7.258,0.7344,0.6445,0.2211,0.6187,0.0503,1.596,-0.0766,-0.10394,-0.1406,0.695,-0.0876,0.1859,0.1311,-0.2399,-0.09186,0.695,-0.1827,-0.501,-0.2087,-0.0884,-0.9087,0.5605,-0.3196,-0.0792,-0.3303,-0.141,-1.801,-0.471,0.08936,0.1815,-0.937,-0.05237,0.641,-0.03268,0.05356,-0.385,-0.0708,0.6494,0.6147,-0.1597,-0.2028,-0.6064,0.1661,-0.4233,0.742,-0.4373,0.2269,-0.1805,0.269,-0.3496,0.05356,-0.492,1.382,-0.3896,0.04935,0.4062,0.669,-0.02054,1.248,-0.3025,-0.5054,-0.315,0.339,0.2634,0.6465,0.7876,-0.3635,0.742,0.1006,0.764,-0.1375,-0.05804,0.59,0.5796,-1.956,-0.08105,-0.03537,0.7744,-0.3108,-1.027,-0.002737,0.1924,0.539,0.5894,-0.04218,0.2039,-0.2096,-0.04953,-0.2145,0.11926,-0.529,0.1656,-0.1809,0.478,0.04312,-0.348,-0.404,-0.675,0.4395,0.2211,0.3103,-0.9785,0.1896,0.03186,0.2588,0.6,0.1006,0.6357,0.0662,-0.1865,0.3276,0.1421,-2.818,-0.4407,-0.0465,-0.322,-0.6436,0.05823,-0.3699
0,-0.1383,0.304,-0.291,0.29,-0.10394,0.2457,-0.0852,1.2,-0.12213,0.7793,-0.684,-0.648,-0.1791,-0.1991,0.2361,0.1674,-0.2705,0.1381,0.408,-0.1753,-0.33,0.946,0.3323,-0.9453,0.2446,-0.7437,-2.084,-0.2238,-0.2477,0.11743,-0.3735,0.218,-0.2268,0.4136,-0.617,-0.3743,-0.03522,0.6353,0.4395,0.02713,0.2329,-0.0536,0.5933,0.7334,0.297,-0.03253,-0.2896,-0.002644,-0.0618,0.05798,0.3994,-0.162,-0.3108,1.0205,0.3494,0.1236,-0.1033,0.3618,-0.06064,0.1124,2.945,0.4058,-0.1964,-8.47,-0.3796,0.1493,0.6587,0.1931,-0.10205,0.545,0.632,-0.2732,7.22,-0.855,0.7056,0.2407,0.01396,0.976,1.195,0.1951,0.3645,0.06287,0.2576,0.1548,-0.075,-0.11615,-0.3174,0.2607,-0.1685,-0.1956,0.02101,-0.5996,0.0531,0.10443,-0.2323,1.449,-0.07275,-0.4985,0.4324,-3.041,-0.3813,0.959,0.079,0.1973,-0.4377,-0.891,-0.5146,-0.05048,0.1321,0.1914,0.2086,0.276,-0.307,-0.287,-0.4175,-0.1464,-0.8027,-0.583,0.249,-0.2014,0.092,0.6973,-0.101,0.4978,0.02924,1.191,-0.2957,0.169,-0.0194,0.1871,-0.2703,0.3564,0.853,-0.1048,-0.01371,-0.0774,-0.4417,-0.2069,-1.901,-0.1647,-0.0838,0.3423,0.2306,0.0901,0.58,-0.305,0.03076,-1.687,-0.096,-0.515,-0.007248,-0.1669,-0.7397,-0.2349,0.3926,0.01489,0.668,-0.7534,-0.01979,0.2517,0.02458,-0.3823,-0.2854,-0.2705,0.3328,0.003624,-0.6914,-0.0788,-0.367,-0.2461,-0.3684,0.8486,-0.1576,0.11224,0.556,-0.2554,0.1609,-0.1142,0.2844,0.04544,-0.0621,-0.4045,0.1727,-0.1782,-0.4363,2.424,-0.673,0.2303,-0.03488,-0.0328,-0.2537,-0.5425
0,-0.001123,0.261,-0.2485,0.264,-0.1376,0.1478,-0.1945,1.303,-0.1733,0.7456,-0.8926,-0.6104,-0.1833,-0.11597,0.184,0.1509,-0.3503,0.1447,0.368,-0.1575,-0.337,1.051,0.3591,-1.025,0.3342,-0.662,-2.207,-0.25,-0.293,0.098,-0.2598,0.1248,-0.146,0.3743,-0.7188,-0.3425,-0.0797,0.653,0.5356,0.02536,0.2651,-0.0971,0.576,0.7427,0.2023,-0.0968,-0.263,-0.006283,0.03696,0.0945,0.3413,-0.2078,-0.4192,1.11,0.3367,0.10205,-0.12317,0.359,-0.03354,0.06934,2.979,0.4526,-0.2147,-8.34,-0.3074,0.2617,0.576,0.1455,-0.1521,0.4597,0.544,-0.2578,7.195,-0.805,0.6763,0.3105,0.0772,1.101,1.198,0.1951,0.323,0.09906,0.192,0.1711,0.01653,-0.0758,-0.2754,0.285,-0.2349,-0.2106,-0.005596,-0.656,0.06274,0.1962,-0.276,1.405,-0.0591,-0.4617,0.471,-3.055,-0.4153,0.968,0.05072,0.2798,-0.4465,-0.902,-0.4849,-0.03482,0.0379,0.1654,0.235,0.3508,-0.3262,-0.1975,-0.4385,-0.1337,-0.7295,-0.662,0.1483,-0.2357,0.08057,0.7095,-0.1211,0.6934,-0.010704,1.129,-0.3113,0.1443,-0.01513,0.2096,-0.2717,0.366,0.9263,0.01936,0.01109,0.02821,-0.516,-0.2576,-1.881,-0.1881,-0.05243,0.4128,0.1775,0.02043,0.5635,-0.3135,-0.0509,-1.598,0.005707,-0.4695,0.05347,-0.195,-0.5435,-0.276,0.4495,0.06067,0.641,-0.6436,-0.1,0.2137,-0.01169,-0.409,-0.4302,-0.1934,0.2212,-0.02815,-0.827,-0.03806,-0.38,-0.254,-0.4546,0.946,-0.2161,0.04657,0.392,-0.352,0.11993,-0.003138,0.3367,0.07294,-0.04303,-0.487,0.2524,-0.3013,-0.2551,2.533,-0.725,0.2993,-0.063,0.02684,-0.3645,-0.4727
0,-0.0505,0.283,-0.2993,0.2294,-0.1484,0.2214,-0.1527,1.239,-0.162,0.7163,-0.8677,-0.694,-0.1648,-0.1614,0.2295,0.1797,-0.3284,0.1462,0.3755,-0.1545,-0.3582,1.087,0.3975,-0.948,0.314,-0.694,-2.152,-0.2798,-0.2817,0.11383,-0.309,0.1399,-0.1158,0.4016,-0.6577,-0.2795,-0.0725,0.628,0.5063,0.0981,0.2542,-0.0864,0.6226,0.677,0.1637,-0.05185,-0.2231,-0.004642,0.01785,0.1207,0.298,-0.2195,-0.4712,1.1045,0.3435,0.10754,-0.1343,0.3665,-0.03525,0.06647,2.95,0.465,-0.1948,-8.336,-0.325,0.2255,0.593,0.1265,-0.1355,0.5063,0.5654,-0.2462,7.203,-0.8027,0.6743,0.2678,0.05893,1.048,1.1455,0.2272,0.3865,0.11664,0.1931,0.194,-0.04416,-0.08563,-0.272,0.307,-0.1985,-0.1736,0.01895,-0.673,0.05933,0.1572,-0.2605,1.4375,-0.0786,-0.4316,0.454,-3.082,-0.4314,1.02,0.02235,0.2625,-0.4473,-0.9185,-0.4731,0.009735,0.0336,0.1808,0.1982,0.3132,-0.3923,-0.269,-0.416,-0.1338,-0.722,-0.632,0.1783,-0.2494,0.09686,0.7363,-0.0955,0.6465,-0.015526,1.204,-0.2451,0.10284,-0.01697,0.2343,-0.3042,0.3833,0.8945,-0.02322,0.0293,-0.0418,-0.5225,-0.2411,-1.95,-0.1874,-0.073,0.3877,0.2096,0.004112,0.5967,-0.3289,-0.0649,-1.635,-0.04642,-0.451,0.006115,-0.2229,-0.5977,-0.268,0.5005,0.02979,0.648,-0.7026,-0.0764,0.261,-0.03732,-0.4187,-0.4333,-0.188,0.2517,-0.00968,-0.7515,-0.02298,-0.355,-0.3037,-0.4563,0.9233,-0.1893,0.0508,0.4502,-0.3281,0.1334,-0.0987,0.3567,0.1022,-0.04083,-0.4932,0.313,-0.2722,-0.2998,2.51,-0.669,0.2793,-0.02792,-0.0423,-0.3362,-0.523
0,-0.1471,0.3523,-0.3564,0.2695,-0.1001,0.2842,-0.0346,1.19,-0.1257,0.739,-0.7617,-0.7314,-0.1256,-0.2129,0.2444,0.1614,-0.29,0.1565,0.4058,-0.1853,-0.3772,1.01,0.3857,-0.9097,0.245,-0.7607,-2.053,-0.2427,-0.247,0.1321,-0.3901,0.2056,-0.1783,0.438,-0.593,-0.2822,-0.04987,0.6445,0.4033,0.1209,0.2166,-0.06195,0.5947,0.663,0.2363,-0.003057,-0.2668,0.00677,-0.0352,0.1199,0.3281,-0.205,-0.4036,1.126,0.339,0.0857,-0.1444,0.3608,-0.0728,0.06573,2.951,0.4143,-0.1594,-8.42,-0.3528,0.1606,0.675,0.12445,-0.07275,0.5923,0.66,-0.2705,7.17,-0.817,0.7524,0.2327,0.03363,0.9673,1.084,0.2068,0.445,0.0794,0.2244,0.1153,-0.04977,-0.0899,-0.3208,0.3267,-0.1047,-0.1481,0.01478,-0.643,0.05496,0.103,-0.2625,1.483,-0.07367,-0.465,0.428,-3.047,-0.4033,0.971,0.06177,0.2467,-0.4285,-0.941,-0.489,0.01473,0.0931,0.1298,0.1505,0.2937,-0.3633,-0.3037,-0.394,-0.1037,-0.7383,-0.5957,0.2358,-0.2279,0.1306,0.708,-0.0678,0.5337,0.01478,1.259,-0.2954,0.0907,-0.04022,0.2245,-0.3223,0.359,0.8677,-0.1349,-0.002571,-0.1273,-0.4746,-0.283,-1.988,-0.1709,-0.0736,0.3513,0.249,0.0843,0.661,-0.316,0.004147,-1.643,-0.1146,-0.4487,-0.02837,-0.1686,-0.7207,-0.2244,0.4167,0.02303,0.719,-0.8154,-0.02939,0.3428,0.01787,-0.404,-0.3306,-0.2439,0.3467,-0.0269,-0.7188,-0.02505,-0.3755,-0.3335,-0.4321,0.8477,-0.1461,0.0954,0.5737,-0.2883,0.0896,-0.1455,0.311,0.0958,-0.0447,-0.4268,0.2688,-0.2073,-0.4016,2.41,-0.7007,0.2277,-0.02837,-0.0954,-0.2827,-0.574
1,0.2458,0.03903,-0.3599,0.428,0.1724,-0.0661,-0.715,-0.1844,-0.2698,0.1664,1.091,-0.4233,0.000851,0.3152,-0.4397,0.1766,0.3555,0.3762,0.497,-0.727,-0.4417,-2.242,-0.4294,-0.561,0.974,1.268,2.602,-0.1753,0.282,0.28,0.4355,1.106,-0.3267,0.5254,-0.6714,0.04343,0.5005,0.8267,-0.9185,-0.1405,-0.0193,0.03732,-0.3643,0.3525,0.4749,-0.002699,0.2983,0.6353,0.1098,0.8477,0.9556,-0.548,-0.2229,0.3262,-0.1029,-0.514,-0.01203,0.3916,-1.227,-0.0825,-1.969,0.4778,-0.1511,-7.55,-0.855,0.9214,0.2927,-0.5083,-0.1688,0.494,-1.445,-0.09576,7.004,1.271,0.952,0.3142,0.516,-0.11725,1.554,0.1209,0.2542,-0.321,0.51,-0.2412,0.2937,0.0645,-0.2197,-0.3123,0.5366,-0.1548,-0.28,-0.2607,0.0722,-1.076,0.38,-0.3677,0.2607,-0.4688,-0.0428,-1.555,-0.5747,0.5996,0.02054,-0.5894,-0.4592,0.5225,-0.1562,0.3206,-0.1942,-0.03976,0.38,0.05933,-0.6343,-0.0937,-0.6406,0.262,-0.3567,0.4773,0.0349,-0.1685,-0.0356,0.7676,-0.801,0.05627,-0.2307,1.741,-0.332,0.0866,0.6147,-0.2014,-0.345,1.343,-0.5044,-0.749,-0.0063,0.1093,0.1026,0.7637,0.524,-0.09314,0.6123,0.2532,0.911,0.2903,0.1819,0.4502,0.324,-1.808,0.1169,0.06647,0.1749,-0.2329,-1.143,-0.5044,0.0824,0.5605,0.7373,-0.2186,-0.1237,0.05835,-0.1038,-0.753,0.1781,-0.446,0.4004,-0.218,0.526,0.09467,0.2073,-0.699,-1.075,0.2734,0.4146,-0.1134,-0.973,0.12115,-0.1573,0.3826,0.8257,0.1353,0.702,0.1981,-0.132,0.4976,0.2654,-3.367,-0.887,0.3,-0.27,-0.9805,-0.2566,-0.538
0,-0.1884,0.3284,-0.3223,0.218,-0.04468,0.3042,-0.04538,1.125,-0.03265,0.7183,-0.807,-0.7627,-0.0985,-0.2415,0.253,0.191,-0.2734,0.158,0.44,-0.2161,-0.4062,1.095,0.4924,-0.96,0.3237,-0.668,-2.064,-0.2306,-0.1824,0.0529,-0.3655,0.1857,-0.1305,0.4236,-0.62,-0.291,-0.04474,0.7183,0.436,0.141,0.217,-0.02591,0.567,0.7256,0.2157,0.1238,-0.3022,0.02,0.0747,0.149,0.2505,-0.2854,-0.415,1.181,0.345,0.1121,-0.1769,0.409,-0.02429,0.06396,2.908,0.4102,-0.295,-8.31,-0.2937,0.1748,0.6865,0.04465,-0.08923,0.579,0.611,-0.3223,7.1,-0.8315,0.772,0.265,-0.003616,0.979,1.084,0.2467,0.509,0.1208,0.1959,0.1329,-0.0403,-0.1394,-0.3015,0.3179,-0.1086,-0.1274,0.09607,-0.6426,0.03029,0.02368,-0.26,1.499,-0.05743,-0.479,0.5234,-3.158,-0.488,1.007,0.1083,0.2593,-0.4204,-0.9106,-0.421,-0.01608,0.0708,0.1555,0.11255,0.317,-0.4592,-0.2362,-0.3884,-0.07446,-0.6836,-0.5996,0.2646,-0.3325,0.1096,0.7363,0.01573,0.505,0.04285,1.274,-0.2668,-0.034,-0.05527,0.1665,-0.3801,0.2988,0.8804,-0.1508,-0.01686,-0.1793,-0.5654,-0.272,-2.018,-0.1554,-0.0843,0.391,0.22,0.183,0.743,-0.3396,-0.01298,-1.647,-0.2014,-0.4268,-0.04422,-0.2125,-0.7217,-0.215,0.4207,0.08936,0.752,-0.8394,-0.06104,0.3845,-0.01482,-0.4536,-0.3484,-0.2756,0.3193,-0.0002697,-0.7363,-0.0611,-0.3186,-0.395,-0.445,0.8184,-0.1875,0.012436,0.5596,-0.296,0.12085,-0.2102,0.4128,0.1478,-0.02927,-0.5,0.2817,-0.2239,-0.4062,2.486,-0.754,0.3342,-0.0281,-0.1644,-0.3074,-0.5957
0,-0.08075,0.2869,-0.29,0.2354,-0.0861,0.1858,-0.05344,1.235,-0.06757,0.7666,-0.792,-0.6934,-0.1414,-0.216,0.2006,0.1726,-0.3015,0.1455,0.3923,-0.1804,-0.3857,1.012,0.441,-1.018,0.3142,-0.7153,-2.082,-0.233,-0.2554,0.1322,-0.3362,0.1718,-0.1678,0.3796,-0.686,-0.3613,-0.0715,0.697,0.4526,0.0676,0.2651,-0.0673,0.5264,0.716,0.2118,-0.03683,-0.2455,0.02277,-0.01139,0.1593,0.4001,-0.257,-0.3694,1.172,0.3423,0.1157,-0.1141,0.359,-0.065,0.06915,2.959,0.4043,-0.2075,-8.4,-0.3062,0.2457,0.711,0.1373,-0.1077,0.5625,0.5933,-0.276,7.094,-0.8623,0.8027,0.2883,0.013466,0.964,1.15,0.1918,0.433,0.0801,0.2319,0.1225,0.00826,-0.1021,-0.3086,0.2952,-0.12195,-0.14,0.01701,-0.65,0.0213,0.1342,-0.2944,1.477,-0.0328,-0.4614,0.4736,-3.104,-0.4126,0.927,0.03745,0.3042,-0.4067,-0.934,-0.499,0.03543,0.10706,0.12067,0.1594,0.3113,-0.3706,-0.264,-0.4438,-0.1302,-0.743,-0.6523,0.2418,-0.261,0.08185,0.706,-0.0769,0.5938,0.00988,1.166,-0.3325,0.09125,-0.02794,0.192,-0.337,0.3772,0.9087,-0.09155,-0.003511,-0.0918,-0.535,-0.318,-1.934,-0.2278,-0.02324,0.393,0.1925,0.1694,0.6855,-0.3713,0.04153,-1.539,-0.08954,-0.4968,-0.00867,-0.1742,-0.6973,-0.175,0.399,0.00768,0.781,-0.802,-0.03577,0.3704,0.01186,-0.4766,-0.3823,-0.236,0.2903,-0.04593,-0.798,-0.03568,-0.3745,-0.2744,-0.497,0.786,-0.1826,0.0864,0.4907,-0.2776,0.1262,-0.0767,0.3684,0.05127,-0.03047,-0.468,0.2435,-0.253,-0.3225,2.463,-0.764,0.306,-0.04196,-0.05664,-0.2854,-0.556
0,-0.3237,0.3967,-0.3662,0.2598,-0.03656,0.4265,-0.1447,0.945,-0.1271,0.7324,-0.7583,-0.7993,-0.0813,-0.2727,0.3364,0.1975,-0.247,0.12366,0.5107,-0.2427,-0.3706,1.021,0.4387,-0.786,0.2155,-0.692,-2.02,-0.248,-0.0711,0.0761,-0.4194,0.2097,-0.1388,0.4578,-0.438,-0.1166,0.01534,0.635,0.399,0.11743,0.1626,0.0253,0.6606,0.7256,0.2834,0.323,-0.3357,-0.002064,0.0021,0.01305,0.1283,-0.1843,-0.4392,1.074,0.36,0.0938,-0.2354,0.539,-0.01115,0.0698,2.918,0.4287,-0.333,-8.36,-0.4045,0.0918,0.6587,-0.00284,-0.02977,0.601,0.5913,-0.351,7.152,-0.806,0.7036,0.08057,-0.01654,1.014,1.029,0.2355,0.5596,0.1558,0.157,0.1593,-0.1171,-0.1065,-0.29,0.2727,-0.11633,-0.1339,0.1276,-0.6357,0.08374,-0.0383,-0.2074,1.478,-0.0971,-0.5205,0.4614,-3.078,-0.4902,1.071,0.1628,0.1719,-0.3696,-0.9087,-0.3792,-0.10095,0.0386,0.2544,0.035,0.288,-0.4343,-0.2388,-0.2966,-0.06067,-0.625,-0.4426,0.283,-0.2986,0.09106,0.782,0.015175,0.387,0.10156,1.353,-0.1543,-0.02757,-0.06525,0.1821,-0.345,0.2098,0.876,-0.2448,-0.0505,-0.2278,-0.5073,-0.1855,-2.094,-0.09,-0.2039,0.2942,0.2944,0.12463,0.658,-0.2969,-0.1024,-1.825,-0.221,-0.3752,-0.07764,-0.2318,-0.7876,-0.3352,0.4238,0.0173,0.6387,-0.832,-0.06207,0.3008,-0.0256,-0.323,-0.3396,-0.296,0.481,0.04156,-0.648,-0.1035,-0.3337,-0.4458,-0.2588,0.882,-0.0877,0.02171,0.7603,-0.2499,0.12115,-0.3286,0.317,0.2031,-0.0962,-0.4395,0.3682,-0.109,-0.5513,2.42,-0.663,0.2847,0.01101,-0.219,-0.241,-0.609
0,-0.05,0.316,-0.2554,0.3418,-0.10187,0.1711,-0.1772,1.255,-0.2219,0.752,-0.876,-0.645,-0.2106,-0.1326,0.259,0.1588,-0.3455,0.157,0.4,-0.1842,-0.3108,0.9697,0.3015,-0.9214,0.2683,-0.659,-2.092,-0.2354,-0.2426,0.12177,-0.2747,0.1721,-0.2515,0.3953,-0.6357,-0.257,-0.04816,0.628,0.4326,-0.0001446,0.1934,-0.0756,0.551,0.711,0.2578,-0.02942,-0.2712,-0.003654,-0.073,0.0511,0.3408,-0.0922,-0.4646,1.106,0.3767,0.0856,-0.1935,0.384,-0.06207,0.07544,2.979,0.4573,-0.2028,-8.46,-0.3494,0.1532,0.587,0.1396,-0.191,0.4749,0.533,-0.3242,7.26,-0.8,0.6733,0.281,0.0966,1.037,1.125,0.1415,0.33,0.09503,0.1885,0.2045,0.007656,-0.01843,-0.251,0.2888,-0.2356,-0.2172,0.007195,-0.6655,0.005123,0.1661,-0.2517,1.375,-0.0346,-0.4675,0.4556,-2.97,-0.4114,0.9395,0.03925,0.2429,-0.4072,-0.886,-0.4805,-0.011604,0.03912,0.1628,0.237,0.3784,-0.2922,-0.2507,-0.4294,-0.04733,-0.7217,-0.57,0.1698,-0.1837,0.07416,0.7427,-0.0852,0.6016,-0.007313,1.159,-0.223,0.0966,-0.0136,0.2091,-0.2556,0.3684,0.8643,-0.0487,-0.03665,0.0008307,-0.4695,-0.2761,-1.893,-0.1577,-0.07043,0.3972,0.1561,0.03738,0.569,-0.2913,-0.02783,-1.58,-0.03214,-0.4746,0.01409,-0.2037,-0.596,-0.2844,0.41,0.01117,0.6475,-0.6826,-0.08997,0.2078,0.05435,-0.3706,-0.3599,-0.2266,0.3167,-0.014725,-0.8057,-0.07104,-0.4177,-0.26,-0.3774,0.9497,-0.1774,0.0648,0.4888,-0.3245,0.0808,-0.04184,0.2822,0.0921,-0.05905,-0.457,0.2482,-0.2947,-0.2942,2.486,-0.6987,0.253,-0.0455,0.02785,-0.3027,-0.4934
1,-0.222,0.1558,-0.4226,0.5063,0.00461,0.2788,-0.6016,-0.3618,-0.1995,0.2478,1.207,-0.3652,-0.08875,0.515,-0.4268,0.09,0.3823,0.3108,0.583,-0.6733,-0.436,-2.24,-0.53,-0.1277,0.978,0.9644,2.518,-0.2595,-0.04514,0.2546,0.2402,1.28,-0.3674,0.5737,-0.752,-0.1621,0.6465,0.87,-0.956,0.1664,-0.1316,0.0236,0.1011,0.1982,0.753,0.03214,0.1207,0.5566,0.04944,0.5312,1.034,-0.3196,0.01785,0.01421,-0.2598,-0.454,-0.0009537,0.2524,-1.342,0.115,-1.787,0.3826,0.2003,-7.727,-1.016,0.8096,0.2805,-0.4133,-0.0592,0.679,-1.022,0.125,6.96,0.9233,0.662,0.10815,0.48,-0.1433,1.475,0.2234,0.3638,-0.252,0.838,-0.3608,0.02515,0.1302,-0.3765,-0.2251,0.737,-0.3357,-0.3357,0.06226,0.3464,-1.105,0.4612,-0.37,0.0936,-0.5493,-0.16,-1.746,-0.548,0.492,0.0453,-0.796,-0.3267,0.5615,-0.001474,0.1666,-0.02599,0.1053,0.6753,0.1863,-0.2365,-0.3508,-0.589,-0.1655,-0.5786,0.4658,-0.12366,-0.05005,-0.01514,0.5493,-0.5063,0.00477,-0.522,1.794,-0.341,0.2208,0.4675,0.2869,-0.321,1.263,-0.4807,-0.6924,-0.1676,0.02275,0.1401,0.8325,0.325,-0.2054,0.492,0.1282,1.116,0.02937,0.1863,0.5024,0.5127,-2.242,-0.004356,0.1272,0.2896,-0.1532,-1.252,-0.4626,0.05927,0.5327,0.728,-0.2878,0.2095,-0.0754,-0.1487,-0.612,0.3323,-0.723,0.2854,-0.2046,0.825,-0.0009403,0.1113,-0.4893,-0.9014,0.457,0.4685,0.0855,-0.7036,0.1885,0.052,0.0076,0.9473,0.04785,0.4673,0.2461,-0.2588,0.2854,-0.1409,-3.207,-0.7383,-0.01076,-0.1531,-1.057,-0.04135,-0.6294
0,-0.3525,0.4407,-0.3857,0.281,0.0009727,0.4453,-0.127,0.9463,-0.1293,0.718,-0.7773,-0.8013,-0.12067,-0.259,0.3806,0.1888,-0.2532,0.111,0.543,-0.2778,-0.3433,1.021,0.391,-0.7734,0.183,-0.6436,-1.965,-0.2219,-0.003222,0.06003,-0.4006,0.2795,-0.2367,0.4832,-0.3718,-0.0693,0.05017,0.656,0.3535,0.0828,0.10254,0.03287,0.6123,0.755,0.33,0.382,-0.3806,0.0385,-0.005173,-0.02419,0.0871,-0.1407,-0.4888,1.096,0.3875,0.07074,-0.312,0.5537,0.002314,0.087,2.902,0.4329,-0.3567,-8.336,-0.4282,0.0237,0.679,-0.04068,-0.05463,0.598,0.5815,-0.4236,7.18,-0.7676,0.657,0.0955,-0.01488,1.015,1.053,0.2002,0.543,0.1614,0.1423,0.1733,-0.0559,-0.09357,-0.2357,0.2654,-0.0881,-0.1465,0.1527,-0.6777,0.05743,-0.10156,-0.1573,1.486,-0.075,-0.563,0.4805,-3.008,-0.5137,1.084,0.1592,0.11694,-0.4175,-0.8906,-0.3623,-0.0832,0.05707,0.2651,0.008385,0.2979,-0.4407,-0.2164,-0.3115,0.0362,-0.6045,-0.3684,0.2842,-0.2898,0.0982,0.8447,0.0758,0.3005,0.06033,1.364,-0.1532,-0.0773,-0.04575,0.1692,-0.359,0.188,0.8486,-0.3105,-0.1467,-0.2334,-0.5044,-0.1704,-2.117,-0.07275,-0.2366,0.332,0.299,0.152,0.679,-0.2546,-0.1357,-1.843,-0.2493,-0.3645,-0.1119,-0.2301,-0.7866,-0.3838,0.4185,0.02916,0.627,-0.7886,-0.04727,0.2776,0.02887,-0.307,-0.2874,-0.335,0.518,0.03912,-0.6704,-0.1317,-0.3533,-0.4463,-0.222,0.936,-0.06018,-0.00571,0.7876,-0.2969,0.10583,-0.336,0.2922,0.2252,-0.1236,-0.4214,0.3123,-0.1388,-0.5874,2.432,-0.665,0.2544,0.0234,-0.2294,-0.2537,-0.583
0,-0.2551,0.3408,-0.4092,0.2281,-0.0446,0.355,-0.0609,1.034,-0.049,0.79,-0.731,-0.7314,-0.0826,-0.3042,0.2263,0.2192,-0.27,0.1289,0.4668,-0.2375,-0.401,1.065,0.4517,-0.8623,0.2375,-0.709,-2.043,-0.2175,-0.153,0.1335,-0.3743,0.1808,-0.1512,0.4836,-0.5522,-0.2402,-0.04947,0.6753,0.4568,0.1189,0.2434,-0.0149,0.649,0.723,0.2169,0.1666,-0.3306,0.01845,-0.00865,0.11456,0.2698,-0.2683,-0.3777,1.095,0.3748,0.1835,-0.1488,0.4668,0.00427,0.09204,2.938,0.4312,-0.3503,-8.32,-0.3855,0.191,0.706,0.0803,-0.0987,0.644,0.6255,-0.2593,7.07,-0.857,0.791,0.1819,-0.1095,0.9536,1.092,0.2482,0.531,0.05606,0.25,0.1554,-0.08014,-0.1321,-0.3335,0.2382,-0.1445,-0.1261,0.1169,-0.614,0.05002,0.003199,-0.2654,1.478,-0.0882,-0.511,0.535,-3.174,-0.4888,1.046,0.1283,0.2905,-0.4067,-0.908,-0.401,-0.03378,0.09155,0.1492,0.10443,0.2627,-0.3845,-0.282,-0.398,-0.1406,-0.736,-0.574,0.3167,-0.3237,0.10504,0.7495,-0.08386,0.442,0.07574,1.309,-0.2319,0.06494,-0.02148,0.1377,-0.3574,0.289,0.864,-0.1759,0.00417,-0.2024,-0.539,-0.2018,-2.064,-0.1526,-0.117,0.3315,0.2637,0.1833,0.692,-0.3518,0.01253,-1.747,-0.1824,-0.4558,-0.0788,-0.1816,-0.7915,-0.2463,0.4353,0.03117,0.761,-0.915,-0.044,0.359,0.01855,-0.4546,-0.3035,-0.3127,0.379,0.01515,-0.655,-0.0665,-0.2964,-0.4075,-0.3804,0.837,-0.11804,-0.00836,0.618,-0.2455,0.11414,-0.2974,0.3801,0.1418,-0.07416,-0.4504,0.2922,-0.1276,-0.4849,2.432,-0.7485,0.3171,-0.04245,-0.17,-0.2162,-0.6167
0,-0.1249,0.3528,-0.2443,0.3726,-0.065,0.3586,-0.0451,1.117,-0.2394,0.753,-0.688,-0.732,-0.2317,-0.1306,0.3008,0.1343,-0.3147,0.06122,0.387,-0.2773,-0.2844,0.8574,0.2301,-0.7715,0.1313,-0.682,-1.908,-0.2437,-0.2162,0.097,-0.3894,0.2961,-0.3494,0.4067,-0.568,-0.2009,0.06088,0.6133,0.2446,0.000957,0.1216,-0.01846,0.616,0.737,0.4302,0.0807,-0.3604,-0.03537,-0.1418,-0.01105,0.3088,0.0658,-0.4844,1.001,0.2961,0.04068,-0.2407,0.3823,-0.10034,0.1211,2.908,0.4214,-0.2368,-8.55,-0.4734,0.0714,0.716,0.0841,-0.04874,0.522,0.6963,-0.3875,7.316,-0.836,0.6636,0.1418,0.1204,0.9956,1.0625,0.156,0.444,0.11566,0.1785,0.1191,-0.001581,-0.0377,-0.3228,0.281,-0.03574,-0.1042,-0.02579,-0.614,0.005253,0.05493,-0.215,1.455,-0.1976,-0.528,0.455,-2.828,-0.457,0.8735,0.072,0.01091,-0.4106,-0.8857,-0.468,-0.03087,0.1906,0.245,0.2189,0.372,-0.4102,-0.204,-0.3198,-0.02315,-0.7715,-0.532,0.2483,-0.1597,0.1547,0.7075,-0.0293,0.3872,-0.01881,1.3125,-0.3657,0.04913,0.02048,0.2028,-0.3015,0.2212,0.8433,-0.1849,-0.1444,-0.0726,-0.381,-0.3,-1.945,-0.0702,-0.2346,0.3545,0.263,0.134,0.648,-0.1498,0.01072,-1.776,-0.12006,-0.4363,0.06696,-0.10614,-0.8247,-0.325,0.313,0.11426,0.559,-0.6567,0.001664,0.2399,0.1218,-0.3052,-0.1483,-0.3513,0.4832,-0.04337,-0.6484,-0.0975,-0.3994,-0.2566,-0.25,0.9663,-0.05008,0.1647,0.734,-0.3428,-0.04922,-0.1284,0.2277,0.127,-0.038,-0.3584,0.1184,-0.2097,-0.506,2.3,-0.6396,0.1271,-0.004314,-0.06015,-0.1716,-0.4539
0,-0.2065,0.3496,-0.3213,0.3364,-0.03824,0.3838,0.03397,1.084,-0.1575,0.784,-0.7817,-0.7686,-0.1635,-0.205,0.288,0.1912,-0.2776,0.1215,0.4558,-0.2976,-0.3467,1.001,0.329,-0.755,0.1847,-0.681,-1.916,-0.226,-0.1915,0.1389,-0.378,0.1938,-0.3184,0.4517,-0.519,-0.2036,0.01175,0.6484,0.312,0.09644,0.1666,0.00253,0.54,0.721,0.2854,0.1635,-0.3198,0.0012665,-0.10614,0.07477,0.325,-0.0836,-0.517,1.079,0.387,0.1622,-0.2292,0.3782,-0.05908,0.1257,2.936,0.4556,-0.2964,-8.44,-0.4124,0.0784,0.661,0.0775,-0.1484,0.5933,0.61,-0.3494,7.23,-0.826,0.7285,0.2537,-0.001935,0.9253,1.04,0.1501,0.4946,0.065,0.2142,0.1929,-0.02658,-0.02106,-0.311,0.275,-0.1139,-0.1514,0.103,-0.6694,-0.0394,-0.04346,-0.283,1.454,-0.095,-0.4722,0.561,-2.977,-0.5093,0.977,0.078,0.2109,-0.4263,-0.8477,-0.4326,0.00481,0.11383,0.1313,0.1577,0.311,-0.4275,-0.2925,-0.3562,0.003595,-0.7554,-0.528,0.2607,-0.2556,0.137,0.778,-0.0687,0.4092,0.0358,1.356,-0.2008,-0.0155,0.008736,0.11053,-0.3506,0.2817,0.791,-0.2214,-0.0875,-0.1383,-0.4702,-0.2172,-2.012,-0.1122,-0.1595,0.397,0.2393,0.1708,0.7183,-0.2764,0.03494,-1.682,-0.1904,-0.4663,-0.04404,-0.1583,-0.77,-0.2471,0.369,0.08075,0.714,-0.8325,-0.0672,0.3472,0.1122,-0.426,-0.2031,-0.2986,0.4236,-0.04095,-0.6465,-0.09045,-0.3179,-0.3591,-0.3362,0.8877,-0.08325,0.04105,0.634,-0.275,0.0005875,-0.269,0.3186,0.1589,-0.06696,-0.4287,0.182,-0.2148,-0.4722,2.373,-0.7256,0.2445,-0.02513,-0.0956,-0.1979,-0.58
1,0.1425,0.1414,-0.3103,0.4673,0.1335,0.011696,-0.6035,-0.206,-0.239,0.1914,0.9995,-0.4421,0.03537,0.4824,-0.5273,0.1815,0.4233,0.401,0.54,-0.734,-0.4546,-2.213,-0.374,-0.5176,1.151,1.13,2.682,-0.2281,0.2202,0.2494,0.3574,1.09,-0.3145,0.5444,-0.638,-0.06223,0.604,0.835,-0.9673,-0.01467,-0.06183,0.0807,-0.3315,0.2479,0.5747,-0.001053,0.3047,0.657,0.1343,0.787,1.017,-0.6216,-0.1422,0.3196,-0.184,-0.5967,-0.01208,0.3838,-1.255,-0.02812,-2.055,0.3904,-0.02202,-7.508,-0.931,0.872,0.3247,-0.5317,-0.1904,0.5103,-1.32,-0.0367,6.906,1.231,0.857,0.3423,0.573,-0.1735,1.574,0.1879,0.334,-0.3037,0.5483,-0.4512,0.1973,0.0486,-0.3174,-0.323,0.6206,-0.2169,-0.2942,-0.1971,0.215,-1.125,0.3901,-0.407,0.2122,-0.514,-0.1344,-1.5625,-0.593,0.6265,0.003756,-0.7383,-0.5215,0.5195,-0.01013,0.3704,-0.175,0.0358,0.4246,0.08356,-0.5264,-0.1077,-0.698,0.1809,-0.3613,0.4512,-0.03595,-0.1361,-0.01817,0.8057,-0.652,0.05743,-0.3462,1.835,-0.3394,0.06226,0.5986,-0.11487,-0.363,1.307,-0.5015,-0.7773,-0.0877,0.1232,0.1018,0.7925,0.4795,-0.2163,0.532,0.246,1.014,0.1459,0.2554,0.4644,0.3696,-1.934,0.05453,0.07465,0.1632,-0.2124,-1.113,-0.5146,0.09924,0.6206,0.7627,-0.2161,-0.05844,0.0771,-0.1586,-0.767,0.1893,-0.4487,0.3037,-0.2399,0.6797,0.1943,0.1716,-0.6157,-1.124,0.3186,0.3232,-0.1306,-0.8965,0.1613,-0.02818,0.303,0.8657,0.1262,0.6895,0.2185,-0.1555,0.3948,0.1395,-3.371,-0.866,0.2235,-0.2233,-1.058,-0.2113,-0.538
0,-0.10785,0.317,-0.3333,0.285,-0.09973,0.254,-0.2303,1.21,-0.2104,0.738,-0.86,-0.6587,-0.2017,-0.1672,0.2551,0.1821,-0.3208,0.1649,0.4316,-0.1791,-0.3389,1.06,0.3298,-0.8857,0.2764,-0.658,-2.133,-0.2788,-0.2375,0.1179,-0.2988,0.207,-0.1528,0.4336,-0.5703,-0.2029,-0.02805,0.6343,0.484,0.0388,0.2211,-0.07086,0.6216,0.7314,0.2454,0.01251,-0.2673,0.006096,-0.02913,0.0665,0.2622,-0.1544,-0.4712,1.107,0.3867,0.0912,-0.2003,0.4453,-0.04456,0.0628,3.016,0.4631,-0.26,-8.336,-0.3638,0.199,0.595,0.1031,-0.1432,0.526,0.542,-0.3098,7.164,-0.8076,0.683,0.2349,0.0809,1.045,1.075,0.1647,0.345,0.12054,0.1956,0.2458,-0.02444,-0.0804,-0.2852,0.298,-0.2444,-0.2043,0.02873,-0.672,0.0622,0.11176,-0.2288,1.442,-0.0581,-0.4817,0.4592,-3.072,-0.4485,1.066,0.04913,0.242,-0.4849,-0.9185,-0.5137,-0.02444,0.005047,0.197,0.1865,0.3435,-0.3704,-0.2646,-0.3984,-0.1021,-0.726,-0.5386,0.1927,-0.2207,0.0777,0.7866,-0.10046,0.534,-0.005707,1.234,-0.2007,0.0995,-0.0383,0.227,-0.2861,0.359,0.885,-0.0744,-0.02458,-0.03674,-0.4778,-0.2454,-1.944,-0.1327,-0.0591,0.3796,0.2322,0.01678,0.572,-0.302,-0.0904,-1.692,-0.0498,-0.4524,0.006584,-0.2542,-0.62,-0.3333,0.4983,0.00756,0.641,-0.704,-0.11273,0.1993,-0.01029,-0.369,-0.4148,-0.2438,0.3374,-0.011024,-0.773,-0.0754,-0.39,-0.299,-0.3623,0.976,-0.1377,0.03564,0.511,-0.3213,0.12463,-0.131,0.319,0.1559,-0.083,-0.4622,0.3015,-0.2457,-0.337,2.545,-0.6772,0.2744,-0.0424,-0.03848,-0.3247,-0.5356
1,0.06146,0.1669,-0.411,0.553,0.1525,0.1406,-0.572,-0.1816,-0.2424,0.221,1.141,-0.4111,0.0246,0.3904,-0.4785,0.1416,0.2915,0.3154,0.5205,-0.7134,-0.5107,-2.242,-0.4683,-0.3423,0.9956,1.121,2.621,-0.1677,0.10583,0.1962,0.3657,1.205,-0.3374,0.6406,-0.7217,-0.04425,0.4536,0.779,-0.8735,0.02934,-0.02867,0.05392,-0.2666,0.329,0.5625,-0.06323,0.3018,0.6104,0.1301,0.767,0.9316,-0.4312,-0.0737,0.3257,-0.267,-0.5503,0.0658,0.2998,-1.28,-0.03427,-1.839,0.4763,0.003641,-7.71,-0.964,0.9146,0.3582,-0.3816,-0.04895,0.605,-1.2295,0.01063,6.99,1.111,0.9634,0.1953,0.518,-0.1824,1.396,0.1711,0.3428,-0.3613,0.6445,-0.4392,0.1752,0.1106,-0.3347,-0.292,0.681,-0.1577,-0.2666,-0.01956,0.3076,-1.074,0.3625,-0.3105,0.2062,-0.4888,-0.1716,-1.641,-0.5415,0.582,0.03223,-0.6113,-0.521,0.4749,-0.1592,0.3037,-0.02356,0.07776,0.466,0.04245,-0.498,-0.1871,-0.6504,-0.00878,-0.4436,0.3462,0.02046,-0.2155,0.05136,0.5396,-0.683,0.1004,-0.321,1.766,-0.3694,0.152,0.5127,-0.12305,-0.323,1.304,-0.4287,-0.739,-0.1434,0.002468,-0.0306,0.73,0.4712,-0.159,0.557,0.1277,1.085,0.227,0.2888,0.4937,0.375,-1.903,0.0708,0.01678,0.2145,-0.2358,-1.176,-0.4949,-0.02377,0.57,0.742,-0.352,0.01935,0.10297,-0.10736,-0.7065,0.3098,-0.5015,0.4275,-0.2786,0.708,0.08984,0.239,-0.5737,-1.108,0.2305,0.3447,0.04813,-0.9126,0.12,-0.1029,0.2412,0.855,0.1006,0.589,0.2258,-0.2393,0.3552,0.089,-3.309,-0.825,0.1677,-0.1846,-1.054,-0.136,-0.5254
0,0.02612,0.2595,-0.2045,0.351,-0.10175,0.1637,-0.1334,1.3,-0.2488,0.735,-0.7983,-0.6333,-0.235,-0.09106,0.2048,0.1137,-0.3467,0.1018,0.3684,-0.2177,-0.2935,0.9385,0.2225,-0.9355,0.2158,-0.6772,-2.068,-0.213,-0.2908,0.1326,-0.2754,0.1643,-0.2578,0.3872,-0.6733,-0.286,-0.04175,0.6265,0.3684,-0.00408,0.1938,-0.0835,0.573,0.6826,0.2766,-0.1122,-0.3015,-0.03473,-0.08655,0.05643,0.3662,-0.0369,-0.4558,1.034,0.3347,0.08514,-0.1521,0.333,-0.04465,0.1066,2.957,0.467,-0.1652,-8.53,-0.348,0.1431,0.5645,0.144,-0.1763,0.4485,0.586,-0.3013,7.33,-0.766,0.624,0.297,0.11035,1.058,1.174,0.1377,0.3145,0.1034,0.2207,0.1978,0.00928,-0.002167,-0.2905,0.2673,-0.2166,-0.2507,-0.0369,-0.666,-0.00801,0.2123,-0.274,1.3545,-0.09326,-0.4377,0.469,-2.916,-0.419,0.8765,0.004955,0.1909,-0.4133,-0.8574,-0.4578,0.007217,0.0814,0.1757,0.3162,0.3923,-0.2822,-0.2712,-0.4287,-0.0632,-0.8237,-0.591,0.1433,-0.1703,0.1084,0.676,-0.0922,0.6113,-0.02843,1.162,-0.3044,0.1365,0.01596,0.2039,-0.2283,0.3596,0.8433,-0.0087,-0.01512,0.0428,-0.3657,-0.2893,-1.829,-0.1398,-0.06177,0.3806,0.1768,0.0191,0.5127,-0.2428,0.02736,-1.593,0.007904,-0.4546,0.07825,-0.1561,-0.646,-0.3044,0.408,0.06696,0.5864,-0.603,-0.09796,0.1923,0.11224,-0.3503,-0.2979,-0.2363,0.2644,0.001751,-0.7607,-0.0864,-0.4087,-0.2277,-0.3708,0.963,-0.1337,0.09076,0.455,-0.3552,0.01537,-0.0265,0.265,0.0749,-0.03778,-0.4343,0.1526,-0.2742,-0.2357,2.432,-0.709,0.1713,-0.071,0.05167,-0.2803,-0.4182
0,0.01804,0.287,-0.1641,0.4014,-0.0927,0.1686,-0.1384,1.264,-0.2266,0.745,-0.681,-0.647,-0.2218,-0.1357,0.2128,0.07184,-0.3293,0.1066,0.3347,-0.1971,-0.2522,0.8364,0.1791,-0.9155,0.12024,-0.7188,-1.981,-0.2091,-0.2163,0.1268,-0.2764,0.237,-0.3638,0.3242,-0.609,-0.2769,0.000779,0.5864,0.2559,-0.1537,0.1525,-0.0786,0.5117,0.7114,0.3372,-0.0648,-0.329,-0.02972,-0.10046,0.03026,0.323,0.01079,-0.403,1.037,0.2866,0.07135,-0.1742,0.3523,-0.0785,0.06506,2.91,0.4036,-0.1235,-8.69,-0.3499,0.0802,0.6416,0.1619,-0.04532,0.4539,0.604,-0.33,7.438,-0.6763,0.6133,0.2235,0.1267,1.061,1.124,0.1552,0.3323,0.1279,0.2037,0.1114,0.02617,-0.0631,-0.2551,0.305,-0.1665,-0.1823,-0.0905,-0.711,0.01643,0.2416,-0.2329,1.396,-0.1208,-0.4622,0.4048,-2.762,-0.3552,0.796,0.0821,0.10785,-0.3784,-0.841,-0.495,-0.07825,0.1289,0.1879,0.2443,0.3555,-0.2688,-0.2228,-0.3835,0.0416,-0.786,-0.4998,0.223,-0.1337,0.1312,0.6714,-0.09174,0.4858,0.000511,1.108,-0.3882,0.1458,0.0663,0.1584,-0.1929,0.352,0.814,-0.0891,-0.1223,0.0357,-0.2944,-0.3547,-1.738,-0.097,-0.1015,0.345,0.1533,0.1066,0.5386,-0.2126,0.05606,-1.543,0.004066,-0.4744,0.1298,-0.054,-0.8003,-0.2805,0.3608,0.0982,0.521,-0.5244,-0.05966,0.1497,0.1349,-0.2876,-0.2317,-0.286,0.3262,-0.0546,-0.796,-0.1165,-0.4497,-0.1862,-0.293,0.9087,-0.1048,0.153,0.5156,-0.3843,-0.034,0.063,0.1552,0.0659,-0.02008,-0.363,0.0898,-0.2356,-0.3318,2.303,-0.697,0.1064,-0.058,-0.0001702,-0.2722,-0.3591
1,0.1559,0.1704,-0.4287,0.4912,0.1226,0.04477,-0.569,-0.1627,-0.234,0.2058,1.067,-0.4373,0.04144,0.3672,-0.4402,0.1777,0.3335,0.3484,0.508,-0.6484,-0.498,-2.234,-0.4146,-0.3696,1.028,1.141,2.596,-0.181,0.159,0.1755,0.3025,1.159,-0.3142,0.622,-0.6665,-0.01346,0.5005,0.7573,-0.8037,0.01004,-0.00889,0.00705,-0.3699,0.3086,0.4973,-0.06274,0.3857,0.6323,0.1775,0.862,1.021,-0.5645,-0.157,0.3657,-0.1409,-0.5996,0.03964,0.3452,-1.337,-0.11035,-1.915,0.4397,0.04175,-7.64,-0.9575,0.8994,0.2866,-0.3745,-0.0904,0.5757,-1.344,-0.02208,7.023,1.2,0.958,0.298,0.5815,-0.1643,1.406,0.1853,0.247,-0.3733,0.562,-0.3816,0.2412,0.02434,-0.2556,-0.241,0.6885,-0.0959,-0.2788,-0.1017,0.2489,-1.047,0.4028,-0.2854,0.2588,-0.4807,-0.2446,-1.611,-0.4314,0.7075,-0.0003123,-0.6187,-0.546,0.4207,-0.2062,0.341,-0.08417,0.03064,0.3308,-0.005814,-0.5903,-0.1282,-0.6,0.0861,-0.4102,0.3716,0.04352,-0.1912,0.02783,0.6167,-0.7554,0.07166,-0.2563,1.74,-0.3596,0.1523,0.512,-0.1571,-0.3672,1.317,-0.452,-0.772,-0.0927,0.0794,0.03607,0.763,0.547,-0.1669,0.602,0.1735,1.112,0.2312,0.2126,0.4514,0.258,-1.908,0.14,0.002115,0.11194,-0.3074,-1.067,-0.5176,0.03064,0.4907,0.721,-0.2903,-0.03174,0.0821,-0.2078,-0.6846,0.216,-0.4,0.4333,-0.2725,0.6753,0.0912,0.2206,-0.6255,-1.194,0.2343,0.3381,-0.02927,-0.9585,0.125,-0.06964,0.3584,0.8286,0.1133,0.672,0.2064,-0.16,0.3416,0.04974,-3.334,-0.7725,0.2384,-0.1765,-1.0,-0.2732,-0.5093
1,-0.1266,0.09454,-0.41,0.3564,0.0867,0.1803,-0.7217,-0.4011,-0.1991,0.2683,1.19,-0.3782,-0.0974,0.5664,-0.3887,0.03427,0.4456,0.37,0.5405,-0.655,-0.3372,-2.209,-0.5586,-0.3174,0.944,1.044,2.477,-0.1902,-0.04562,0.3057,0.3894,1.418,-0.4407,0.5405,-0.6914,-0.1671,0.6436,0.9434,-1.064,0.0542,-0.1815,0.01758,-0.02365,0.1708,0.7256,0.173,-0.02754,0.562,-0.013115,0.618,0.9556,-0.3152,-0.077,-0.003124,-0.264,-0.3809,0.006657,0.1484,-1.307,0.0394,-1.777,0.418,0.12177,-7.637,-0.88,0.7803,0.1654,-0.4807,-0.1045,0.5654,-1.148,0.1098,6.945,1.039,0.7935,0.2622,0.4104,-0.06537,1.601,0.05667,0.2421,-0.2927,0.778,-0.2435,0.1521,0.1272,-0.3225,-0.268,0.6855,-0.3855,-0.3699,-0.0746,0.1621,-1.161,0.4058,-0.3782,0.1126,-0.47,-0.05273,-1.761,-0.6475,0.4868,0.1187,-0.7285,-0.2996,0.681,0.05475,0.226,-0.2224,-0.03522,0.707,0.3086,-0.2761,-0.2744,-0.622,0.04745,-0.588,0.6133,-0.165,-0.03964,0.01017,0.646,-0.5757,-0.01991,-0.5146,1.807,-0.276,0.1571,0.538,0.2617,-0.3652,1.234,-0.552,-0.671,-0.1879,0.037,0.1377,0.9004,0.3672,-0.1555,0.597,0.1718,1.117,0.1113,0.1241,0.5474,0.554,-2.139,-0.0928,0.1136,0.343,-0.186,-1.232,-0.363,0.1406,0.5684,0.8657,-0.1952,0.0751,-0.1284,-0.1444,-0.648,0.3403,-0.6875,0.27,-0.1829,0.772,-0.004215,0.0517,-0.665,-0.8384,0.458,0.4824,-0.0677,-0.8486,0.2295,0.06573,0.0708,0.9067,0.1512,0.5166,0.1414,-0.3438,0.4177,0.0815,-3.17,-0.788,0.1216,-0.2485,-1.064,-0.1722,-0.701
1,0.1533,0.0983,-0.3843,0.547,0.1504,0.02756,-0.543,-0.08765,-0.2544,0.146,1.034,-0.3826,0.0507,0.2683,-0.4524,0.1945,0.361,0.3438,0.4663,-0.5986,-0.486,-2.162,-0.4268,-0.4824,1.009,1.159,2.568,-0.2107,0.1981,0.1757,0.3647,1.158,-0.318,0.588,-0.6885,-0.02895,0.4272,0.6475,-0.8447,-0.05658,-0.0409,-0.00493,-0.3547,0.3289,0.4746,-0.0385,0.46,0.5913,0.1542,0.822,0.9473,-0.516,-0.1312,0.3416,-0.1609,-0.6074,0.0507,0.2947,-1.24,-0.1166,-1.914,0.4504,-0.02669,-7.695,-0.881,0.883,0.3328,-0.3447,-0.0972,0.521,-1.348,-0.02127,7.164,1.231,0.922,0.3694,0.503,-0.151,1.46,0.1422,0.2406,-0.3894,0.598,-0.326,0.3,0.03397,-0.291,-0.2227,0.6035,-0.05914,-0.2827,-0.0987,0.2563,-1.04,0.3914,-0.298,0.2861,-0.459,-0.1572,-1.569,-0.4878,0.5923,-0.01869,-0.578,-0.5615,0.4336,-0.1724,0.308,-0.0797,0.0524,0.3936,-0.01165,-0.6357,-0.0739,-0.6147,0.07306,-0.3484,0.3499,0.07465,-0.2076,-0.03638,0.636,-0.8047,0.1409,-0.2422,1.741,-0.354,0.11505,0.575,-0.1769,-0.3557,1.338,-0.4631,-0.691,-0.07153,0.08606,-0.05743,0.7847,0.5005,-0.1803,0.5483,0.231,1.019,0.2175,0.1873,0.4272,0.274,-1.77,0.0956,-0.00466,0.1729,-0.2542,-1.099,-0.4868,-0.0081,0.533,0.6143,-0.2441,-0.06223,0.084,-0.2068,-0.677,0.2251,-0.427,0.4001,-0.2786,0.6094,0.12054,0.2664,-0.5605,-1.187,0.2466,0.2888,-0.03836,-0.9976,0.1071,-0.1637,0.4224,0.8037,0.0964,0.684,0.1924,-0.1362,0.3882,0.10614,-3.305,-0.8213,0.1987,-0.1169,-0.97,-0.277,-0.4385
0,-0.032,0.274,-0.227,0.368,-0.07153,0.1356,-0.1052,1.259,-0.1747,0.7446,-0.651,-0.618,-0.2317,-0.1992,0.2067,0.09753,-0.3076,0.10846,0.3625,-0.2041,-0.2966,0.8784,0.2578,-1.017,0.1631,-0.755,-2.05,-0.2228,-0.1968,0.1373,-0.315,0.265,-0.2795,0.3733,-0.6196,-0.3135,-0.04318,0.6084,0.3118,-0.07715,0.1837,-0.0609,0.5405,0.7036,0.3147,-0.1017,-0.3147,-0.01935,-0.098,0.05234,0.345,-0.0983,-0.3064,1.028,0.2822,0.04996,-0.1267,0.3486,-0.03842,0.0799,2.953,0.402,-0.1185,-8.6,-0.3528,0.10626,0.679,0.1847,-0.0297,0.5,0.6333,-0.2832,7.34,-0.7446,0.673,0.2246,0.07697,1.041,1.22,0.1469,0.341,0.0665,0.2454,0.1404,0.011765,-0.08746,-0.275,0.2998,-0.1893,-0.1824,-0.0821,-0.6772,0.0413,0.2284,-0.2206,1.443,-0.04745,-0.4873,0.3796,-2.861,-0.3352,0.834,0.03836,0.1407,-0.3892,-0.886,-0.5215,-0.0413,0.1517,0.1934,0.2239,0.3308,-0.293,-0.2583,-0.3928,-0.0623,-0.7847,-0.521,0.2423,-0.1508,0.06415,0.6567,-0.09576,0.4907,-0.004337,1.103,-0.4058,0.1798,0.02357,0.2056,-0.2083,0.3982,0.8374,-0.07983,-0.06464,-0.01729,-0.3555,-0.3179,-1.799,-0.1531,-0.07056,0.3386,0.2163,0.0973,0.5327,-0.267,0.03638,-1.591,-0.0347,-0.506,0.05923,-0.10077,-0.7876,-0.2712,0.358,0.03903,0.551,-0.6084,-0.04446,0.2073,0.1121,-0.2961,-0.2942,-0.2686,0.3438,-0.03177,-0.7505,-0.0905,-0.427,-0.2073,-0.346,0.8584,-0.1444,0.1608,0.53,-0.3435,0.05707,0.0078,0.1819,0.0427,-0.055,-0.3552,0.1465,-0.1566,-0.3447,2.383,-0.678,0.1349,-0.03967,-0.02087,-0.2676,-0.4192
0,-0.06836,0.2208,-0.2524,0.32,-0.1085,0.3025,-0.04953,1.23,-0.162,0.7515,-0.718,-0.737,-0.2086,-0.1559,0.2379,0.1395,-0.3057,0.1156,0.3633,-0.1887,-0.3232,0.9863,0.3281,-0.912,0.2568,-0.703,-2.04,-0.284,-0.2935,0.1293,-0.3164,0.2296,-0.233,0.369,-0.6553,-0.301,-0.01694,0.6177,0.3545,-0.01778,0.2079,-0.03662,0.526,0.784,0.303,-0.002398,-0.2593,-0.0248,-0.05283,0.1028,0.3577,-0.0844,-0.4265,1.083,0.2988,0.11194,-0.1649,0.3525,-0.0933,0.0667,2.97,0.4363,-0.1958,-8.51,-0.359,0.1852,0.6997,0.1343,-0.04495,0.506,0.5967,-0.3096,7.207,-0.8003,0.727,0.2512,0.08856,1.011,1.09,0.1886,0.4229,0.1121,0.1864,0.1323,0.0009127,-0.10223,-0.3247,0.297,-0.1245,-0.11566,-0.03506,-0.6626,0.0163,0.1094,-0.293,1.477,-0.1677,-0.4448,0.4822,-2.967,-0.4436,0.9136,0.06186,0.1658,-0.4312,-0.892,-0.506,-0.02777,0.1257,0.1976,0.2072,0.3381,-0.4153,-0.2295,-0.398,-0.10175,-0.7837,-0.6187,0.28,-0.2288,0.161,0.6943,-0.1191,0.5303,0.011284,1.266,-0.3499,0.06088,0.01085,0.1604,-0.3035,0.3064,0.882,-0.10016,-0.0778,-0.01467,-0.4468,-0.2793,-1.861,-0.1471,-0.10736,0.3855,0.1708,0.12115,0.6514,-0.2201,0.02565,-1.613,-0.10425,-0.4846,0.0907,-0.1478,-0.7754,-0.2224,0.4392,0.1271,0.6265,-0.681,-0.06647,0.287,0.0382,-0.4224,-0.2878,-0.2377,0.34,-0.0581,-0.744,-0.06073,-0.3984,-0.2712,-0.3904,0.888,-0.1334,0.1012,0.497,-0.3079,0.0352,-0.04028,0.3147,0.11017,-0.01077,-0.4312,0.1472,-0.2637,-0.3699,2.387,-0.695,0.2002,-0.0642,-0.0478,-0.2695,-0.4834
0,-0.11194,0.346,-0.214,0.3782,-0.0343,0.2124,-0.1542,1.156,-0.2272,0.7285,-0.696,-0.642,-0.2495,-0.2037,0.2764,0.1425,-0.3237,0.03998,0.397,-0.2426,-0.2861,0.807,0.2172,-0.895,0.12146,-0.6597,-1.988,-0.1705,-0.1346,0.1044,-0.3323,0.2379,-0.2622,0.3687,-0.563,-0.2295,-0.002857,0.6304,0.313,-0.03333,0.1334,-0.04428,0.5835,0.708,0.3723,0.02463,-0.3323,-0.07776,-0.08466,-0.0517,0.3564,-0.004993,-0.357,1.023,0.3674,0.03247,-0.1816,0.3967,-0.02707,0.1263,2.914,0.3901,-0.2478,-8.625,-0.3667,0.05566,0.6523,0.1334,-0.10535,0.4812,0.5645,-0.3835,7.395,-0.797,0.6514,0.1819,0.05505,1.009,1.146,0.0868,0.333,0.09686,0.2473,0.1987,-0.01023,-0.01369,-0.2957,0.256,-0.191,-0.2025,0.0113,-0.652,-0.004215,0.1448,-0.1818,1.372,-0.0221,-0.5366,0.452,-2.877,-0.3562,0.8506,0.0629,0.1345,-0.3682,-0.8506,-0.4524,-0.10175,0.149,0.2349,0.2112,0.3835,-0.3044,-0.2546,-0.3418,-0.05478,-0.705,-0.4836,0.2256,-0.1508,-0.006252,0.6904,-0.013725,0.479,0.03464,1.1455,-0.287,0.1014,0.01286,0.2009,-0.2466,0.3223,0.808,-0.12006,-0.04535,-0.07385,-0.3582,-0.3,-1.855,-0.1097,-0.09753,0.3386,0.2125,0.1411,0.5273,-0.2905,0.02878,-1.633,-0.07086,-0.462,0.01907,-0.1423,-0.767,-0.3027,0.2834,-0.0009165,0.572,-0.6396,-0.063,0.222,0.1335,-0.2646,-0.2705,-0.3228,0.4075,0.02849,-0.712,-0.1787,-0.3694,-0.2406,-0.2717,0.871,-0.1367,0.1514,0.6875,-0.2737,0.03265,-0.0857,0.1759,0.03555,-0.0939,-0.387,0.1675,-0.14,-0.3877,2.352,-0.664,0.2178,-0.0006256,0.006943,-0.2318,-0.4207
0,-0.1915,0.342,-0.3381,0.2286,-0.07935,0.2942,-0.04175,1.141,-0.03568,0.738,-0.772,-0.7617,-0.0818,-0.2607,0.2305,0.1864,-0.2712,0.1445,0.4321,-0.1982,-0.4268,1.065,0.4937,-0.975,0.303,-0.7397,-2.074,-0.2279,-0.1934,0.09296,-0.393,0.204,-0.1376,0.434,-0.6206,-0.3218,-0.06885,0.685,0.4712,0.1501,0.2478,-0.03235,0.584,0.708,0.2133,0.069,-0.2695,0.01433,0.04938,0.1531,0.312,-0.2976,-0.355,1.155,0.339,0.09814,-0.1276,0.4028,-0.0394,0.0642,2.94,0.3838,-0.2283,-8.31,-0.327,0.1884,0.698,0.0967,-0.09344,0.6104,0.635,-0.2913,7.07,-0.873,0.7812,0.251,-0.03195,0.964,1.114,0.2407,0.512,0.085,0.258,0.10876,-0.04974,-0.1578,-0.3218,0.2942,-0.1064,-0.1042,0.09534,-0.614,0.0702,0.06433,-0.254,1.494,-0.0669,-0.475,0.4614,-3.137,-0.452,0.9946,0.077,0.2876,-0.409,-0.94,-0.4556,-0.01357,0.0742,0.139,0.09406,0.3,-0.4307,-0.273,-0.4067,-0.1335,-0.7173,-0.6187,0.2688,-0.306,0.089,0.732,-0.02597,0.5483,0.03058,1.281,-0.2878,0.04987,-0.0653,0.1863,-0.3533,0.3308,0.905,-0.1492,0.02446,-0.1722,-0.544,-0.2386,-2.033,-0.1975,-0.06384,0.3489,0.2417,0.165,0.712,-0.3572,0.01666,-1.669,-0.1674,-0.443,-0.0581,-0.1805,-0.74,-0.2043,0.4026,0.04138,0.7554,-0.8706,-0.02617,0.3933,-0.03152,-0.4463,-0.3635,-0.2489,0.3337,-0.0214,-0.71,-0.03632,-0.3235,-0.392,-0.4834,0.7944,-0.2053,0.0632,0.583,-0.259,0.1412,-0.2048,0.3892,0.10565,-0.03415,-0.4802,0.3115,-0.188,-0.4644,2.482,-0.759,0.3184,-0.01478,-0.1401,-0.285,-0.609
0,0.2126,0.2267,-0.05252,0.4954,0.07666,-0.1703,-0.461,1.304,-0.3733,0.8276,-0.6797,-0.4343,-0.2236,-0.0841,0.195,-0.0431,-0.4268,0.03012,0.3062,-0.403,-0.1318,0.7114,-0.3215,-1.042,0.1268,-0.4849,-1.856,0.009766,-0.0902,0.09845,-0.0885,0.2314,-0.416,0.3594,-0.3477,-0.0838,0.0749,0.7217,0.06,-0.3289,-0.03726,-0.1112,0.4111,0.5947,0.3357,0.1749,-0.4058,-0.1525,-0.1481,-0.0724,0.1906,0.406,-0.4456,1.155,0.1434,-0.06616,-0.3123,0.3313,-0.00553,0.02782,2.533,0.3535,-0.2074,-8.85,-0.3555,0.1962,0.3987,0.213,-0.1853,0.4458,0.4578,-0.412,7.91,-0.4397,0.563,0.2559,0.0896,1.142,1.081,-0.0513,0.1606,0.1888,0.136,0.2727,0.2152,-0.01025,-0.06744,0.10846,-0.195,-0.3494,-0.2264,-0.8267,-0.05954,0.2783,-0.1161,1.062,0.04233,-0.377,0.3494,-2.46,-0.1991,0.5117,0.0851,0.137,-0.32,-0.744,-0.3142,-0.1909,0.0668,0.1798,0.343,0.533,-0.1432,-0.0731,-0.5327,0.4172,-0.8203,-0.1932,0.1892,-0.1927,-0.01591,0.4922,-0.2974,0.3381,-0.05432,0.972,-0.317,0.09,0.03394,0.04044,-0.07904,0.3044,0.7363,-0.2343,-0.1138,0.203,-0.214,-0.362,-1.321,0.01538,0.2146,0.2443,0.3076,0.02953,0.2347,-0.1879,0.04138,-1.364,0.242,-0.3345,0.2637,-0.0164,-0.7905,-0.4312,0.1488,0.2192,0.3213,-0.091,-0.2505,-0.03452,0.328,0.0949,0.004547,-0.2852,0.3064,-0.1053,-0.7944,-0.4163,-0.6797,-0.1804,-0.11847,0.764,0.0621,0.1388,0.3806,-0.312,-0.3218,0.11896,0.01002,0.209,0.0948,-0.2462,-0.2544,0.0549,-0.2249,2.012,-0.7715,0.0005374,0.01398,0.04184,-0.322,-0.1265
0,-0.00934,0.29,-0.2075,0.2067,-0.05215,0.010284,-0.4734,1.229,-0.2705,0.7383,-0.5557,-0.5527,-0.2903,-0.2201,0.2393,0.0261,-0.3423,0.09717,0.497,-0.208,-0.2483,0.827,0.0759,-1.07,-0.002142,-0.6846,-2.127,-0.228,-0.1748,0.0908,-0.292,0.3157,-0.1324,0.3286,-0.443,-0.196,0.0297,0.702,0.1919,-0.2175,0.1581,-0.1356,0.558,0.673,0.328,0.03824,-0.2798,-0.1572,-0.10175,0.004025,0.2247,-0.01029,-0.3374,1.106,0.2554,0.006805,-0.08356,0.4448,-0.03745,0.0997,2.889,0.3726,-0.238,-8.63,-0.4297,0.2235,0.507,0.1915,0.07916,0.4636,0.4277,-0.3633,7.47,-0.5557,0.6797,0.11694,0.04883,1.166,1.185,0.0759,0.209,0.2627,0.17,0.3289,-0.003733,-0.07336,-0.2224,0.3809,-0.1572,-0.2434,-0.0784,-0.798,0.044,0.2761,-0.12103,1.419,0.058,-0.4607,0.2224,-2.71,-0.1934,0.9653,0.1186,0.09576,-0.4,-0.9,-0.651,-0.1919,0.1128,0.291,0.1547,0.3765,-0.3086,-0.3406,-0.316,0.04126,-0.802,-0.371,0.2339,-0.1486,-0.08813,0.562,-0.1375,0.3428,0.0821,0.9863,-0.318,0.1757,0.00959,0.2544,-0.1571,0.3525,0.7876,-0.2286,0.012375,-0.02805,-0.2888,-0.3374,-1.688,-0.05563,0.12244,0.1881,0.3384,0.07715,0.2297,-0.3723,-0.113,-1.551,0.1644,-0.3818,0.0933,-0.124,-0.948,-0.4258,0.36,-0.076,0.444,-0.4053,-0.1832,0.04785,0.0802,0.0389,-0.4285,-0.2157,0.4338,0.006012,-0.722,-0.2725,-0.507,-0.2059,-0.1904,0.843,-0.0247,0.3103,0.577,-0.223,0.05176,0.005264,0.1259,0.1865,-0.0421,-0.3562,0.06885,0.1472,-0.3406,2.373,-0.56,0.244,0.04364,-0.02908,-0.3071,-0.4316
0,-0.07874,0.2443,-0.3018,0.2766,-0.0662,0.2142,-0.0918,1.212,-0.1783,0.783,-0.672,-0.6245,-0.1954,-0.1693,0.2252,0.1526,-0.2908,0.08844,0.3875,-0.222,-0.319,0.921,0.2517,-0.958,0.2347,-0.7285,-2.059,-0.1896,-0.2673,0.1469,-0.3306,0.2017,-0.2196,0.4346,-0.638,-0.3286,-0.03802,0.665,0.4023,0.03967,0.2406,-0.04965,0.5913,0.7344,0.306,-0.0718,-0.3145,-0.0387,-0.0986,0.04684,0.4097,-0.10815,-0.3352,1.003,0.358,0.1504,-0.1047,0.364,-0.0351,0.123,2.967,0.448,-0.214,-8.516,-0.3752,0.1776,0.659,0.1888,-0.1007,0.5386,0.6357,-0.2676,7.19,-0.868,0.73,0.2512,0.01454,1.007,1.22,0.1619,0.3567,0.051,0.2717,0.1841,-0.05463,-0.0626,-0.3489,0.2114,-0.1626,-0.2247,-0.00955,-0.591,0.01007,0.136,-0.2607,1.422,-0.0785,-0.49,0.4905,-3.03,-0.3984,0.9067,0.05078,0.2174,-0.4187,-0.8564,-0.4985,-0.02359,0.1465,0.1776,0.2756,0.3108,-0.282,-0.2856,-0.4202,-0.15,-0.858,-0.6104,0.2358,-0.2257,0.11646,0.6655,-0.11176,0.5054,0.02249,1.183,-0.3032,0.198,-0.01491,0.1918,-0.2673,0.3704,0.8325,-0.0881,-0.001288,-0.05838,-0.3982,-0.2588,-1.897,-0.1427,-0.071,0.3467,0.2323,0.08887,0.556,-0.2952,0.0675,-1.644,-0.0652,-0.4954,0.004955,-0.16,-0.7314,-0.2688,0.379,0.01007,0.678,-0.738,-0.05557,0.2507,0.0856,-0.4038,-0.2615,-0.327,0.3242,0.01611,-0.6836,-0.10205,-0.3582,-0.2134,-0.38,0.868,-0.0942,0.08887,0.5303,-0.2734,0.09564,-0.1306,0.295,0.0266,-0.08386,-0.4148,0.135,-0.1792,-0.3455,2.43,-0.706,0.2178,-0.0693,-0.00655,-0.257,-0.5063
1,0.1029,0.1702,-0.3848,0.4658,0.1342,0.05942,-0.563,-0.1904,-0.2013,0.2041,1.075,-0.381,0.0976,0.413,-0.541,0.244,0.3547,0.3608,0.536,-0.754,-0.5156,-2.137,-0.3787,-0.5083,1.11,1.134,2.709,-0.1661,0.2605,0.1843,0.337,1.062,-0.2773,0.5825,-0.6294,-0.071,0.586,0.8047,-0.8623,0.01424,0.03897,0.05142,-0.3125,0.2773,0.51,-0.0873,0.3547,0.687,0.176,0.825,0.9976,-0.683,-0.1451,0.3704,-0.1547,-0.5527,0.027,0.4353,-1.262,-0.03326,-2.053,0.4287,-0.125,-7.477,-0.946,0.942,0.3713,-0.4202,-0.1534,0.629,-1.258,-0.00811,6.875,1.227,0.8887,0.332,0.546,-0.2207,1.534,0.247,0.4238,-0.3655,0.573,-0.4834,0.1862,0.01269,-0.3328,-0.3423,0.644,-0.1643,-0.1978,-0.0755,0.2378,-1.132,0.4155,-0.3777,0.2024,-0.5137,-0.1241,-1.599,-0.593,0.665,0.03125,-0.6562,-0.595,0.4792,-0.083,0.3496,-0.07874,0.03912,0.3992,-0.0671,-0.581,-0.08844,-0.683,0.11273,-0.4336,0.3594,0.0396,-0.2498,0.06082,0.748,-0.7593,0.0477,-0.2764,1.843,-0.3455,0.1326,0.578,-0.2369,-0.3445,1.333,-0.523,-0.7793,-0.06775,0.04608,0.068,0.76,0.412,-0.1919,0.5117,0.1909,1.045,0.2148,0.329,0.4146,0.3635,-1.923,0.07794,0.0392,0.07184,-0.2128,-1.155,-0.5654,0.1141,0.6245,0.78,-0.366,-0.0496,0.1693,-0.2146,-0.831,0.3042,-0.4968,0.3464,-0.2637,0.718,0.1306,0.3108,-0.5605,-1.186,0.2424,0.3105,-0.127,-0.927,0.1417,-0.1111,0.2947,0.9077,0.1464,0.694,0.1976,-0.1885,0.405,0.05798,-3.363,-0.9287,0.248,-0.2123,-1.143,-0.2217,-0.534
1,0.002935,0.1359,-0.4219,0.5186,0.1209,0.1315,-0.7026,-0.3276,-0.1953,0.2532,1.121,-0.5273,0.0099,0.4785,-0.516,0.2109,0.3215,0.3232,0.599,-0.789,-0.5244,-2.275,-0.4958,-0.3342,1.072,1.169,2.693,-0.2115,0.1743,0.304,0.414,1.142,-0.3252,0.6313,-0.6265,0.03375,0.6265,0.918,-0.9414,0.0548,0.002829,0.11676,-0.2347,0.3047,0.586,0.0325,0.1971,0.677,0.1371,0.725,1.01,-0.4841,-0.1296,0.31,-0.2788,-0.6104,-0.04727,0.4949,-1.314,-0.001672,-1.906,0.5073,-0.0394,-7.49,-1.058,0.9873,0.3618,-0.5293,-0.12225,0.633,-1.342,-0.02724,6.668,1.117,0.9,0.1753,0.5327,-0.211,1.52,0.1798,0.4712,-0.2666,0.6733,-0.4624,0.1342,0.0978,-0.3232,-0.3926,0.678,-0.27,-0.2097,-0.1028,0.2764,-1.134,0.4058,-0.48,0.1472,-0.553,-0.1312,-1.719,-0.626,0.713,-0.06232,-0.7075,-0.4126,0.551,0.03702,0.3408,-0.1218,0.05792,0.4802,0.09564,-0.4033,-0.284,-0.6807,0.005077,-0.4963,0.474,-0.095,-0.1231,0.03717,0.73,-0.5894,0.123,-0.4194,1.882,-0.3179,0.1053,0.5547,-0.0966,-0.326,1.201,-0.4683,-0.847,-0.149,0.04,0.1702,0.746,0.4417,-0.2112,0.603,0.1499,1.079,0.2222,0.2573,0.4927,0.4956,-2.09,0.1593,0.1719,0.1298,-0.2325,-1.252,-0.5874,0.1508,0.547,0.808,-0.2742,-0.03793,0.07806,-0.1306,-0.7856,0.1956,-0.506,0.4094,-0.2043,0.7583,0.0322,0.189,-0.6904,-1.073,0.3357,0.4775,-0.0591,-0.8423,0.1495,0.04538,0.1581,0.8945,0.1193,0.596,0.2227,-0.2018,0.391,0.0859,-3.309,-0.9277,0.2754,-0.3577,-1.169,-0.08386,-0.655
1,-0.1716,0.03177,-0.4705,0.4873,-0.0825,0.2047,-0.617,-0.2827,-0.279,0.2455,1.164,-0.2615,-0.1641,0.3652,-0.323,-0.04028,0.3792,0.3162,0.5073,-0.5283,-0.3884,-2.168,-0.607,-0.2007,0.9365,0.949,2.262,-0.3281,-0.2534,0.1592,0.2245,1.428,-0.3442,0.58,-0.7354,-0.03806,0.3105,0.7114,-0.871,0.3645,-0.1351,-0.10034,-0.02536,0.1321,0.6094,0.0807,0.3406,0.4817,0.0208,0.595,0.9106,-0.0813,-0.05347,-0.02583,-0.27,-0.5786,0.139,0.02374,-1.397,-0.014534,-1.561,0.4192,0.4238,-7.99,-0.921,0.772,0.1763,-0.258,0.0842,0.636,-1.077,0.1315,7.25,0.907,0.8374,0.2095,0.3594,-0.1077,1.429,0.01344,0.07574,-0.382,0.9434,-0.1376,0.2903,0.1398,-0.2979,-0.05667,0.8237,-0.1161,-0.4036,0.0817,0.3425,-0.9966,0.4612,-0.1892,0.1495,-0.2659,-0.3137,-1.7295,-0.3281,0.4639,-0.02946,-0.615,-0.2861,0.481,-0.2069,0.0998,-0.10767,0.1431,0.632,0.2632,-0.4058,-0.3604,-0.4612,-0.1964,-0.479,0.4792,-0.11865,-0.07477,-0.2286,0.2313,-0.58,0.1716,-0.4321,1.615,-0.3738,0.2296,0.477,0.502,-0.279,1.275,-0.4324,-0.6333,-0.2451,0.07916,-0.10693,0.877,0.4763,-0.357,0.6733,0.0459,1.358,-0.05185,0.02202,0.4395,0.4126,-2.021,0.0932,0.01348,0.3618,-0.2776,-1.1455,-0.2834,-0.1304,0.3906,0.4895,-0.1086,0.1995,-0.1075,-0.262,-0.333,0.1432,-0.4897,0.3364,-0.343,0.846,0.04428,0.00661,-0.4714,-1.028,0.4292,0.4038,0.2866,-0.8877,0.1741,-0.07635,0.07684,0.834,0.03348,0.413,0.2062,-0.1971,0.288,-0.1461,-3.031,-0.5107,-0.0002414,0.04782,-0.879,-0.1477,-0.5776
1,0.5195,-0.2854,-0.00424,0.672,0.2251,-0.3804,-0.556,0.516,-0.2722,0.1327,0.522,-0.1849,-0.4563,0.05234,-0.004784,-0.0551,0.2386,0.3528,0.2222,-0.461,-0.267,-2.21,-0.5283,-0.728,0.5405,1.103,1.059,0.09625,0.0612,0.1832,0.3755,1.106,-0.1926,0.2269,-0.7856,-0.2354,0.243,0.814,-0.5796,-0.2788,-0.4597,-0.3752,-0.328,0.1804,0.5396,0.02061,-0.07294,-0.038,-0.1746,0.555,0.9614,0.378,-0.06537,0.3228,-0.1614,-0.777,-0.318,-0.03482,-1.053,0.02203,-0.7856,0.01857,0.2778,-8.91,-0.07965,0.2487,0.3162,-0.2827,-0.01993,0.2023,-0.776,0.11285,7.89,0.9404,0.4543,0.52,0.709,0.2162,1.295,-0.0612,-0.1594,-0.3364,0.4182,0.2844,0.548,0.4272,-0.1932,0.2284,0.405,-0.1189,-0.515,-0.03442,-0.345,-0.632,0.56,-0.2734,0.4878,-0.365,0.123,-1.704,-0.2231,-0.4058,-0.03586,-0.546,-0.0225,0.4407,0.1998,0.02356,-0.2207,-0.1935,0.4387,0.7275,-0.3306,0.1277,-0.623,0.1675,-0.1592,0.4316,-0.343,0.2664,-0.537,0.1444,-0.4663,0.2341,-0.2974,0.8022,-0.2423,-0.1344,0.3052,0.3613,0.1484,1.345,-0.2898,-0.2487,-0.3281,0.3506,-0.04697,0.243,0.816,-0.6304,0.9336,0.3235,-0.03214,0.117,0.1254,0.2063,0.2202,-1.672,-0.05438,-0.0889,0.6665,-0.3992,-0.871,0.0915,-0.104,0.3906,0.419,0.0917,-0.02321,-0.023,0.2803,0.0554,0.18,-0.1912,0.2502,-0.2123,-0.0607,-0.1533,-0.4902,-0.371,-0.722,0.2744,-0.2013,0.1643,-0.514,0.000997,0.04297,0.6826,0.2195,-0.00881,0.553,-0.00282,-0.2568,0.497,0.7305,-2.037,-0.6567,-0.1978,0.0656,-0.3044,-0.0791,-0.1154
0,-0.1453,0.324,-0.3218,0.3022,-0.05908,0.2935,-0.005314,1.162,-0.1332,0.759,-0.7803,-0.7173,-0.1407,-0.2074,0.2412,0.1858,-0.2852,0.1357,0.4077,-0.2289,-0.3752,0.9893,0.3845,-0.9004,0.2377,-0.721,-2.012,-0.2566,-0.211,0.12036,-0.3772,0.1859,-0.2338,0.4084,-0.6016,-0.278,-0.03394,0.6616,0.376,0.0878,0.1997,-0.04272,0.581,0.695,0.2556,0.01196,-0.304,-0.0003638,-0.0719,0.1056,0.3296,-0.1581,-0.4185,1.11,0.3428,0.09845,-0.1549,0.3606,-0.0378,0.09247,2.943,0.4148,-0.2045,-8.445,-0.3682,0.1427,0.7236,0.1121,-0.0944,0.5786,0.6577,-0.2942,7.176,-0.849,0.727,0.2432,0.0353,0.963,1.09,0.2076,0.4734,0.08875,0.2238,0.1028,-0.0156,-0.0684,-0.324,0.325,-0.095,-0.1346,0.03357,-0.6357,0.02051,0.07965,-0.2659,1.472,-0.08636,-0.4634,0.4792,-3.01,-0.4487,0.9053,0.0743,0.23,-0.4192,-0.916,-0.4778,0.0259,0.1488,0.142,0.1676,0.305,-0.389,-0.2783,-0.3943,-0.0713,-0.722,-0.622,0.25,-0.2347,0.1299,0.7207,-0.04898,0.4858,-0.0008006,1.279,-0.3066,0.0635,-0.01695,0.1886,-0.3345,0.346,0.854,-0.1241,-0.04947,-0.1324,-0.4968,-0.2983,-1.99,-0.173,-0.1204,0.3752,0.2307,0.1302,0.697,-0.3076,0.00478,-1.638,-0.1407,-0.47,-0.01619,-0.1538,-0.744,-0.2365,0.3572,0.0304,0.7046,-0.8013,-0.02933,0.3472,0.05438,-0.4106,-0.2878,-0.2773,0.3599,-0.03384,-0.7046,-0.05606,-0.3625,-0.2952,-0.4133,0.8574,-0.144,0.0861,0.604,-0.2898,0.05194,-0.1726,0.3315,0.0921,-0.03793,-0.4292,0.2502,-0.2275,-0.3967,2.424,-0.73,0.2319,0.01875,-0.08655,-0.2496,-0.537
1,0.3455,0.1006,-0.3838,0.5146,0.205,-0.0838,-0.5464,-0.0701,-0.2522,0.11304,1.15,-0.4246,0.0723,0.2244,-0.4817,0.1652,0.312,0.3616,0.5527,-0.679,-0.5264,-2.268,-0.4048,-0.5254,1.065,1.057,2.6,-0.2864,0.1272,0.1929,0.2302,1.139,-0.2325,0.584,-0.773,-0.0768,0.3757,0.863,-0.927,0.04285,-0.05023,0.0296,-0.353,0.1809,0.4854,-0.1398,0.4854,0.4968,0.11646,0.985,0.902,-0.5137,-0.2115,0.3274,-0.2712,-0.6763,0.0885,0.251,-1.307,-0.176,-1.909,0.478,0.006676,-7.664,-0.8813,0.9404,0.3616,-0.3796,0.1548,0.4868,-1.3125,-0.03238,6.957,1.298,1.092,0.1609,0.7197,-0.0978,1.579,0.1715,0.2776,-0.2812,0.4707,-0.337,0.2444,0.0877,-0.2346,-0.261,0.867,0.0865,-0.5356,-0.1237,0.1631,-0.9443,0.354,-0.1389,0.2695,-0.4556,-0.3513,-1.385,-0.2517,0.5654,-0.03041,-0.704,-0.5586,0.394,-0.1587,0.448,0.02814,0.1523,0.1642,0.004116,-0.7085,-0.1343,-0.4717,0.1071,-0.288,0.2803,0.1313,-0.252,-0.1776,0.4973,-0.702,-0.00811,-0.229,1.64,-0.502,0.08997,0.5356,-0.01653,-0.4187,1.433,-0.4617,-0.809,-0.141,0.09076,-0.05133,0.585,0.573,-0.2264,0.6465,0.3477,1.121,0.2874,0.199,0.3513,0.1034,-1.862,0.1254,0.1584,0.1445,-0.2834,-1.075,-0.5513,-0.1715,0.468,0.557,-0.1882,0.0806,0.1183,-0.1153,-0.605,0.2103,-0.3657,0.541,-0.287,0.6436,0.0713,0.1766,-0.708,-1.31,0.0753,0.375,0.0387,-0.8203,0.0335,-0.11084,0.5317,0.842,0.112,0.7056,0.228,-0.10504,0.3918,0.2031,-3.363,-0.6475,0.1267,-0.0994,-1.092,-0.2325,-0.4402
1,0.447,-0.02016,-0.2722,0.573,0.2156,-0.06058,-0.6577,-0.00944,-0.3982,0.1617,1.001,-0.3596,-0.03195,0.0684,-0.454,0.1514,0.2471,0.4043,0.3884,-0.678,-0.5054,-2.22,-0.4539,-0.6416,0.952,1.235,2.49,-0.2301,0.1821,0.1775,0.375,1.037,-0.1869,0.3923,-0.8276,0.1617,0.326,0.7114,-0.8413,-0.04138,-0.0596,-0.0817,-0.427,0.2805,0.3718,-0.0794,0.5454,0.4712,0.1393,0.935,0.846,-0.4724,-0.318,0.3928,-0.1426,-0.666,0.06238,0.2976,-1.125,-0.2374,-1.911,0.3892,-0.0915,-7.777,-0.683,0.9453,0.3806,-0.392,0.0264,0.4429,-1.322,-0.03735,7.242,1.227,1.04,0.2856,0.746,-0.08374,1.534,0.0956,0.1611,-0.4075,0.4219,-0.2952,0.3816,0.1497,-0.185,-0.1853,0.624,0.0705,-0.371,-0.1931,0.0839,-0.8335,0.2722,-0.2036,0.2428,-0.365,-0.198,-1.401,-0.41,0.4487,-0.0222,-0.481,-0.4595,0.427,-0.2646,0.3513,-0.1915,0.03738,0.3005,-0.009384,-0.8374,0.04083,-0.4343,0.2017,-0.2155,0.3691,0.1109,-0.2646,-0.097,0.55,-0.861,0.1167,-0.11383,1.568,-0.406,0.02704,0.6,-0.1527,-0.2869,1.522,-0.5264,-0.593,-0.006096,0.0977,-0.012375,0.5366,0.6147,-0.1681,0.6636,0.3074,0.9272,0.249,0.2344,0.4133,0.0902,-1.663,0.1771,0.1167,0.1636,-0.3496,-1.03,-0.4302,-0.09784,0.5454,0.558,-0.2122,-0.1782,0.1243,-0.10486,-0.558,0.1515,-0.3542,0.4446,-0.3286,0.4656,0.1079,0.1915,-0.6846,-1.243,0.1482,0.2615,-0.03836,-0.877,-0.0805,-0.3337,0.5566,0.653,0.1865,0.7715,0.2507,0.01813,0.46,0.3481,-3.312,-0.822,0.2075,-0.10516,-0.877,-0.2568,-0.332
0,-0.1763,0.3484,-0.3496,0.2825,-0.04263,0.3066,-0.10486,1.155,-0.1997,0.806,-0.747,-0.5913,-0.2432,-0.2318,0.1843,0.1655,-0.3376,0.07983,0.4272,-0.2517,-0.3767,1.059,0.298,-0.9004,0.11255,-0.7886,-2.168,-0.2181,-0.1772,0.0893,-0.41,0.2935,-0.11426,0.4734,-0.4773,-0.2854,-0.05276,0.544,0.3965,-0.01865,0.2698,-0.075,0.6885,0.704,0.2566,-0.0256,-0.3198,-0.12286,-0.129,0.0657,0.3262,-0.1633,-0.2544,1.008,0.35,0.04065,-0.08374,0.4136,0.02869,0.1749,3.086,0.3875,-0.2273,-8.45,-0.3994,0.11316,0.661,0.1696,-0.02931,0.523,0.6274,-0.166,7.125,-0.855,0.6987,0.2961,0.04626,0.9863,1.204,0.1632,0.406,0.03165,0.2764,0.1732,-0.1396,-0.1104,-0.3938,0.2627,-0.2068,-0.1203,-0.02147,-0.58,0.03036,0.2145,-0.1968,1.484,-0.071,-0.4832,0.441,-2.96,-0.31,1.046,0.0973,0.2578,-0.4885,-0.7925,-0.4683,-0.04028,0.05844,0.1846,0.1914,0.3005,-0.389,-0.3079,-0.4094,-0.2947,-0.815,-0.6006,0.3428,-0.249,0.12146,0.643,-0.1698,0.3677,0.0222,1.158,-0.3223,0.2693,-0.01855,0.2761,-0.2969,0.391,0.9116,-0.03244,-0.01283,-0.07294,-0.4482,-0.2588,-1.88,-0.1298,-0.0801,0.3237,0.2593,0.04584,0.591,-0.3516,-0.07355,-1.829,-0.0627,-0.498,0.02763,-0.1984,-0.7983,-0.2883,0.4097,0.01881,0.5654,-0.7666,-0.0756,0.2075,0.1096,-0.3066,-0.3403,-0.268,0.3398,-0.0353,-0.6147,-0.02838,-0.3645,-0.3208,-0.3218,0.9204,-0.1422,0.0667,0.5854,-0.2281,0.11,-0.2269,0.193,0.07477,-0.0943,-0.3225,0.2925,-0.0708,-0.4788,2.432,-0.588,0.1863,-0.068,0.010704,-0.198,-0.4631
0,0.00633,0.2827,-0.2367,0.272,0.0097,0.1137,0.02505,1.3,-0.1324,0.7676,-0.714,-0.588,-0.2335,-0.2323,0.1794,0.0932,-0.3638,0.0488,0.3755,-0.2593,-0.338,1.018,0.3052,-1.081,0.1799,-0.7466,-2.166,-0.2012,-0.237,0.0608,-0.3264,0.2554,-0.1516,0.4539,-0.614,-0.349,-0.1279,0.6074,0.299,-0.06204,0.2092,-0.11615,0.508,0.7056,0.224,-0.08496,-0.3198,-0.1556,-0.1396,0.1569,0.3594,-0.1344,-0.2732,1.11,0.296,0.07697,-0.0351,0.3032,0.006992,0.1421,3.041,0.407,-0.1935,-8.58,-0.3179,0.1125,0.6694,0.2183,0.002808,0.447,0.58,-0.1897,7.188,-0.73,0.8164,0.3865,0.01698,1.027,1.249,0.1017,0.3694,0.014824,0.2231,0.192,-0.02083,-0.08813,-0.32,0.29,-0.1981,-0.08984,-0.1218,-0.6343,-0.072,0.2993,-0.2646,1.495,-0.00823,-0.421,0.454,-2.916,-0.2642,0.9214,0.0676,0.2822,-0.3977,-0.801,-0.4856,9.984e-05,0.0963,0.1444,0.2153,0.356,-0.3843,-0.2874,-0.4402,-0.2235,-0.789,-0.6997,0.3767,-0.269,0.07983,0.5234,-0.1776,0.4194,0.03317,0.9976,-0.4187,0.2128,0.02132,0.2299,-0.2803,0.4219,0.9253,-0.01462,-0.03253,0.0033,-0.533,-0.369,-1.751,-0.1613,0.001626,0.3645,0.2131,0.1792,0.6084,-0.3804,0.03235,-1.529,-0.03775,-0.549,0.0735,-0.1571,-0.8096,-0.1968,0.2964,0.03323,0.5845,-0.689,-0.0805,0.273,0.1772,-0.3027,-0.3235,-0.1874,0.3027,-0.02629,-0.7183,-0.0422,-0.462,-0.274,-0.4265,0.756,-0.1924,0.1276,0.458,-0.2751,0.01955,-0.05112,0.2318,0.0353,-0.03815,-0.3455,0.2012,-0.1023,-0.2878,2.338,-0.648,0.1746,-0.0835,0.02594,-0.1957,-0.413
0,0.1588,0.311,-0.1469,0.3005,0.03403,0.03717,-0.3682,1.294,-0.297,0.7905,-0.89,-0.4807,-0.1749,-0.3455,0.1316,0.01678,-0.4377,0.03345,0.4226,-0.2515,-0.3474,1.111,0.01511,-1.0625,0.1436,-0.5986,-2.275,-0.02055,-0.1602,0.04706,-0.2878,0.1185,0.02492,0.548,-0.4758,-0.139,-0.0926,0.4856,0.4067,-0.227,0.2583,-0.25,0.629,0.568,0.0689,0.071,-0.10565,-0.4114,-0.0342,0.02838,0.2922,-0.06384,-0.361,1.175,0.2097,-0.0674,-0.1086,0.5513,-0.0287,0.03207,2.98,0.3784,-0.3032,-8.55,-0.3782,0.2325,0.385,0.3264,0.014114,0.5137,0.284,-0.3364,7.44,-0.5654,0.7334,0.401,0.02194,1.079,1.211,0.1087,0.223,0.1967,0.1703,0.3445,0.00629,-0.05362,-0.2338,0.244,-0.4636,-0.2512,-0.0619,-0.743,0.1941,0.4734,-0.1094,1.252,0.1423,-0.4604,0.2466,-2.64,-0.1017,1.027,0.00114,0.3862,-0.4055,-0.863,-0.5024,-0.1211,-0.1307,0.0805,0.1902,0.3193,-0.3557,-0.377,-0.381,-0.06726,-0.8667,-0.5273,0.3628,-0.3154,-0.00193,0.5303,-0.3958,0.5513,0.0654,1.066,-0.11554,0.2932,-0.0573,0.00926,-0.0676,0.3633,0.9116,-0.159,0.2479,0.0952,-0.3445,-0.416,-1.635,-0.0552,0.1519,0.2854,0.2463,0.0963,0.2238,-0.4866,-0.086,-1.522,0.3093,-0.3093,0.1522,-0.1289,-0.8174,-0.472,0.3384,0.03143,0.2622,-0.3738,-0.342,0.0475,0.04532,0.0973,-0.352,-0.1486,0.2422,-0.03366,-0.694,-0.1522,-0.4885,-0.3794,-0.379,0.815,-0.0879,0.1627,0.418,-0.156,-0.02184,-0.04022,0.1444,0.1614,0.047,-0.3142,0.2288,0.1456,-0.4243,2.258,-0.665,0.2944,-0.1492,0.03442,-0.3777,-0.336
0,0.1794,0.1121,-0.01949,0.471,0.2097,-0.3413,-0.4612,1.218,-0.4087,0.8716,-0.506,-0.3398,-0.3127,-0.2396,0.2404,0.02892,-0.3755,0.00466,0.2988,-0.4832,-0.0706,0.578,-0.2786,-1.04,0.03137,-0.4277,-1.63,-0.02077,0.0409,0.08905,0.05508,0.2499,-0.5166,0.243,-0.3381,-0.01315,0.05478,0.721,-0.1576,-0.472,-0.1631,-0.007362,0.2485,0.562,0.2827,0.1387,-0.457,-0.11755,-0.3801,0.007633,0.1934,0.521,-0.3213,1.063,0.2023,0.01228,-0.2869,0.3472,0.2046,0.1091,2.441,0.2319,-0.369,-9.07,-0.2556,0.03217,0.614,0.2688,-0.1646,0.429,0.4194,-0.4343,7.902,-0.433,0.554,0.1334,0.06415,0.9927,1.173,-0.1131,0.147,0.10425,0.1168,0.3418,0.31,-0.003155,0.06067,0.03708,-0.2043,-0.289,-0.1759,-0.8774,-0.1869,0.2362,-0.12006,1.052,0.1603,-0.3728,0.4128,-2.473,-0.1901,0.349,0.1262,0.2362,-0.1418,-0.5127,-0.356,-0.2378,0.0681,0.1979,0.3264,0.4797,-0.1534,-0.0001866,-0.4895,0.4583,-0.7144,-0.03616,0.2288,-0.296,-0.1246,0.553,-0.1676,0.0933,0.014656,0.8027,-0.1814,0.07947,0.18,-0.04144,-0.05048,0.4949,0.5327,-0.2734,-0.2085,0.082,-0.1201,-0.3865,-1.176,-0.06085,0.2177,0.2964,0.2489,0.2585,0.2727,-0.3252,0.0843,-1.135,0.1755,-0.366,0.1421,0.001348,-1.02,-0.3162,-0.02206,0.0729,0.3171,-0.192,-0.2583,0.007088,0.4968,0.1259,0.05682,-0.4783,0.3567,-0.0528,-0.829,-0.5464,-0.4673,-0.006817,-0.0087,0.543,-0.0557,0.07983,0.3987,-0.1525,-0.3342,0.05765,-0.0695,0.09216,-0.01602,-0.2952,-0.2522,0.2563,-0.06616,1.956,-0.712,0.1384,0.0874,-0.0222,-0.1431,-0.0779
0,0.168,0.2063,-0.1038,0.4932,0.24,-0.33,-0.4548,1.202,-0.3337,0.814,-0.517,-0.3645,-0.3435,-0.26,0.2053,0.0849,-0.3774,-0.06604,0.3838,-0.3865,-0.07355,0.597,-0.1931,-1.099,0.0651,-0.4019,-1.666,0.03555,-0.01974,0.103,-0.01715,0.3152,-0.555,0.349,-0.5273,-0.0522,0.12024,0.7393,-0.0945,-0.4192,-0.07074,-0.06744,0.3474,0.662,0.4114,0.122,-0.4402,-0.1423,-0.358,-0.02515,0.3987,0.501,-0.3013,1.019,0.2625,0.0666,-0.3223,0.4033,0.1459,0.2607,2.494,0.2566,-0.4685,-9.0,-0.3381,0.02507,0.5386,0.3215,-0.2776,0.485,0.301,-0.516,7.734,-0.4717,0.6123,0.2644,0.05933,0.9287,1.375,-0.0894,0.0954,0.144,0.1486,0.4775,0.2327,-0.01182,0.00893,-0.05615,-0.2705,-0.4165,-0.2152,-0.8213,-0.212,0.1974,-0.02135,1.057,0.1268,-0.4348,0.485,-2.506,-0.2086,0.4824,0.0696,0.2388,-0.1724,-0.597,-0.386,-0.2174,0.07117,0.2029,0.3264,0.549,-0.1056,-0.1951,-0.5146,0.3618,-0.8735,-0.1759,0.2866,-0.2212,-0.1482,0.543,-0.08057,0.2157,0.006706,0.78,-0.218,0.11774,0.1287,0.03235,-0.09454,0.458,0.57,-0.3525,-0.165,0.09814,-0.011665,-0.4104,-1.235,-0.0495,0.3328,0.3108,0.1263,0.3103,0.2598,-0.3262,0.167,-1.232,0.2277,-0.4202,0.1545,-0.09705,-1.045,-0.3386,0.03735,0.01639,0.4116,-0.2756,-0.2152,0.006504,0.4553,0.05902,-0.0582,-0.515,0.3843,0.0939,-0.8286,-0.5293,-0.5464,-0.1148,-0.1333,0.661,-0.00343,0.05597,0.4038,-0.1495,-0.1926,0.03525,0.10675,0.0975,-0.04083,-0.3262,-0.3005,0.2185,-0.08997,2.012,-0.777,0.2634,-0.04663,0.05667,-0.1753,-0.1772
0,-0.2708,0.4263,-0.402,0.2197,0.04422,0.3613,-0.0948,1.046,-0.1385,0.7812,-0.704,-0.695,-0.2339,-0.3193,0.2837,0.1803,-0.3186,0.07794,0.5396,-0.287,-0.3867,1.038,0.3765,-0.874,0.09564,-0.732,-2.156,-0.2668,-0.0836,0.0392,-0.4307,0.3357,-0.06836,0.5474,-0.3977,-0.1788,-0.05606,0.597,0.3406,0.01958,0.1875,-0.05255,0.658,0.716,0.2422,0.2399,-0.3342,-0.138,-0.1368,0.0897,0.2131,-0.1554,-0.311,1.077,0.3662,0.02113,-0.1226,0.492,0.01697,0.1573,3.053,0.4268,-0.327,-8.42,-0.4263,0.054,0.6724,0.10645,0.03366,0.537,0.5435,-0.2487,7.08,-0.7764,0.814,0.1931,-0.0902,0.992,1.146,0.12317,0.4553,0.08496,0.2131,0.235,-0.1466,-0.1261,-0.3342,0.2754,-0.1962,-0.0895,0.010124,-0.6313,0.01665,0.08704,-0.1866,1.567,-0.03882,-0.5063,0.4292,-2.986,-0.288,1.15,0.1087,0.223,-0.4385,-0.849,-0.4595,-0.02948,0.04764,0.2496,0.05426,0.3,-0.4583,-0.342,-0.3857,-0.2358,-0.7114,-0.5264,0.424,-0.279,0.05563,0.645,-0.0855,0.2954,0.091,1.194,-0.2299,0.1453,-0.01717,0.2651,-0.291,0.3096,0.9385,-0.2074,-0.03008,-0.182,-0.5674,-0.225,-1.95,-0.1153,-0.12,0.277,0.3335,0.1842,0.601,-0.3877,-0.0916,-1.807,-0.1285,-0.47,-0.03458,-0.2568,-0.916,-0.3032,0.425,-0.03397,0.5474,-0.835,-0.058,0.2622,0.1046,-0.228,-0.3948,-0.2289,0.4692,0.01301,-0.5996,-0.06067,-0.406,-0.442,-0.272,0.8335,-0.101,0.0937,0.688,-0.1772,0.1278,-0.3206,0.2253,0.1647,-0.112,-0.337,0.3567,0.005993,-0.5312,2.385,-0.541,0.2445,-0.0554,-0.0877,-0.1381,-0.5586
0,-0.09436,0.332,-0.1847,0.289,0.056,0.01997,-0.3289,1.084,-0.2013,0.821,-0.5864,-0.4297,-0.3293,-0.2861,0.08923,0.1259,-0.3857,0.05328,0.601,-0.4556,-0.2725,0.889,0.04996,-0.9976,0.06107,-0.6294,-2.05,-0.0997,-0.0292,0.05972,-0.2438,0.269,-0.198,0.3464,-0.324,-0.1466,0.01949,0.697,0.1465,-0.2666,0.2065,-0.02257,0.5474,0.691,0.273,0.036,-0.4102,-0.1647,-0.2659,-0.03992,0.295,0.1465,-0.2588,1.082,0.346,0.01024,-0.2092,0.4585,0.1334,0.331,2.955,0.2418,-0.504,-8.734,-0.445,0.07336,0.6226,0.2242,-0.088,0.505,0.4287,-0.3833,7.36,-0.731,0.717,0.287,-0.02336,1.031,1.303,0.01617,0.2375,0.1307,0.1492,0.3506,-0.0651,-0.0815,-0.2502,0.1565,-0.2034,-0.253,-0.0282,-0.7163,-0.0901,0.1616,-0.1195,1.34,0.11554,-0.4304,0.5063,-2.781,-0.2986,0.9023,0.1534,0.3054,-0.3857,-0.642,-0.4478,-0.1935,0.0901,0.287,0.2212,0.368,-0.2993,-0.3179,-0.4492,-0.01743,-0.7544,-0.333,0.3762,-0.3281,-0.04156,0.5825,-0.0901,0.1382,0.02989,0.9375,-0.2294,0.1559,0.0987,0.1553,-0.2996,0.3794,0.779,-0.2386,-0.1993,-0.02014,-0.3335,-0.3496,-1.615,-0.0749,0.1544,0.299,0.2013,0.2756,0.488,-0.3777,-0.03806,-1.564,-0.02647,-0.442,0.02797,-0.136,-0.9946,-0.3674,0.1866,-0.07916,0.555,-0.534,-0.10236,0.11523,0.3306,-0.08307,-0.2284,-0.3674,0.397,0.0171,-0.7095,-0.263,-0.4546,-0.2017,-0.1436,0.75,-0.044,0.1387,0.5825,-0.1774,0.004395,-0.186,0.1654,0.1626,-0.0396,-0.2542,-0.0219,0.2305,-0.3025,2.334,-0.668,0.177,0.03238,0.00291,-0.1106,-0.3525
0,-0.05832,0.2905,-0.2952,0.2057,-0.03757,0.2086,-0.0983,1.26,-0.1769,0.759,-0.8154,-0.5537,-0.2396,-0.218,0.1818,0.11835,-0.3694,0.06934,0.41,-0.193,-0.3672,1.119,0.2917,-1.003,0.1964,-0.721,-2.23,-0.193,-0.2362,0.07513,-0.3467,0.225,-0.0926,0.477,-0.563,-0.34,-0.0885,0.564,0.4414,-0.03955,0.271,-0.1425,0.647,0.696,0.1753,-0.0691,-0.2788,-0.1359,-0.05212,0.08386,0.3376,-0.1914,-0.2886,1.05,0.3718,0.0808,-0.0632,0.3728,0.04117,0.1311,3.047,0.4211,-0.2162,-8.47,-0.3337,0.1439,0.6245,0.1924,-0.0428,0.4443,0.5264,-0.1971,7.16,-0.7856,0.6743,0.3784,0.03995,0.9976,1.266,0.1951,0.3528,0.1154,0.2583,0.1703,-0.0784,-0.10754,-0.341,0.2651,-0.2776,-0.1913,-0.00953,-0.622,0.005455,0.3088,-0.2125,1.4375,-0.0536,-0.43,0.4866,-3.016,-0.2905,1.007,0.0748,0.3267,-0.4512,-0.7876,-0.4497,-0.0174,-0.003094,0.1731,0.2362,0.3333,-0.3293,-0.325,-0.485,-0.2913,-0.814,-0.684,0.3284,-0.295,0.11646,0.6133,-0.144,0.4912,0.00463,1.055,-0.3018,0.2676,-0.0431,0.2289,-0.2898,0.3901,0.9365,0.03787,0.04147,-0.009674,-0.4614,-0.3013,-1.791,-0.1633,0.01299,0.3604,0.1805,0.08655,0.5366,-0.393,-0.02481,-1.645,0.02255,-0.458,0.03455,-0.2374,-0.7324,-0.2817,0.446,0.02156,0.533,-0.7085,-0.09357,0.208,0.1261,-0.3184,-0.3748,-0.2291,0.2106,0.01265,-0.711,-0.06186,-0.4155,-0.2505,-0.4065,0.908,-0.1616,0.01511,0.4324,-0.2534,0.1094,-0.1384,0.2651,0.02667,-0.05606,-0.4001,0.281,-0.1539,-0.33,2.457,-0.634,0.2218,-0.1262,0.05713,-0.2732,-0.4126
0,0.06256,0.335,-0.006496,0.436,0.0934,-0.0991,-0.2827,1.129,-0.2388,0.871,-0.5576,-0.4001,-0.2688,-0.3,0.10895,0.0584,-0.3584,-0.01639,0.4426,-0.2837,-0.1622,0.7305,-0.0351,-0.972,0.08466,-0.6133,-1.899,-0.03574,-0.09985,0.0233,-0.2239,0.2776,-0.3523,0.3032,-0.4993,-0.286,0.11163,0.605,0.0986,-0.422,0.0813,-0.05508,0.448,0.692,0.3838,0.0177,-0.3425,-0.2252,-0.3254,-0.05875,0.3628,0.2263,-0.1946,1.075,0.2559,0.0818,-0.1888,0.3923,0.07434,0.269,2.736,0.1729,-0.3562,-8.95,-0.3914,0.02155,0.567,0.3706,-0.1029,0.432,0.471,-0.4128,7.652,-0.6167,0.599,0.2974,0.03903,1.006,1.229,0.0694,0.1812,0.1708,0.1081,0.2495,-0.009766,-0.05432,-0.1616,0.10596,-0.2788,-0.2769,-0.1396,-0.6504,-0.01073,0.2477,-0.1057,1.233,0.11414,-0.473,0.416,-2.607,-0.1956,0.668,0.2263,0.1985,-0.2908,-0.647,-0.4668,-0.2439,0.156,0.255,0.2637,0.385,-0.178,-0.2393,-0.3862,0.05344,-0.8286,-0.3347,0.3884,-0.2627,-0.06354,0.5215,-0.1536,0.1371,0.04272,0.801,-0.2788,0.2583,0.10205,0.00445,-0.1667,0.4268,0.754,-0.2295,-0.1335,0.05228,-0.2473,-0.428,-1.405,-0.01767,0.1115,0.3071,0.0712,0.2651,0.3577,-0.3508,0.012085,-1.386,0.0843,-0.4875,0.1996,-0.01196,-0.9985,-0.385,0.0837,-0.02245,0.4023,-0.4026,-0.0998,0.01463,0.303,-0.004047,-0.08264,-0.375,0.352,0.02405,-0.75,-0.3452,-0.5195,-0.05673,-0.145,0.6616,-0.08417,0.2089,0.537,-0.1582,-0.015335,0.04504,0.0932,0.07764,-0.02283,-0.2137,-0.1355,0.1621,-0.3333,2.08,-0.653,0.12164,0.04834,0.04718,-0.1514,-0.1924
0,-0.2778,0.4336,-0.3774,0.2064,0.0528,0.3655,0.02829,1.067,-0.03748,0.788,-0.7334,-0.739,-0.1804,-0.357,0.2328,0.2169,-0.3174,0.08484,0.543,-0.3057,-0.4426,1.103,0.4548,-0.92,0.1654,-0.7476,-2.166,-0.2268,-0.0699,0.03525,-0.4307,0.293,-0.0351,0.5596,-0.4236,-0.2952,-0.11414,0.6255,0.408,0.07794,0.1975,-0.0474,0.5835,0.694,0.179,0.2366,-0.2976,-0.1288,-0.074,0.1841,0.2783,-0.2405,-0.3076,1.177,0.382,0.06174,-0.0934,0.4265,0.006905,0.1787,3.021,0.3896,-0.358,-8.375,-0.3804,0.071,0.6787,0.1368,-0.0421,0.5547,0.54,-0.2329,7.03,-0.795,0.876,0.2766,-0.2054,0.923,1.111,0.1447,0.498,0.05814,0.2284,0.2085,-0.1737,-0.1638,-0.34,0.2722,-0.2004,-0.0513,0.06143,-0.6016,-0.003607,0.01802,-0.221,1.54,0.01616,-0.4587,0.4797,-3.05,-0.2876,1.17,0.1121,0.3306,-0.4675,-0.866,-0.4275,0.015045,0.0479,0.1675,0.01135,0.2769,-0.502,-0.3599,-0.466,-0.2198,-0.7036,-0.591,0.4534,-0.3345,0.0758,0.632,-0.0987,0.3333,0.0801,1.216,-0.2078,0.1104,-0.0248,0.2179,-0.3135,0.3303,0.9517,-0.2551,-0.02888,-0.1686,-0.6665,-0.1976,-1.937,-0.172,-0.07855,0.3433,0.2732,0.2546,0.7017,-0.445,-0.0499,-1.724,-0.1838,-0.504,-0.0643,-0.22,-0.9165,-0.2041,0.4312,0.02829,0.6636,-0.9604,-0.02802,0.4016,0.12396,-0.3293,-0.4033,-0.1287,0.4067,-0.013916,-0.598,-0.012405,-0.3809,-0.519,-0.3926,0.671,-0.1763,0.0698,0.6167,-0.11017,0.15,-0.318,0.2827,0.1576,-0.08374,-0.343,0.3335,0.001935,-0.543,2.334,-0.6147,0.3005,-0.0455,-0.08234,-0.11884,-0.6167
1,0.3677,0.1849,-0.3228,0.5044,0.2976,-0.04117,-0.6,-0.0931,-0.28,0.1917,1.071,-0.4001,0.001282,0.3652,-0.5483,0.1401,0.293,0.382,0.517,-0.7964,-0.51,-2.287,-0.3591,-0.587,1.163,1.184,2.717,-0.1531,0.1808,0.2112,0.3452,1.117,-0.2515,0.556,-0.8213,-0.02892,0.4841,0.9004,-0.9653,0.01901,-0.0977,0.00878,-0.4548,0.2627,0.529,-0.0942,0.425,0.5723,0.1646,0.9717,0.937,-0.637,-0.2478,0.4023,-0.3347,-0.6743,0.03108,0.3313,-1.256,-0.1505,-2.094,0.502,-0.09735,-7.375,-0.8926,0.996,0.4155,-0.4697,0.06775,0.4448,-1.283,-0.03372,6.79,1.2705,1.143,0.1438,0.814,-0.1881,1.595,0.1912,0.3545,-0.3752,0.3638,-0.5947,0.251,0.1663,-0.2261,-0.344,0.7856,-0.01965,-0.4883,-0.08765,0.11884,-1.015,0.2861,-0.1984,0.1735,-0.5195,-0.1901,-1.402,-0.364,0.614,0.02045,-0.7427,-0.6274,0.4458,-0.12146,0.5684,-0.06396,0.11896,0.2773,-0.006546,-0.696,0.02357,-0.5625,0.1323,-0.3098,0.3608,0.09186,-0.2622,-0.02112,0.608,-0.7637,-0.0513,-0.2274,1.677,-0.5137,0.04184,0.596,-0.137,-0.382,1.446,-0.5166,-0.755,-0.1362,0.02357,-0.02457,0.597,0.608,-0.1843,0.571,0.2944,1.13,0.311,0.3215,0.4507,0.1484,-1.871,0.1819,0.186,0.1245,-0.3218,-1.09,-0.5576,-0.06232,0.688,0.6875,-0.279,-0.0516,0.2157,-0.0708,-0.736,0.263,-0.4084,0.4573,-0.275,0.654,0.1641,0.1449,-0.7056,-1.317,0.0859,0.3032,-0.08997,-0.868,-0.02245,-0.1572,0.483,0.854,0.242,0.7197,0.2996,-0.1638,0.4045,0.2203,-3.49,-0.788,0.1664,-0.2367,-1.15,-0.2041,-0.4475
0,-0.01289,0.2793,-0.2998,0.1406,-0.086,0.1295,-0.1113,1.262,-0.1973,0.7764,-0.834,-0.5366,-0.239,-0.195,0.1522,0.0662,-0.3508,0.06274,0.427,-0.1766,-0.3672,1.063,0.3013,-1.055,0.2637,-0.755,-2.26,-0.254,-0.292,0.12006,-0.3994,0.2161,-0.0593,0.4502,-0.6143,-0.3213,-0.0642,0.5747,0.429,-0.0504,0.2761,-0.1649,0.694,0.688,0.1956,-0.08984,-0.265,-0.1375,-0.1079,0.03577,0.3372,-0.177,-0.2482,0.9814,0.2976,0.02887,-0.01965,0.3687,0.04736,0.1299,3.084,0.392,-0.10504,-8.43,-0.406,0.1921,0.6616,0.181,0.06174,0.4465,0.517,-0.1843,7.105,-0.837,0.674,0.3174,0.142,1.08,1.424,0.1964,0.369,0.1694,0.2512,0.1166,-0.0708,-0.07776,-0.33,0.254,-0.205,-0.18,-0.075,-0.658,0.04666,0.394,-0.1782,1.478,-0.111,-0.44,0.411,-2.992,-0.2068,1.016,0.04565,0.2515,-0.3574,-0.8184,-0.4612,-0.006626,0.02194,0.2189,0.2252,0.3435,-0.3096,-0.3655,-0.4775,-0.3726,-0.8184,-0.7197,0.3362,-0.2583,0.02318,0.597,-0.1335,0.5054,-0.01441,1.0,-0.409,0.3555,-0.03345,0.3223,-0.3142,0.3755,0.9976,0.0708,0.075,0.005108,-0.4543,-0.3337,-1.781,-0.2039,0.007454,0.3247,0.2634,0.0631,0.4514,-0.4004,-0.03873,-1.716,0.10236,-0.4314,0.0141,-0.2394,-0.731,-0.3376,0.409,-0.061,0.4448,-0.6187,-0.04556,0.1537,0.0939,-0.2651,-0.4314,-0.2346,0.2152,0.01634,-0.705,-0.05188,-0.5293,-0.1996,-0.4136,0.9175,-0.1278,0.1395,0.506,-0.2905,0.1735,-0.11774,0.262,-0.03882,-0.0542,-0.371,0.345,-0.127,-0.3345,2.475,-0.554,0.1716,-0.11273,0.0185,-0.2625,-0.4006
1,0.2327,-0.02817,-0.2896,0.4111,0.1676,0.02914,-0.7417,-0.1613,-0.4407,0.2605,0.997,-0.199,-0.1098,-0.003616,-0.4158,0.1043,0.1338,0.3267,0.3574,-0.639,-0.458,-2.373,-0.4526,-0.5137,0.8706,1.121,2.287,-0.1139,0.287,0.1316,0.2969,0.98,-0.08905,0.2888,-0.8564,0.186,0.2175,0.7344,-0.7627,0.02051,-0.0446,-0.1311,-0.1478,0.1906,0.4258,-0.01081,0.4695,0.4539,0.2184,0.644,0.8203,-0.421,-0.2598,0.244,-0.04422,-0.5557,0.10126,0.248,-1.038,-0.1781,-1.827,0.3264,-0.04303,-8.05,-0.6533,0.868,0.419,-0.3528,0.12146,0.5093,-1.147,0.0595,7.535,1.0205,0.896,0.05783,0.653,0.08,1.456,0.1777,0.1984,-0.4348,0.4556,-0.3496,0.2472,0.2261,-0.1659,-0.0845,0.5845,0.0231,-0.2542,-0.0931,0.0455,-0.758,0.3022,-0.27,0.254,-0.3801,-0.1785,-1.589,-0.4055,0.3062,0.04575,-0.3845,-0.2927,0.4348,-0.313,0.1161,-0.0996,0.176,0.4407,0.02518,-0.685,0.1334,-0.352,-0.001129,-0.103,0.4446,-0.02814,-0.28,-0.156,0.469,-0.6694,0.1271,-0.1302,1.378,-0.3323,0.02835,0.56,0.15,-0.1678,1.555,-0.532,-0.4387,-0.001526,-0.05124,-0.0533,0.603,0.507,-0.1863,0.5864,0.231,0.913,0.1354,0.213,0.3892,-0.013885,-1.84,0.1674,0.03656,0.12054,-0.3464,-1.002,-0.39,-0.1271,0.387,0.5586,-0.3413,-0.04785,0.06445,-0.0758,-0.4343,0.09503,-0.5527,0.343,-0.3044,0.501,0.015015,0.287,-0.559,-0.991,0.2434,0.2094,0.08984,-0.5923,-0.0469,-0.2842,0.4136,0.6,0.1576,0.6597,0.2374,0.12024,0.4834,0.2927,-3.242,-0.7905,0.1818,-0.0007586,-0.7603,-0.137,-0.3552
0,0.237,0.3342,0.003443,0.482,-0.002857,-0.068,-0.3171,1.313,-0.3335,0.837,-0.854,-0.3508,-0.11115,-0.3928,0.1123,-0.0369,-0.484,0.00669,0.2097,-0.2151,-0.2502,0.807,-0.07355,-1.159,0.1711,-0.5146,-1.968,0.1057,-0.124,-0.01347,-0.1232,0.03,-0.1685,0.3977,-0.491,-0.12274,-0.1643,0.3604,0.2822,-0.3672,0.09454,-0.2551,0.4897,0.5312,0.0486,0.02599,-0.0741,-0.366,-0.01404,-0.08777,0.273,0.0957,-0.251,1.172,0.0953,-0.03793,-0.1091,0.4446,0.0628,-0.01785,2.61,0.2505,-0.181,-8.9,-0.2788,0.1702,0.3857,0.433,-0.02786,0.433,0.3027,-0.3,7.926,-0.449,0.605,0.3298,0.1031,1.082,1.2295,0.05383,0.1982,0.0897,0.1882,0.215,0.0833,-0.001742,-0.1143,0.176,-0.4685,-0.2029,-0.08875,-0.759,0.2107,0.539,-0.127,1.036,0.1348,-0.3691,0.2047,-2.37,-0.03,0.673,0.0618,0.4004,-0.289,-0.74,-0.416,-0.2485,-0.0204,0.0832,0.226,0.2944,-0.2145,-0.261,-0.4036,0.12134,-0.6895,-0.406,0.375,-0.2937,0.01324,0.364,-0.3843,0.5435,0.03635,0.783,-0.175,0.2507,0.02158,-0.0985,0.05197,0.4644,0.843,-0.04196,0.1586,0.1841,-0.337,-0.5776,-1.301,-0.04047,0.0843,0.268,0.1921,0.0647,0.2334,-0.4346,0.001747,-1.199,0.3994,-0.404,0.2213,-0.00906,-0.781,-0.401,0.1342,0.1299,0.1293,-0.2079,-0.278,0.04608,0.11725,0.1506,-0.1641,-0.11957,0.1501,-0.12024,-0.741,-0.2588,-0.495,-0.2184,-0.3564,0.603,-0.2046,0.2433,0.3237,-0.2617,-0.266,0.1854,0.05984,0.0785,0.12134,-0.1937,0.1637,0.07,-0.3494,1.881,-0.721,0.1716,-0.04248,0.00659,-0.3738,-0.06714
1,0.308,0.3572,-0.4136,0.6294,0.3066,-0.0512,-0.5957,-0.1538,-0.2445,0.2507,1.128,-0.499,0.2498,0.3474,-0.5337,0.308,0.237,0.271,0.6504,-0.794,-0.59,-2.072,-0.4573,-0.3171,1.14,1.04,2.809,-0.147,0.1566,0.1813,0.3228,0.932,-0.3413,0.688,-0.6753,-0.06744,0.541,0.9795,-0.903,0.0503,0.02788,0.0651,-0.3801,0.1495,0.4668,-0.1366,0.4675,0.53,0.0773,1.017,1.035,-0.573,-0.3452,0.5405,-0.2732,-0.6025,0.0638,0.3862,-1.287,-0.06146,-1.937,0.579,-0.2065,-7.42,-1.004,1.023,0.335,-0.3179,-0.03842,0.6255,-1.22,0.03174,6.734,1.306,1.18,0.1709,0.6577,-0.3252,1.387,0.1542,0.4949,-0.368,0.436,-0.5376,0.1898,0.2186,-0.2306,-0.4548,0.7734,0.05182,-0.4712,0.05347,0.1472,-1.104,0.1527,-0.2974,0.3025,-0.493,-0.2817,-1.464,-0.3408,0.6597,0.05038,-0.626,-0.684,0.4272,-0.06116,0.582,-0.02258,0.014725,0.159,-0.1083,-0.664,-0.1287,-0.5806,0.1995,-0.43,0.2443,0.1637,-0.326,0.0755,0.623,-0.8755,-0.0616,-0.1459,1.786,-0.308,0.1467,0.5425,-0.2379,-0.473,1.387,-0.621,-0.9014,-0.1721,0.0445,-0.0741,0.5425,0.4395,-0.2169,0.538,0.3215,1.215,0.3433,0.4292,0.3079,0.2499,-1.785,0.10114,0.1606,-0.02916,-0.261,-1.119,-0.6353,-0.183,0.5283,0.882,-0.4075,-0.01979,0.3162,-0.1967,-0.829,0.476,-0.3538,0.5264,-0.2498,0.739,-0.001219,0.2654,-0.7876,-1.338,-0.001166,0.4255,-0.1615,-0.7764,0.1151,-0.1942,0.3608,0.8994,0.1602,0.709,0.2625,-0.2703,0.2944,0.1346,-3.354,-0.846,0.179,-0.1537,-1.317,-0.187,-0.5396
1,-0.0633,0.1166,-0.4158,0.5767,0.2269,0.2188,-0.673,-0.3386,-0.2074,0.2083,1.309,-0.4146,0.1486,0.3772,-0.553,0.2642,0.3428,0.2612,0.6147,-0.749,-0.592,-2.066,-0.634,-0.3438,0.968,0.8687,2.549,-0.2688,-0.02405,0.1526,0.3525,1.127,-0.2251,0.5693,-0.756,-0.2222,0.5728,1.077,-1.123,0.2188,-0.0931,0.1054,0.0725,0.0508,0.611,-0.10394,0.1542,0.3364,-0.01026,0.7573,0.9385,-0.313,-0.0538,0.1887,-0.3992,-0.4148,0.1436,0.1881,-1.209,0.05728,-1.793,0.542,-0.0567,-7.65,-0.919,0.9663,0.382,-0.321,0.0788,0.6772,-0.9453,0.2405,6.78,1.125,0.926,0.0912,0.4526,-0.2031,1.483,0.2798,0.474,-0.1554,0.688,-0.398,-0.1335,0.1603,-0.3743,-0.2507,0.8154,-0.2241,-0.4668,0.085,0.256,-1.103,0.2803,-0.4246,0.095,-0.4714,-0.2449,-1.611,-0.5293,0.359,0.12445,-0.6416,-0.4778,0.543,0.0805,0.3113,0.04675,0.1029,0.551,0.0907,-0.437,-0.2717,-0.5596,0.02951,-0.5947,0.319,-0.00451,-0.2007,0.0585,0.5005,-0.7104,-0.02066,-0.4607,1.927,-0.2766,0.0752,0.5444,0.1979,-0.4617,1.34,-0.659,-0.8047,-0.1522,-0.1158,0.011955,0.6704,0.2715,-0.1481,0.5225,0.2267,1.088,0.1562,0.3147,0.3418,0.4534,-2.018,-0.05368,0.2683,0.2668,-0.0768,-1.504,-0.5117,-0.1278,0.528,0.8833,-0.3538,0.0953,0.0857,-0.0671,-0.6895,0.534,-0.611,0.486,-0.1882,0.8975,-0.1301,0.3113,-0.7393,-1.013,0.1049,0.574,-0.05344,-0.6597,0.235,-0.1162,0.0906,0.9805,0.2216,0.6973,0.1586,-0.305,0.5767,0.188,-3.293,-0.88,-0.0005054,-0.118,-1.258,-0.05426,-0.6875
0,-0.1705,0.4275,-0.338,0.2495,-0.03876,0.253,-0.0428,1.169,-0.1473,0.8145,-0.6455,-0.578,-0.2754,-0.256,0.1604,0.1616,-0.3123,0.1078,0.529,-0.274,-0.359,1.001,0.294,-0.9224,0.1307,-0.807,-2.148,-0.2544,-0.209,0.1282,-0.4546,0.3633,-0.1478,0.513,-0.4377,-0.3298,-0.05463,0.5986,0.3142,-0.00529,0.2415,-0.0788,0.651,0.6973,0.2847,-0.01348,-0.3245,-0.0729,-0.2458,0.09155,0.3838,-0.1124,-0.272,1.05,0.3496,0.02963,-0.0806,0.3806,-0.03735,0.2362,3.086,0.3813,-0.2449,-8.48,-0.4622,0.0897,0.6816,0.1987,-0.04535,0.522,0.6025,-0.2183,7.082,-0.8433,0.827,0.3079,-0.02454,0.958,1.261,0.0904,0.3545,0.0719,0.2805,0.2476,-0.1508,-0.1396,-0.3728,0.2185,-0.177,-0.1189,-0.0765,-0.6187,-0.01082,0.1256,-0.1715,1.519,0.02354,-0.4456,0.3975,-2.945,-0.2769,1.09,0.0624,0.2136,-0.452,-0.8394,-0.5015,-0.010025,0.07904,0.2211,0.1759,0.298,-0.367,-0.446,-0.4788,-0.2766,-0.8594,-0.572,0.4097,-0.2087,0.01701,0.6006,-0.1885,0.2695,-0.003714,1.144,-0.3396,0.257,0.01997,0.3042,-0.3245,0.39,0.931,-0.1669,-0.0916,-0.05136,-0.4883,-0.2435,-1.83,-0.1766,-0.002085,0.3289,0.2932,0.1536,0.5776,-0.3582,-0.01032,-1.787,-0.0492,-0.5625,0.0028,-0.1918,-0.916,-0.2607,0.3635,-0.0487,0.594,-0.7637,0.0177,0.2317,0.1671,-0.3174,-0.3054,-0.206,0.4116,-0.05246,-0.6147,-0.03632,-0.4802,-0.2937,-0.314,0.811,-0.0983,0.1864,0.595,-0.1975,0.1663,-0.2113,0.2166,0.11,-0.09705,-0.27,0.2041,-0.00978,-0.4636,2.373,-0.5454,0.1622,-0.0729,0.006943,-0.0964,-0.5806
1,0.5103,0.04156,-0.1912,0.5015,0.2966,-0.1796,-0.606,-0.00674,-0.334,0.151,1.0,-0.4167,-0.05026,0.2139,-0.4382,0.1163,0.31,0.3772,0.4304,-0.719,-0.48,-2.39,-0.3435,-0.7217,1.063,1.225,2.566,-0.1946,0.277,0.2128,0.3625,1.0205,-0.1787,0.4204,-0.833,0.02206,0.418,0.8374,-0.932,-0.1036,-0.1439,-0.02708,-0.4998,0.3313,0.4807,-0.05826,0.4763,0.489,0.1262,0.9663,0.935,-0.5503,-0.2798,0.3857,-0.1985,-0.6772,0.011894,0.326,-1.162,-0.2054,-2.078,0.4104,-0.0853,-7.6,-0.7305,0.905,0.4102,-0.5127,0.03983,0.2915,-1.412,-0.1287,7.062,1.307,1.053,0.2595,0.792,-0.09064,1.697,0.0846,0.2067,-0.2842,0.2908,-0.4114,0.354,0.1818,-0.1903,-0.2664,0.684,0.02205,-0.4834,-0.2263,-0.003191,-0.906,0.2761,-0.2445,0.282,-0.4893,-0.1719,-1.291,-0.2861,0.4692,-0.0487,-0.7144,-0.5063,0.4133,-0.1401,0.504,-0.104,0.0804,0.1765,0.03708,-0.778,0.0974,-0.5063,0.2406,-0.1487,0.3813,0.10394,-0.1636,-0.1495,0.6484,-0.7554,0.05206,-0.1873,1.533,-0.4788,-0.01175,0.623,-0.1633,-0.3142,1.449,-0.4685,-0.715,-0.06177,0.1311,0.003036,0.56,0.664,-0.2002,0.553,0.4048,0.877,0.3394,0.2283,0.4,0.09436,-1.693,0.1674,0.1719,0.1412,-0.2988,-1.004,-0.4812,-0.12463,0.558,0.5825,-0.10864,-0.1055,0.1632,-0.0293,-0.621,0.1587,-0.3315,0.4324,-0.2365,0.425,0.1299,0.1028,-0.7075,-1.292,0.07605,0.301,-0.0537,-0.808,-0.03516,-0.1693,0.6343,0.6934,0.1575,0.7466,0.2676,-0.07135,0.4048,0.3533,-3.455,-0.7886,0.2183,-0.1796,-0.908,-0.2224,-0.3062
0,-0.1431,0.3381,-0.2925,0.2705,0.04587,0.2146,-0.2096,1.199,-0.2448,0.8013,-0.8047,-0.5703,-0.306,-0.2408,0.2993,0.1841,-0.3682,0.05338,0.4866,-0.2241,-0.3218,1.007,0.2229,-0.9585,0.1154,-0.6255,-2.154,-0.1697,-0.0709,0.0725,-0.294,0.2598,-0.1611,0.4639,-0.4395,-0.2056,-0.03632,0.5537,0.3633,-0.1527,0.1521,-0.08685,0.5703,0.7695,0.2668,0.1009,-0.2944,-0.1493,-0.135,-0.00749,0.284,-0.05255,-0.3245,1.071,0.4697,0.0492,-0.1663,0.486,0.0671,0.1566,3.02,0.416,-0.3345,-8.54,-0.364,0.0327,0.6333,0.1672,-0.1174,0.4343,0.4312,-0.3425,7.242,-0.7236,0.6655,0.3237,0.02429,0.9785,1.22,0.09595,0.3145,0.1214,0.2167,0.277,-0.03403,-0.0985,-0.2487,0.2198,-0.3652,-0.1871,0.01878,-0.6543,-0.0477,0.2058,-0.1499,1.401,0.0689,-0.482,0.4917,-2.916,-0.31,1.033,0.11523,0.2944,-0.4368,-0.7593,-0.4934,-0.08594,0.0323,0.2573,0.169,0.3438,-0.3535,-0.2927,-0.4504,-0.1492,-0.7183,-0.528,0.3723,-0.2646,0.01944,0.722,-0.153,0.3704,0.05133,1.064,-0.1586,0.1918,0.004997,0.1714,-0.2471,0.3687,0.896,-0.0946,-0.0512,-0.01686,-0.4702,-0.2542,-1.81,-0.1316,-0.0275,0.3684,0.1442,0.126,0.4858,-0.3896,-0.0749,-1.637,-0.02281,-0.487,0.00461,-0.2563,-0.7676,-0.3542,0.3975,-0.04086,0.4963,-0.6855,-0.1635,0.1425,0.1494,-0.2222,-0.37,-0.2493,0.3452,0.04755,-0.7407,-0.1615,-0.3953,-0.2695,-0.2764,0.891,-0.1466,0.008484,0.546,-0.1837,0.11115,-0.1493,0.1793,0.06256,-0.099,-0.3723,0.2964,-0.1027,-0.3906,2.457,-0.622,0.2585,-0.06445,0.02242,-0.257,-0.412
1,0.1072,0.2275,-0.3428,0.6426,0.1877,0.2568,-0.619,-0.2001,-0.3066,0.2676,1.132,-0.4185,0.03497,0.3357,-0.529,0.1542,0.263,0.357,0.544,-0.7207,-0.5435,-2.115,-0.4917,-0.2659,1.135,0.9688,2.537,-0.2559,-0.05267,0.10547,0.2422,1.08,-0.2169,0.5503,-0.7983,-0.07245,0.4482,0.8955,-0.884,0.1965,-0.0793,0.07654,-0.1833,0.1832,0.531,-0.0644,0.4172,0.5073,0.1542,0.797,0.9,-0.4578,-0.1547,0.4067,-0.3872,-0.566,0.08875,0.2068,-1.283,-0.0803,-1.8125,0.4917,0.003725,-7.766,-0.9243,0.9736,0.3298,-0.276,0.1461,0.567,-1.13,0.1456,7.008,1.1,1.04,0.02573,0.7183,-0.1638,1.357,0.24,0.3499,-0.3027,0.4893,-0.5693,-0.008316,0.1565,-0.2837,-0.2764,0.7954,-0.04556,-0.412,0.0196,0.3398,-1.022,0.209,-0.2258,0.09955,-0.4578,-0.2878,-1.593,-0.356,0.5996,0.1174,-0.6543,-0.552,0.4429,-0.0932,0.3477,-0.02406,0.2062,0.4138,0.00476,-0.551,-0.1869,-0.563,-0.03072,-0.351,0.3452,0.03333,-0.3044,0.0772,0.3845,-0.6724,-0.01807,-0.3103,1.696,-0.3787,0.0683,0.522,0.0877,-0.388,1.317,-0.491,-0.7266,-0.2186,-0.0328,-0.1261,0.567,0.552,-0.1847,0.536,0.199,1.246,0.1884,0.369,0.3774,0.2383,-1.899,0.077,0.1569,0.1818,-0.2578,-1.227,-0.488,-0.06604,0.6606,0.662,-0.3042,0.04593,0.112,-0.1808,-0.6577,0.3237,-0.3916,0.462,-0.2983,0.806,0.0765,0.1747,-0.6704,-1.139,0.08307,0.4058,0.03238,-0.7505,0.04492,-0.1173,0.2944,0.8237,0.1715,0.6514,0.2786,-0.2225,0.2786,0.09235,-3.37,-0.7026,0.09674,-0.1219,-1.1455,-0.0835,-0.521
0,-0.0938,0.3728,-0.2437,0.3862,-0.01567,0.1428,-0.01479,1.294,-0.1239,0.785,-0.7617,-0.571,-0.2698,-0.2355,0.2178,0.1991,-0.363,0.1001,0.4382,-0.211,-0.3328,1.04,0.333,-0.9937,0.1475,-0.7446,-2.104,-0.2256,-0.1665,0.048,-0.3186,0.3066,-0.2834,0.4617,-0.517,-0.3738,-0.1068,0.586,0.317,-0.12366,0.1987,-0.1093,0.5083,0.6895,0.2585,-0.06052,-0.288,-0.06216,-0.179,0.154,0.4124,-0.1235,-0.3113,1.16,0.4006,0.05197,-0.09406,0.3433,-0.01749,0.175,3.053,0.3801,-0.2761,-8.55,-0.3416,0.03287,0.657,0.2162,-0.1604,0.4539,0.601,-0.2345,7.215,-0.737,0.746,0.4124,-0.02675,0.9224,1.162,0.07574,0.3428,-0.008675,0.2588,0.2467,-0.02527,-0.09485,-0.28,0.2996,-0.2664,-0.09515,-0.0602,-0.6416,-0.1004,0.1908,-0.2345,1.43,0.0701,-0.4287,0.4507,-2.887,-0.3386,0.9346,0.0516,0.3196,-0.469,-0.7974,-0.479,-0.003193,0.0693,0.1373,0.1947,0.346,-0.3667,-0.3284,-0.4697,-0.1467,-0.757,-0.619,0.3596,-0.1847,0.04498,0.622,-0.1886,0.3584,0.0003016,1.052,-0.3025,0.1537,0.04596,0.2018,-0.291,0.4502,0.9,-0.06555,-0.1231,0.002777,-0.5576,-0.2737,-1.78,-0.1865,-0.01348,0.4226,0.1201,0.1609,0.667,-0.3801,0.007725,-1.539,-0.0983,-0.6255,0.0772,-0.1738,-0.801,-0.1654,0.316,0.00841,0.662,-0.7812,-0.04535,0.2783,0.1675,-0.354,-0.315,-0.1506,0.3525,-0.0788,-0.778,-0.04724,-0.4497,-0.2668,-0.3682,0.783,-0.2302,0.089,0.469,-0.2124,0.03625,-0.04132,0.2079,0.0646,-0.04935,-0.3452,0.2056,-0.1395,-0.321,2.361,-0.668,0.1954,-0.02411,0.0897,-0.1676,-0.4915
1,0.05984,0.10657,-0.364,0.4912,0.1587,0.11914,-0.6567,-0.2382,-0.3364,0.2522,1.09,-0.3901,-0.0918,0.503,-0.4966,0.0853,0.319,0.3398,0.575,-0.7026,-0.4417,-2.264,-0.504,-0.338,1.129,1.061,2.725,-0.1844,-0.01478,0.2498,0.3335,1.195,-0.311,0.531,-0.9014,-0.0375,0.6567,0.899,-1.145,0.1042,-0.1837,-0.02623,-0.1084,0.1453,0.7383,0.03494,0.2964,0.495,0.10284,0.694,1.013,-0.4336,-0.1531,0.149,-0.3323,-0.585,-0.03348,0.323,-1.286,-0.06094,-1.994,0.4597,0.1423,-7.508,-1.021,0.8896,0.4082,-0.5146,0.0651,0.54,-1.102,0.04965,6.848,1.084,0.9023,0.06305,0.7275,-0.2065,1.533,0.2637,0.3926,-0.239,0.55,-0.55,0.1823,0.2051,-0.2874,-0.2651,0.7637,-0.1465,-0.4392,-0.0645,0.1373,-0.9565,0.3313,-0.3286,0.02852,-0.5835,-0.1548,-1.5625,-0.5513,0.504,0.04398,-0.7983,-0.4749,0.542,-0.05533,0.4153,-0.09326,0.1469,0.568,0.1902,-0.4658,-0.1074,-0.53,0.008675,-0.4343,0.407,-0.1037,-0.10596,-0.0459,0.67,-0.606,-0.05,-0.4224,1.776,-0.4214,0.02177,0.526,0.1809,-0.374,1.395,-0.586,-0.6846,-0.1087,0.0207,0.08813,0.6904,0.4338,-0.2124,0.4766,0.2252,1.126,0.0756,0.2084,0.509,0.3542,-2.113,0.1266,0.3037,0.2922,-0.287,-1.216,-0.5728,0.03342,0.67,0.6875,-0.2842,0.003763,0.01984,-0.00432,-0.613,0.2507,-0.6445,0.36,-0.172,0.792,0.0986,0.0917,-0.552,-1.086,0.3845,0.3765,-0.054,-0.683,0.0646,-0.1219,0.2216,0.9507,0.1763,0.677,0.2289,-0.08563,0.355,0.03574,-3.38,-0.763,0.0748,-0.2466,-1.171,-0.10754,-0.4858
0,-0.0825,0.3264,-0.2856,0.308,0.04654,0.1727,0.01012,1.235,-0.1013,0.7954,-0.6953,-0.5947,-0.2479,-0.2698,0.1552,0.1761,-0.3506,0.0864,0.4448,-0.2986,-0.3604,1.026,0.3296,-1.019,0.1359,-0.717,-2.162,-0.2117,-0.1661,0.10986,-0.3079,0.3096,-0.1981,0.4668,-0.526,-0.346,-0.10345,0.6406,0.3027,-0.09393,0.2091,-0.0675,0.487,0.7334,0.2192,-0.01877,-0.3623,-0.07404,-0.188,0.1833,0.375,-0.1385,-0.3015,1.163,0.3628,0.0975,-0.1069,0.3513,-0.002192,0.1907,3.078,0.4138,-0.3213,-8.555,-0.3452,0.1147,0.7,0.197,-0.1007,0.4832,0.5337,-0.2233,7.1,-0.7495,0.869,0.3865,-0.0593,0.966,1.192,0.0794,0.375,0.02834,0.2183,0.2603,-0.04587,-0.1206,-0.3213,0.2554,-0.2391,-0.0981,-0.08966,-0.6484,-0.0954,0.158,-0.2588,1.469,0.0408,-0.4175,0.5117,-2.951,-0.3252,0.9595,0.0853,0.3403,-0.4434,-0.808,-0.4673,0.0064,0.097,0.1418,0.1749,0.3313,-0.3762,-0.318,-0.4934,-0.1749,-0.778,-0.6226,0.4045,-0.2537,0.0765,0.59,-0.2107,0.345,0.01416,1.067,-0.3538,0.1564,0.03342,0.1998,-0.3186,0.3835,0.914,-0.1051,-0.1302,-0.01112,-0.5493,-0.3333,-1.774,-0.1744,0.02692,0.3972,0.1519,0.2664,0.663,-0.3806,0.0442,-1.531,-0.08,-0.576,0.03714,-0.1694,-0.866,-0.1902,0.3633,0.02109,0.682,-0.785,-0.0547,0.3086,0.2128,-0.3918,-0.3154,-0.1627,0.3582,-0.04382,-0.7456,-0.0597,-0.4355,-0.319,-0.3784,0.734,-0.1434,0.0713,0.4675,-0.222,0.05457,-0.0933,0.2478,0.10095,-0.0502,-0.3203,0.1499,-0.0777,-0.2617,2.361,-0.6934,0.2153,-0.10846,0.01863,-0.1378,-0.5073
0,-0.2979,0.3972,-0.3728,0.2446,0.0478,0.3696,-0.05783,1.063,-0.0896,0.8115,-0.6895,-0.6826,-0.2094,-0.328,0.2576,0.2007,-0.3323,0.07947,0.534,-0.302,-0.4128,1.047,0.3862,-0.8687,0.1001,-0.7344,-2.166,-0.1987,-0.0521,0.02956,-0.3801,0.3162,-0.0751,0.557,-0.4163,-0.289,-0.0839,0.6143,0.4004,-0.02,0.2017,-0.04843,0.5864,0.751,0.2644,0.2072,-0.3494,-0.1493,-0.1085,0.1233,0.3086,-0.1841,-0.2744,1.128,0.4163,0.0953,-0.10474,0.4995,0.02394,0.1909,3.057,0.4204,-0.3745,-8.43,-0.3975,0.0298,0.6846,0.1447,-0.05298,0.55,0.5547,-0.2323,7.02,-0.811,0.8296,0.2715,-0.1825,0.9336,1.097,0.1398,0.456,0.0478,0.24,0.2446,-0.1647,-0.1671,-0.353,0.2396,-0.2534,-0.0971,0.06088,-0.5645,-0.006866,0.05112,-0.2113,1.528,0.00933,-0.5396,0.4692,-3.023,-0.3142,1.162,0.1493,0.2874,-0.4966,-0.839,-0.4631,-0.03226,0.05524,0.1849,0.068,0.2773,-0.4404,-0.3235,-0.4412,-0.2327,-0.758,-0.5635,0.4368,-0.2844,0.1014,0.6577,-0.1123,0.2996,0.08966,1.203,-0.1969,0.1613,-0.02652,0.174,-0.2693,0.3225,0.9375,-0.2247,-0.04266,-0.1512,-0.5923,-0.1627,-1.928,-0.1272,-0.10254,0.3284,0.2141,0.2192,0.642,-0.3992,-0.059,-1.783,-0.1526,-0.5156,-0.02808,-0.1995,-0.9033,-0.2588,0.422,0.01901,0.656,-0.9224,-0.05774,0.3015,0.1373,-0.2952,-0.3535,-0.2004,0.4202,0.014046,-0.611,-0.06464,-0.3735,-0.4614,-0.3438,0.7812,-0.159,0.03262,0.625,-0.11914,0.1676,-0.3206,0.2551,0.1617,-0.11444,-0.327,0.3008,0.00517,-0.545,2.373,-0.6235,0.2917,-0.0768,-0.0596,-0.1144,-0.5664
1,0.2815,0.06192,-0.391,0.6113,0.2408,0.002584,-0.712,-0.10803,-0.451,0.2815,0.9497,-0.2489,0.005665,0.00222,-0.4104,0.1554,0.1426,0.2998,0.3542,-0.4993,-0.484,-2.143,-0.6313,-0.2793,0.798,1.064,2.18,-0.168,0.0645,0.11237,0.2125,1.141,-0.2162,0.472,-0.78,0.0994,0.2435,0.781,-0.688,0.0661,-0.10205,-0.15,-0.2178,0.139,0.426,0.04022,0.554,0.346,0.03506,0.798,0.877,-0.2148,-0.2864,0.3757,-0.1738,-0.6313,0.1234,0.07526,-1.189,-0.1982,-1.627,0.4153,0.05212,-8.055,-0.738,0.865,0.2556,-0.1914,0.1383,0.487,-1.171,0.1572,7.496,1.136,1.116,0.2124,0.675,-0.02106,1.251,0.0972,0.0602,-0.5107,0.462,-0.2003,0.232,0.2244,-0.1388,-0.11896,0.6924,0.08813,-0.4956,0.06934,0.134,-0.8267,0.1785,-0.1865,0.3826,-0.351,-0.318,-1.616,-0.1226,0.4495,0.05377,-0.398,-0.4575,0.3723,-0.295,0.2189,-0.08984,0.1482,0.347,0.06573,-0.617,-0.003914,-0.3528,-0.05005,-0.2546,0.4067,0.1206,-0.252,-0.1417,0.3235,-0.8535,0.04803,-0.0807,1.409,-0.3442,0.1625,0.533,0.2008,-0.3267,1.506,-0.4976,-0.598,-0.1349,-0.012184,-0.2676,0.5737,0.559,-0.1782,0.6875,0.2415,1.13,0.1111,0.1797,0.2913,-0.0678,-1.806,0.1225,0.01398,0.2131,-0.3745,-0.9775,-0.4148,-0.303,0.3416,0.544,-0.2253,-0.0346,0.03467,-0.2076,-0.355,0.2253,-0.3774,0.529,-0.334,0.616,-0.01292,0.1225,-0.741,-1.066,0.2085,0.3447,0.0473,-0.7153,-0.001304,-0.1715,0.5386,0.563,0.1606,0.679,0.2795,-0.1149,0.3677,0.2617,-3.238,-0.6226,0.05667,0.1411,-0.7617,-0.2383,-0.4128
0,-0.0885,0.322,-0.263,0.2338,0.01284,0.1477,-0.0489,1.19,-0.1709,0.8096,-0.705,-0.5405,-0.2374,-0.2263,0.1742,0.162,-0.3408,0.05786,0.4253,-0.2644,-0.3381,1.016,0.3035,-0.9883,0.1493,-0.7603,-2.182,-0.1694,-0.2039,0.0869,-0.3608,0.2351,-0.1523,0.4602,-0.562,-0.378,-0.0529,0.622,0.374,-0.02808,0.2695,-0.06964,0.6226,0.683,0.246,-0.05777,-0.3665,-0.1367,-0.1643,0.09796,0.397,-0.1489,-0.2695,1.016,0.3699,0.106,-0.055,0.356,0.03558,0.1859,3.037,0.402,-0.269,-8.52,-0.3552,0.0953,0.63,0.2349,-0.0736,0.484,0.604,-0.1859,7.168,-0.824,0.7563,0.363,-0.00476,0.988,1.267,0.1471,0.3616,0.0232,0.2246,0.2286,-0.12006,-0.0908,-0.3552,0.2322,-0.2546,-0.1595,-0.05637,-0.588,-0.0617,0.2083,-0.2372,1.423,0.01208,-0.461,0.4849,-2.996,-0.293,0.9634,0.1,0.2693,-0.4155,-0.78,-0.4778,-0.02182,0.0954,0.165,0.2286,0.3174,-0.3433,-0.2988,-0.4436,-0.2435,-0.836,-0.646,0.3354,-0.266,0.0925,0.592,-0.1797,0.3843,0.04953,1.095,-0.3315,0.2622,-0.0003722,0.2233,-0.2969,0.3997,0.8823,-0.02325,0.0316,-0.02956,-0.4612,-0.2656,-1.829,-0.1339,-0.03787,0.3472,0.221,0.1511,0.572,-0.3933,0.00821,-1.691,-0.05853,-0.524,0.02191,-0.188,-0.7715,-0.2708,0.3499,-0.001161,0.6094,-0.7773,-0.0761,0.2365,0.1727,-0.341,-0.276,-0.2583,0.3271,0.03366,-0.661,-0.0724,-0.3787,-0.2822,-0.342,0.8105,-0.1769,0.07684,0.5327,-0.1987,0.1118,-0.1536,0.2445,0.02605,-0.0763,-0.3682,0.1854,-0.04022,-0.3516,2.385,-0.6333,0.2384,-0.0974,0.03583,-0.1766,-0.4866
1,-0.0352,0.1965,-0.2856,0.674,0.1329,0.3367,-0.8267,-0.3184,-0.3472,0.3823,1.112,-0.3523,-0.004726,0.4136,-0.5176,0.11383,0.3113,0.4326,0.4988,-0.7827,-0.492,-2.107,-0.559,-0.4436,1.069,0.9277,2.604,-0.2295,-0.04233,0.2178,0.4375,1.055,-0.269,0.4492,-0.793,-0.04718,0.624,0.9185,-1.058,0.1002,-0.12445,0.0837,0.00705,0.1998,0.669,0.03772,0.2708,0.4626,0.01015,0.5923,0.897,-0.3987,0.007256,0.2874,-0.324,-0.48,0.0298,0.312,-1.122,0.04388,-1.865,0.366,-0.01505,-7.746,-0.874,0.896,0.3962,-0.3206,-0.04025,0.6743,-0.944,0.1594,6.96,1.045,0.86,0.0307,0.5522,-0.2411,1.527,0.1901,0.3848,-0.322,0.6797,-0.545,-0.0361,0.1927,-0.3389,-0.3574,0.5225,-0.2076,-0.3403,0.003641,0.3818,-0.9844,0.266,-0.416,-0.02678,-0.525,-0.12115,-1.572,-0.6562,0.3943,0.1312,-0.6196,-0.4775,0.588,-0.0903,0.2656,-0.2164,0.07025,0.619,0.0834,-0.3823,-0.1403,-0.624,0.0775,-0.456,0.547,-0.0939,-0.2094,0.0944,0.65,-0.679,-0.03345,-0.4075,1.8,-0.2384,0.06415,0.5654,0.0654,-0.1957,1.389,-0.7085,-0.611,-0.1085,-0.02002,0.0968,0.6274,0.3643,-0.245,0.4453,0.1388,1.042,0.02104,0.3965,0.395,0.5522,-1.905,0.0327,0.1561,0.26,-0.096,-1.454,-0.378,0.0527,0.756,0.786,-0.4358,-0.01069,0.06168,-0.04254,-0.6753,0.364,-0.5913,0.2856,-0.2932,0.7983,0.07245,0.2098,-0.574,-0.917,0.26,0.3547,-0.06226,-0.726,0.1031,-0.194,0.014175,0.7915,0.2783,0.649,0.2264,-0.1392,0.4587,0.02719,-3.268,-0.9116,0.1428,-0.2351,-1.161,0.02357,-0.571
1,-0.00734,0.05997,-0.3445,0.534,0.1415,0.245,-0.697,-0.288,-0.3445,0.288,1.235,-0.294,0.07587,0.2507,-0.5483,0.1986,0.288,0.323,0.5015,-0.687,-0.5415,-2.082,-0.5977,-0.4746,0.9985,0.905,2.54,-0.2032,0.0558,0.1108,0.317,1.027,-0.1874,0.431,-0.825,-0.06946,0.5195,0.885,-0.9883,0.1846,-0.03687,0.04572,0.02193,0.1406,0.58,-0.0957,0.3894,0.4075,0.05783,0.6597,0.872,-0.4124,-0.0756,0.2107,-0.2233,-0.463,0.2039,0.3005,-1.119,0.004158,-1.917,0.3948,-0.0504,-7.758,-0.8945,0.9316,0.4163,-0.2383,0.0807,0.7417,-0.819,0.2269,7.05,1.08,0.8516,0.0743,0.4934,-0.223,1.491,0.3018,0.4397,-0.3684,0.6675,-0.5234,0.02014,0.1398,-0.3193,-0.227,0.714,-0.1083,-0.309,0.1407,0.314,-0.9697,0.2996,-0.347,0.00238,-0.4778,-0.2373,-1.593,-0.5728,0.3352,0.1532,-0.581,-0.5103,0.4995,-0.2026,0.1935,0.00808,0.142,0.5996,-0.06238,-0.5317,-0.012215,-0.4707,-0.03156,-0.497,0.3545,0.00366,-0.3184,0.05255,0.5356,-0.791,-0.0459,-0.2815,1.797,-0.2754,0.1403,0.5654,0.09564,-0.2888,1.474,-0.7017,-0.6187,-0.015495,-0.1855,-0.0215,0.7456,0.2266,-0.2026,0.4336,0.1449,1.115,0.02243,0.3313,0.3643,0.2915,-1.954,0.02522,0.1383,0.2148,-0.11145,-1.394,-0.4983,-0.073,0.5537,0.749,-0.5073,0.03065,0.1289,-0.1323,-0.595,0.467,-0.6577,0.365,-0.2598,0.873,-0.02374,0.4133,-0.4695,-1.012,0.2228,0.319,0.004784,-0.6265,0.1376,-0.258,0.07996,0.8525,0.2397,0.684,0.1927,-0.125,0.5444,-0.00525,-3.295,-0.859,0.09454,-0.05313,-1.138,-0.07825,-0.506
1,0.1787,0.1392,-0.3926,0.5347,0.2372,0.04797,-0.6123,-0.19,-0.3586,0.2664,1.145,-0.4927,-0.03183,0.4756,-0.4963,0.08527,0.3518,0.3157,0.601,-0.77,-0.507,-2.344,-0.477,-0.3538,1.132,1.096,2.797,-0.1807,-0.0263,0.2876,0.3704,1.219,-0.3677,0.577,-0.905,-0.001788,0.6455,0.9033,-1.118,0.0862,-0.1584,-0.005314,-0.3171,0.1704,0.708,-0.005802,0.3079,0.483,0.0336,0.8345,0.9937,-0.4434,-0.2228,0.2292,-0.3665,-0.6045,-0.03232,0.3892,-1.312,-0.0803,-1.999,0.4707,0.1522,-7.47,-1.026,0.921,0.445,-0.4846,0.07446,0.535,-1.117,0.008644,6.668,1.07,1.02,0.0798,0.7993,-0.2411,1.54,0.2307,0.4026,-0.272,0.4998,-0.598,0.2218,0.2184,-0.2717,-0.348,0.857,-0.101,-0.4792,-0.014915,0.1981,-0.975,0.3118,-0.2605,0.05518,-0.588,-0.262,-1.466,-0.487,0.535,0.01306,-0.815,-0.4807,0.506,-0.0774,0.532,-0.053,0.09784,0.437,0.1335,-0.5176,-0.1334,-0.4697,0.04996,-0.4707,0.3708,-0.02951,-0.1081,-0.01785,0.6377,-0.671,-0.006126,-0.3674,1.794,-0.4832,0.0715,0.55,0.07117,-0.3552,1.413,-0.503,-0.756,-0.1366,0.03433,0.1017,0.6484,0.465,-0.2078,0.4912,0.1841,1.165,0.1746,0.1812,0.553,0.329,-2.102,0.1777,0.2827,0.2463,-0.3303,-1.1455,-0.63,-0.0134,0.636,0.7134,-0.3035,0.01152,0.09546,-0.04443,-0.6313,0.304,-0.576,0.4595,-0.1732,0.8037,0.08325,0.068,-0.646,-1.243,0.2708,0.3904,0.02826,-0.6914,0.04236,-0.1184,0.3271,0.8906,0.145,0.64,0.2573,-0.11865,0.3179,0.04944,-3.389,-0.7627,0.0718,-0.2423,-1.243,-0.10486,-0.4749
0,-0.1826,0.393,-0.3337,0.3005,0.02934,0.294,-0.0486,1.17,-0.1427,0.827,-0.7695,-0.6416,-0.2307,-0.295,0.2542,0.1808,-0.3315,0.0982,0.4775,-0.2212,-0.3967,1.025,0.3855,-0.8936,0.1536,-0.7607,-2.197,-0.234,-0.141,0.061,-0.4067,0.3047,-0.1192,0.4907,-0.5034,-0.3088,-0.06836,0.576,0.396,-0.03099,0.1964,-0.07776,0.5464,0.738,0.2568,0.10895,-0.264,-0.1229,-0.1465,0.1318,0.3293,-0.175,-0.2883,1.132,0.4187,0.04202,-0.0781,0.4346,-0.0383,0.132,3.059,0.3716,-0.2444,-8.45,-0.3835,0.05676,0.6514,0.1932,-0.03284,0.5146,0.5625,-0.2158,7.086,-0.8013,0.8257,0.3257,-0.037,0.9365,1.12,0.11206,0.3594,0.04648,0.2434,0.185,-0.1079,-0.1667,-0.324,0.2686,-0.2654,-0.06,-0.02606,-0.5913,0.0215,0.1356,-0.2421,1.539,0.01813,-0.4893,0.4219,-2.982,-0.2467,1.095,0.1271,0.2927,-0.461,-0.8613,-0.5356,-0.02084,0.062,0.2054,0.09125,0.3035,-0.3923,-0.31,-0.4265,-0.2433,-0.7188,-0.6035,0.42,-0.262,0.0692,0.671,-0.172,0.3706,0.0683,1.132,-0.2607,0.2135,-0.01569,0.1998,-0.2656,0.3916,0.9434,-0.1344,-0.05133,-0.08466,-0.5894,-0.2247,-1.871,-0.169,-0.06635,0.353,0.2196,0.1755,0.6226,-0.3887,-0.08636,-1.706,-0.1008,-0.546,0.00929,-0.227,-0.797,-0.2708,0.3936,-0.0364,0.6187,-0.8403,-0.0737,0.2678,0.0797,-0.2815,-0.37,-0.1846,0.406,-0.02765,-0.6724,-0.0342,-0.4187,-0.3818,-0.3833,0.797,-0.2205,0.0795,0.584,-0.1687,0.1473,-0.1877,0.2258,0.106,-0.0868,-0.3276,0.3142,-0.1138,-0.4946,2.426,-0.6006,0.2336,-0.05936,0.0184,-0.2162,-0.5103
1,0.1581,0.06226,-0.4014,0.385,0.1738,0.12427,-0.4907,-0.1558,-0.3354,0.25,1.134,-0.3533,-0.10156,0.3647,-0.489,-0.00848,0.359,0.3376,0.528,-0.67,-0.4731,-2.379,-0.414,-0.3928,1.101,1.04,2.53,-0.2485,-0.0357,0.2063,0.2251,1.271,-0.2074,0.5,-0.9297,-0.07965,0.488,0.8364,-0.9946,0.1254,-0.1787,-0.0844,-0.2255,0.2058,0.66,-0.06036,0.3718,0.431,0.1074,0.7734,0.9023,-0.4106,-0.1292,0.10675,-0.371,-0.5967,0.03873,0.1886,-1.314,-0.1119,-1.954,0.427,0.2148,-7.64,-0.946,0.904,0.4487,-0.4644,0.25,0.455,-1.1045,0.03952,6.95,1.012,0.973,0.03342,0.8174,-0.0646,1.597,0.2874,0.278,-0.2537,0.495,-0.559,0.1848,0.1571,-0.2864,-0.1709,0.982,-0.03345,-0.521,-0.0017395,0.2098,-0.942,0.3943,-0.09906,0.03186,-0.5093,-0.2896,-1.495,-0.3347,0.4963,0.03375,-0.806,-0.4827,0.4595,-0.147,0.4126,0.03632,0.2428,0.4592,0.1201,-0.615,-0.06683,-0.4207,-0.1276,-0.3362,0.317,0.02188,-0.1719,-0.09454,0.4287,-0.612,-0.03934,-0.3818,1.651,-0.6055,0.0704,0.527,0.281,-0.3955,1.427,-0.3728,-0.643,-0.1968,-0.01423,-0.05954,0.7036,0.572,-0.2146,0.4963,0.1986,1.172,0.1411,0.1592,0.5273,0.1329,-2.164,0.11835,0.1929,0.3062,-0.3345,-1.09,-0.5283,-0.02388,0.6113,0.5303,-0.214,0.1262,0.034,-0.0675,-0.524,0.227,-0.5703,0.4216,-0.2627,0.7964,0.1367,0.056,-0.5337,-1.186,0.254,0.3594,0.1542,-0.6875,0.01145,-0.07855,0.3955,0.8726,0.1079,0.619,0.3005,-0.10333,0.339,0.01459,-3.418,-0.5435,-0.077,-0.10406,-1.049,-0.1196,-0.4036
1,0.3884,0.04517,-0.3184,0.5703,0.2708,-0.005653,-0.5845,0.01295,-0.3933,0.1696,1.107,-0.3767,0.0725,0.1584,-0.4866,0.1876,0.1992,0.289,0.4067,-0.655,-0.5674,-2.076,-0.5283,-0.571,1.009,1.169,2.588,-0.1699,0.0705,0.09204,0.3767,1.109,-0.1847,0.5547,-0.902,0.02303,0.3582,0.781,-0.861,0.04785,-0.01918,-0.0794,-0.3809,0.2524,0.4414,-0.15,0.6353,0.3926,0.12225,0.9937,0.9443,-0.4578,-0.29,0.481,-0.2761,-0.654,0.1572,0.287,-1.216,-0.2227,-1.922,0.543,-0.10547,-7.64,-0.841,1.017,0.3904,-0.283,0.03897,0.5327,-1.185,0.07166,7.02,1.283,1.1455,0.2507,0.6245,-0.2054,1.435,0.1277,0.2827,-0.4878,0.4307,-0.3958,0.3362,0.2019,-0.2389,-0.218,0.7407,0.1172,-0.4224,0.04358,0.1443,-0.9175,0.2002,-0.2277,0.1901,-0.437,-0.253,-1.393,-0.4253,0.5303,-0.02068,-0.537,-0.664,0.3438,-0.297,0.4512,-0.0335,0.02968,0.341,-0.04385,-0.836,0.01404,-0.5,0.0396,-0.3699,0.2014,0.1473,-0.3142,0.02893,0.512,-0.94,0.1036,-0.1075,1.707,-0.4087,0.0984,0.5786,-0.1781,-0.2993,1.447,-0.531,-0.6885,0.01668,-0.0025,-0.1731,0.603,0.4841,-0.1913,0.5356,0.2993,1.073,0.2566,0.2595,0.3909,0.1309,-1.666,0.1937,0.1326,0.1896,-0.2688,-1.159,-0.5312,-0.1498,0.6177,0.668,-0.3171,-0.1234,0.2452,-0.1893,-0.628,0.316,-0.3372,0.5083,-0.3062,0.641,0.1043,0.3193,-0.654,-1.377,0.0999,0.2734,-0.04578,-0.9175,0.02179,-0.3445,0.5215,0.7817,0.202,0.7715,0.2031,-0.08575,0.4302,0.2245,-3.4,-0.8276,0.1624,-0.06,-1.016,-0.2477,-0.3743
0,0.1564,0.3945,0.02951,0.3538,0.02707,-0.1143,-0.1749,1.255,-0.4133,0.79,-0.7065,-0.3904,-0.3147,-0.2201,0.0884,-0.00551,-0.2717,-0.0945,0.4233,-0.247,-0.1843,0.7495,-0.02399,-0.948,0.1957,-0.6655,-1.859,-0.0667,-0.2379,0.06174,-0.3108,0.2246,-0.2524,0.3694,-0.534,-0.1432,0.0771,0.5166,0.0402,-0.1882,0.11993,-0.10333,0.6265,0.5566,0.3523,-0.05658,-0.2664,-0.2499,-0.2837,-0.1875,0.2612,0.1294,-0.3044,0.95,0.1775,-0.134,-0.1246,0.3606,0.1696,0.2004,2.744,0.2217,-0.0866,-8.88,-0.3914,0.02017,0.552,0.2167,-0.05444,0.3335,0.5386,-0.4255,7.68,-0.7207,0.4631,0.2446,0.272,1.045,1.346,0.04282,0.262,0.2363,0.1675,0.02066,0.06335,0.126,-0.2502,0.10126,-0.2998,-0.3215,-0.10754,-0.7183,0.0474,0.4004,-0.1154,1.21,0.0631,-0.4275,0.36,-2.59,-0.2214,0.6807,0.05713,0.125,-0.2148,-0.6567,-0.3284,-0.1179,0.09326,0.3313,0.3362,0.4631,-0.1726,-0.3547,-0.352,-0.0729,-0.7817,-0.4192,0.251,-0.2307,-0.2034,0.5415,-0.03662,0.3188,-0.03195,0.9106,-0.4248,0.2505,0.1163,0.1613,-0.2166,0.3877,0.8228,-0.05463,0.0478,0.04245,-0.1647,-0.461,-1.518,-0.06223,0.04453,0.2842,0.2139,0.1025,0.1831,-0.3076,0.05212,-1.456,0.2168,-0.3298,0.1809,-0.0589,-0.834,-0.514,0.04584,-0.0771,0.1536,-0.3018,-0.11694,-0.05313,0.263,0.02235,-0.1696,-0.3936,0.2905,0.05646,-0.6846,-0.2283,-0.561,-0.011055,-0.178,0.806,-0.1021,0.365,0.6636,-0.2974,-0.03995,-0.01295,0.02509,-0.0839,-0.05685,-0.2317,0.09814,0.03165,-0.2808,2.195,-0.5234,0.03622,0.071,0.006718,-0.1432,-0.1652
1,0.05096,0.0969,-0.322,0.64,0.1436,0.2214,-0.6567,-0.2496,-0.3647,0.2507,1.113,-0.423,-0.10425,0.3835,-0.4382,0.11035,0.3247,0.3357,0.514,-0.667,-0.4429,-2.25,-0.5215,-0.228,1.011,1.041,2.613,-0.2471,-0.0313,0.2566,0.3472,1.12,-0.3428,0.439,-0.8584,0.000466,0.581,0.8,-1.104,0.04938,-0.1987,0.03796,-0.10046,0.2103,0.6943,0.03775,0.3096,0.4604,0.08777,0.641,0.9463,-0.3167,-0.1511,0.1748,-0.2764,-0.537,-0.03357,0.2803,-1.219,-0.01558,-1.891,0.3792,0.1523,-7.76,-0.9585,0.832,0.3726,-0.4197,0.0483,0.5557,-1.037,0.085,7.066,1.008,0.826,0.02484,0.73,-0.2004,1.416,0.261,0.358,-0.2559,0.5537,-0.532,0.0727,0.1742,-0.2688,-0.2268,0.697,-0.1393,-0.41,-0.08386,0.2329,-0.9204,0.2874,-0.3503,0.02695,-0.5386,-0.175,-1.596,-0.5405,0.4114,0.0716,-0.767,-0.3784,0.501,-0.0814,0.3357,-0.0766,0.1633,0.5786,0.1207,-0.4438,-0.1335,-0.4895,-0.00614,-0.3987,0.483,-0.0885,-0.1057,0.01627,0.569,-0.67,-0.0091,-0.4001,1.743,-0.3884,0.03214,0.531,0.1787,-0.3577,1.382,-0.538,-0.6387,-0.1521,0.01596,0.12335,0.7007,0.4766,-0.1558,0.4146,0.1755,1.043,0.1026,0.2124,0.5483,0.3315,-2.033,0.1019,0.2301,0.3044,-0.2783,-1.219,-0.513,0.03223,0.6167,0.62,-0.3096,0.01313,-0.00466,0.0295,-0.5933,0.2979,-0.621,0.3835,-0.1407,0.7686,0.03775,0.1299,-0.575,-0.992,0.3232,0.394,0.02272,-0.6016,0.04816,-0.1261,0.241,0.8223,0.11554,0.6426,0.2634,-0.10657,0.3118,0.07056,-3.3,-0.758,0.063,-0.171,-1.099,-0.06018,-0.4407
0,-0.1191,0.3635,-0.3406,0.1638,0.00839,0.1931,-0.2014,1.116,-0.2625,0.7485,-0.649,-0.577,-0.315,-0.2966,0.1742,0.1704,-0.3042,0.0633,0.5625,-0.2964,-0.3384,0.9814,0.293,-0.9414,0.1254,-0.6895,-2.145,-0.3047,-0.2289,0.1329,-0.3936,0.2878,-0.02916,0.4707,-0.4482,-0.10535,-0.05453,0.6533,0.2484,0.015396,0.2218,-0.06305,0.714,0.6807,0.2076,0.05478,-0.3533,-0.1074,-0.2299,0.03008,0.2668,-0.09045,-0.373,0.976,0.343,-0.006786,-0.1068,0.464,0.05383,0.1967,3.078,0.444,-0.338,-8.53,-0.4033,0.1548,0.6885,0.1059,0.004158,0.4539,0.4565,-0.275,7.12,-0.7983,0.8174,0.1765,0.05142,1.0205,1.316,0.06555,0.3582,0.1691,0.2124,0.3076,-0.10645,-0.03314,-0.326,0.2054,-0.1818,-0.1759,-0.06042,-0.7295,-0.05734,0.184,-0.1871,1.463,0.003628,-0.3813,0.45,-2.99,-0.3,1.065,0.03098,0.2267,-0.319,-0.8022,-0.4507,-0.04913,0.05072,0.3313,0.2096,0.3557,-0.3582,-0.4873,-0.4011,-0.2546,-0.744,-0.502,0.3667,-0.2373,-0.0807,0.585,-0.1229,0.3308,0.03845,1.13,-0.2935,0.1615,0.0568,0.3767,-0.3643,0.3313,0.9136,-0.1108,-0.0325,-0.08685,-0.4187,-0.338,-1.833,-0.1447,0.04483,0.292,0.3245,0.2007,0.4712,-0.4082,-0.01674,-1.685,0.00189,-0.4368,-0.01497,-0.292,-0.9263,-0.3508,0.3955,-0.1395,0.4905,-0.6597,-0.08826,0.1713,0.1494,-0.2546,-0.4385,-0.2556,0.4358,0.06097,-0.668,-0.0953,-0.464,-0.3223,-0.2214,0.845,0.012634,0.1986,0.6465,-0.2383,0.0937,-0.2476,0.2177,0.06885,-0.12006,-0.3416,0.2905,0.019,-0.254,2.389,-0.523,0.2505,-0.08997,-0.0431,-0.0931,-0.553
1,0.3076,0.207,-0.3245,0.6543,0.315,-0.04648,-0.721,-0.1809,-0.357,0.2737,1.098,-0.4124,0.11554,0.2693,-0.4866,0.2377,0.2627,0.356,0.5464,-0.7446,-0.518,-2.178,-0.5483,-0.371,0.989,1.118,2.7,-0.1486,0.2262,0.2028,0.3699,0.9717,-0.3638,0.5513,-0.7397,0.04477,0.5244,0.9224,-1.021,-0.0482,-0.06744,0.04794,-0.322,0.1641,0.527,-0.05264,0.3801,0.4922,0.0691,0.9106,0.9844,-0.4802,-0.3577,0.4377,-0.2136,-0.5815,0.01076,0.3376,-1.239,-0.0872,-1.961,0.511,-0.1863,-7.516,-0.8955,0.925,0.3254,-0.3953,-0.0769,0.5493,-1.188,0.02586,6.938,1.292,1.082,0.211,0.679,-0.2285,1.414,0.1892,0.4045,-0.4053,0.3967,-0.4504,0.2029,0.2185,-0.1848,-0.343,0.6504,-0.0384,-0.4348,-0.06223,0.05023,-1.008,0.1804,-0.389,0.2776,-0.4912,-0.2296,-1.403,-0.4675,0.4802,0.08673,-0.623,-0.538,0.4854,-0.11237,0.4402,-0.1322,-0.0509,0.3318,-0.02275,-0.656,-0.02388,-0.511,0.2974,-0.3733,0.387,0.0427,-0.2288,0.0509,0.6963,-0.854,-0.0454,-0.1536,1.773,-0.284,0.08105,0.575,-0.1788,-0.361,1.466,-0.6714,-0.812,-0.06647,0.01554,0.0342,0.6196,0.458,-0.09406,0.55,0.3445,1.02,0.2488,0.3325,0.3687,0.2094,-1.853,0.07434,0.1877,0.1481,-0.2451,-1.142,-0.5815,-0.1262,0.5625,0.805,-0.377,-0.1247,0.1581,-0.0772,-0.737,0.4336,-0.453,0.5474,-0.2334,0.669,-0.002438,0.242,-0.831,-1.148,0.1598,0.405,-0.2015,-0.7324,0.06323,-0.2345,0.4236,0.776,0.2479,0.74,0.2761,-0.1726,0.4175,0.2483,-3.395,-0.8965,0.2294,-0.1807,-1.155,-0.1852,-0.513
0,-0.09607,0.3098,-0.3362,0.2223,-0.02953,0.2207,-0.00963,1.238,-0.1149,0.7476,-0.7495,-0.6543,-0.2134,-0.2932,0.16,0.145,-0.34,0.076,0.4204,-0.2365,-0.427,1.114,0.423,-1.002,0.2184,-0.779,-2.223,-0.2727,-0.2698,0.0979,-0.4048,0.2505,-0.01756,0.4993,-0.5938,-0.3152,-0.1512,0.606,0.397,0.07635,0.2842,-0.10944,0.6196,0.6587,0.1385,-0.03784,-0.253,-0.1261,-0.0823,0.1958,0.3552,-0.2512,-0.2815,1.096,0.3252,0.03586,-0.026,0.3694,-0.01318,0.12115,3.09,0.412,-0.1909,-8.42,-0.3223,0.176,0.6943,0.1693,0.015076,0.503,0.5645,-0.1611,7.023,-0.8105,0.853,0.3389,-0.01605,0.9556,1.23,0.1453,0.416,0.05176,0.2705,0.196,-0.0912,-0.1212,-0.3608,0.289,-0.1873,-0.0786,-0.0573,-0.646,-0.002176,0.2568,-0.2612,1.532,-0.03555,-0.39,0.427,-3.053,-0.2725,1.059,0.012726,0.3489,-0.41,-0.866,-0.474,0.02858,0.0192,0.1536,0.1589,0.333,-0.4138,-0.3977,-0.4526,-0.337,-0.777,-0.706,0.38,-0.2827,0.0717,0.562,-0.1581,0.517,0.02527,1.131,-0.3518,0.2083,-0.01668,0.2812,-0.3374,0.4128,0.977,-0.04315,0.03915,-0.05667,-0.545,-0.3176,-1.845,-0.2155,0.02814,0.3455,0.2368,0.1627,0.629,-0.431,0.00988,-1.628,-0.04785,-0.4995,0.02821,-0.231,-0.82,-0.1809,0.411,-0.01159,0.624,-0.805,-0.06052,0.3381,0.0896,-0.3674,-0.4521,-0.1494,0.2966,-0.03287,-0.683,0.02983,-0.4263,-0.3801,-0.4746,0.779,-0.1655,0.1139,0.4788,-0.2224,0.1084,-0.1752,0.302,0.04977,-0.0655,-0.373,0.3313,-0.1083,-0.344,2.4,-0.6255,0.2474,-0.11896,0.0144,-0.1985,-0.5376
1,0.3108,-0.2537,-0.2211,0.2374,-0.01259,0.04358,-0.5776,0.0706,-0.3535,0.4011,0.539,-0.1431,-0.287,-0.1438,-0.139,-0.1151,0.0626,0.3198,0.02383,-0.2305,-0.2783,-2.361,-0.271,-0.6836,0.7705,1.2295,1.443,-0.10095,0.1716,0.0711,0.428,0.854,0.11304,0.1276,-0.7627,0.07043,0.1787,0.4468,-0.202,-0.164,-0.281,-0.447,-0.412,0.5996,0.1361,0.1516,0.513,0.3518,0.2426,0.51,0.796,-0.2186,-0.03568,0.2429,-0.1671,-0.622,0.01785,0.1001,-1.002,-0.1655,-1.326,0.2096,0.169,-8.49,-0.2344,0.776,0.2487,-0.2373,0.2383,0.223,-1.286,0.07947,8.14,0.937,0.6387,0.1609,0.7305,0.4592,1.292,0.1159,0.03296,-0.3572,0.4724,-0.1864,0.4097,0.0866,-0.0692,0.0856,0.3877,0.12146,-0.2883,-0.0705,0.1323,-0.5293,0.302,-0.3203,0.1718,-0.241,0.0774,-1.781,-0.2224,0.1237,-0.01024,-0.2233,-0.1337,0.5005,-0.1608,-0.0662,-0.1318,0.1862,0.3247,0.261,-0.682,0.2883,-0.4402,-0.1805,0.0713,0.4246,-0.0943,-0.1748,-0.07086,0.1943,-0.7017,0.3872,-0.0698,0.801,-0.3582,0.11194,0.2615,0.174,0.00675,1.465,-0.2375,-0.0959,-0.06024,0.2372,-0.1792,0.2878,0.872,-0.3733,0.687,0.085,0.317,0.0972,0.0431,0.322,-0.03177,-1.686,0.3208,-0.08545,0.2952,-0.4949,-0.689,-0.1764,0.09247,0.4902,0.1045,0.006214,-0.1054,-0.05542,-0.11725,-0.2313,-0.0775,-0.2139,0.11346,-0.3936,0.08746,-0.02316,-0.0718,-0.2395,-0.927,0.2117,0.05453,0.1255,-0.73,-0.2095,-0.21,0.859,0.3647,0.1447,0.5615,0.1892,0.134,0.3772,0.3647,-2.844,-0.6514,0.0461,-0.06647,-0.3774,-0.2284,-0.07404
0,0.01674,0.3262,-0.1531,0.1868,0.07996,-0.05194,-0.1656,1.219,-0.2546,0.7583,-0.694,-0.474,-0.3354,-0.1813,0.2172,0.1383,-0.3516,-0.03096,0.4946,-0.257,-0.2173,0.8447,0.2395,-1.132,0.1732,-0.619,-2.105,-0.1942,-0.2026,0.0765,-0.2776,0.2092,-0.1854,0.4006,-0.576,-0.272,-0.01381,0.75,0.1642,-0.1573,0.133,-0.0885,0.5684,0.6836,0.3125,-0.01369,-0.3943,-0.1741,-0.2698,-0.0358,0.391,-0.003504,-0.294,1.005,0.379,0.02722,-0.0635,0.3545,0.09357,0.2482,2.943,0.4062,-0.347,-8.695,-0.3433,0.0766,0.6494,0.1302,-0.1327,0.3418,0.455,-0.3257,7.324,-0.7104,0.7046,0.279,0.0688,1.054,1.391,0.0529,0.3113,0.16,0.1449,0.3115,0.008545,0.0619,-0.26,0.1945,-0.2343,-0.2219,-0.1295,-0.687,-0.2161,0.2542,-0.2126,1.317,0.0954,-0.4333,0.4946,-2.873,-0.3074,0.802,0.0723,0.2024,-0.2734,-0.7354,-0.3877,-0.08154,0.1766,0.3115,0.2834,0.432,-0.2443,-0.351,-0.414,-0.1578,-0.7173,-0.584,0.3157,-0.1996,-0.1294,0.5195,-0.09595,0.3113,0.0321,0.934,-0.3308,0.1173,0.0633,0.3093,-0.3223,0.3433,0.8843,0.005684,-0.01712,-0.002022,-0.4302,-0.3696,-1.728,-0.1368,0.0165,0.3433,0.1824,0.2174,0.424,-0.4065,0.0354,-1.481,-0.0197,-0.5107,0.0526,-0.2333,-0.818,-0.3164,0.183,-0.1081,0.5376,-0.584,-0.0782,0.1729,0.2319,-0.2205,-0.3193,-0.2693,0.3628,0.11365,-0.771,-0.1912,-0.51,-0.1531,-0.2126,0.773,-0.1106,0.1962,0.643,-0.1884,0.07117,-0.0615,0.2213,-0.011604,-0.0603,-0.3945,0.1233,-0.001453,-0.11035,2.32,-0.5723,0.2427,-0.0233,0.02316,-0.1175,-0.397
1,0.497,0.0768,-0.2734,0.4844,0.2595,-0.1748,-0.5547,-0.0871,-0.3464,0.1705,1.018,-0.4172,-0.03986,0.2216,-0.4094,0.09033,0.324,0.3499,0.4587,-0.6133,-0.439,-2.488,-0.3613,-0.4775,0.985,1.121,2.512,-0.198,0.2333,0.2404,0.2063,1.071,-0.2522,0.3806,-0.8594,-0.0004723,0.4714,0.8345,-0.9893,-0.1039,-0.193,-0.0481,-0.4038,0.2036,0.592,-0.0846,0.4543,0.4302,0.08203,0.8823,0.966,-0.4163,-0.306,0.2773,-0.1406,-0.6816,-0.01403,0.2258,-1.262,-0.185,-2.02,0.3435,0.0978,-7.66,-0.7915,0.8037,0.3652,-0.52,0.1317,0.3176,-1.261,-0.0995,7.17,1.204,1.02,0.1886,0.923,-0.0344,1.596,0.159,0.1844,-0.2744,0.325,-0.415,0.323,0.1893,-0.1671,-0.2137,0.8613,0.0943,-0.604,-0.1791,-0.01496,-0.85,0.3313,-0.157,0.2915,-0.5107,-0.3176,-1.346,-0.1466,0.4111,-0.01895,-0.7964,-0.3948,0.4333,-0.1698,0.4414,-0.011406,0.11475,0.2003,0.05353,-0.726,0.07294,-0.3296,0.1749,-0.1565,0.3606,0.0954,-0.1055,-0.24,0.5786,-0.6924,-0.04172,-0.184,1.502,-0.5435,0.05225,0.5625,0.0234,-0.3992,1.538,-0.475,-0.7036,-0.1257,0.0689,0.03096,0.572,0.6357,-0.1561,0.548,0.3877,0.9883,0.2556,0.1377,0.4326,-0.02414,-1.906,0.11884,0.174,0.1816,-0.341,-0.8936,-0.526,-0.2214,0.3909,0.5493,-0.1373,0.01208,0.0579,-0.0362,-0.4978,0.2366,-0.4504,0.498,-0.2207,0.523,0.0646,0.0527,-0.699,-1.209,0.1476,0.307,0.04657,-0.602,-0.05212,-0.0809,0.655,0.682,0.08435,0.729,0.3186,-0.05997,0.3325,0.2612,-3.4,-0.5977,0.04547,-0.06073,-0.927,-0.2605,-0.2988
0,-0.00409,0.312,-0.258,0.2468,-0.02417,0.1126,-0.0884,1.256,-0.247,0.729,-0.762,-0.5845,-0.267,-0.2389,0.1676,0.10126,-0.3367,0.02446,0.4214,-0.209,-0.3386,1.013,0.2834,-1.008,0.187,-0.758,-2.139,-0.2698,-0.2793,0.0917,-0.3909,0.2465,-0.0908,0.4578,-0.628,-0.23,-0.0863,0.583,0.2827,0.005653,0.254,-0.1174,0.6704,0.646,0.2372,-0.0641,-0.2876,-0.1792,-0.1481,0.06964,0.3223,-0.1077,-0.315,0.974,0.265,-0.0395,-0.0324,0.374,0.02322,0.1343,3.055,0.4238,-0.1516,-8.53,-0.365,0.1343,0.67,0.1478,0.0712,0.4353,0.55,-0.2306,7.203,-0.777,0.722,0.2678,0.1187,1.021,1.346,0.1042,0.3755,0.11273,0.262,0.1744,-0.006397,-0.02681,-0.3394,0.2815,-0.1737,-0.1337,-0.1104,-0.709,0.00012183,0.367,-0.214,1.466,-0.0735,-0.435,0.4053,-2.916,-0.2412,0.944,-0.02338,0.2063,-0.3123,-0.8193,-0.4414,-0.004173,0.078,0.23,0.2472,0.3901,-0.3591,-0.3608,-0.3887,-0.2996,-0.796,-0.6553,0.3179,-0.2292,-0.02461,0.5527,-0.08875,0.5117,0.01573,1.084,-0.409,0.2354,0.02797,0.3418,-0.3142,0.3752,0.928,0.03123,0.05447,-0.01646,-0.4146,-0.3623,-1.792,-0.1721,-0.00842,0.3252,0.2876,0.1263,0.48,-0.3901,0.00496,-1.651,0.03665,-0.4414,0.06174,-0.214,-0.823,-0.3047,0.3228,-0.03937,0.421,-0.6035,-0.10034,0.1824,0.1328,-0.2294,-0.4153,-0.2678,0.3184,0.01625,-0.7046,-0.03433,-0.4583,-0.2725,-0.3657,0.9014,-0.1302,0.1796,0.562,-0.2996,0.0412,-0.1177,0.2146,-0.0386,-0.0861,-0.3938,0.308,-0.09357,-0.3152,2.395,-0.561,0.1974,-0.09674,0.01662,-0.1958,-0.4065
1,0.1309,0.05997,-0.3977,0.6436,0.2688,0.1731,-0.721,-0.1842,-0.3972,0.3877,1.112,-0.3813,-0.01639,0.332,-0.469,0.10803,0.3174,0.2642,0.453,-0.549,-0.4739,-2.146,-0.7397,-0.3325,0.9375,1.015,2.504,-0.2169,-0.2057,0.1975,0.3835,1.35,-0.3816,0.5244,-0.973,-0.08765,0.5103,0.8438,-0.998,0.1791,-0.1501,-0.05356,-0.1326,0.1997,0.69,0.04422,0.354,0.335,-0.05966,0.7666,0.981,-0.1451,-0.12256,0.1854,-0.3823,-0.544,0.1381,0.1029,-1.273,-0.1153,-1.747,0.5356,0.1271,-7.727,-0.8745,0.9624,0.3289,-0.2734,0.007793,0.5347,-1.025,0.1788,6.977,1.026,1.025,0.2051,0.534,-0.2847,1.467,0.0661,0.1344,-0.361,0.687,-0.4038,0.2101,0.2423,-0.3015,-0.27,0.8013,-0.108,-0.527,0.1599,0.261,-0.999,0.257,-0.2869,0.002481,-0.5127,-0.252,-1.553,-0.439,0.4175,0.02057,-0.635,-0.5166,0.4453,-0.1194,0.3445,-0.0924,0.06015,0.6206,0.1722,-0.4949,-0.0941,-0.5083,-0.05057,-0.612,0.373,-0.005413,-0.1938,-0.04092,0.5312,-0.8115,0.0895,-0.3887,1.835,-0.379,0.1493,0.5737,0.2344,-0.3354,1.358,-0.6084,-0.665,-0.1157,-0.03183,-0.06165,0.7363,0.399,-0.2264,0.5757,0.2325,1.163,0.1284,0.12396,0.4556,0.3462,-1.926,0.102,0.1858,0.4277,-0.1915,-1.287,-0.469,-0.1254,0.632,0.697,-0.2128,-0.005054,-0.001898,-0.1675,-0.5234,0.4182,-0.593,0.4824,-0.2524,0.783,0.0358,0.1699,-0.645,-1.12,0.3206,0.4973,-0.011055,-0.8516,0.09924,-0.2367,0.3196,0.7637,0.2001,0.64,0.1969,-0.2393,0.4482,0.0946,-3.268,-0.7295,0.05432,-0.1257,-0.963,-0.1539,-0.5
0,-0.0804,0.4148,-0.1552,0.3713,0.11066,0.09033,-0.1594,1.096,-0.1997,0.8765,-0.6465,-0.4688,-0.3801,-0.1528,0.2145,0.2196,-0.3672,0.09845,0.6143,-0.434,-0.1987,0.8335,0.1171,-0.8955,0.05255,-0.603,-2.033,-0.1037,-0.167,0.0765,-0.2896,0.3035,-0.434,0.4062,-0.415,-0.2717,0.04727,0.788,0.07196,-0.1754,0.0844,-0.001339,0.483,0.7197,0.4004,0.06247,-0.5317,-0.0718,-0.3948,-0.002968,0.4265,0.1956,-0.3657,1.072,0.39,0.1101,-0.2004,0.3264,0.03592,0.35,2.984,0.3408,-0.53,-8.69,-0.4011,0.00802,0.5747,0.2289,-0.2471,0.4175,0.516,-0.3257,7.285,-0.7827,0.8125,0.3293,0.0002412,0.9307,1.225,-0.03107,0.211,0.0711,0.1913,0.368,-0.10187,0.02576,-0.249,0.1317,-0.2369,-0.2362,-0.0688,-0.6035,-0.2622,0.0156,-0.2335,1.3125,0.10803,-0.4148,0.623,-2.857,-0.3298,0.8477,0.197,0.2546,-0.312,-0.64,-0.4204,-0.1047,0.1346,0.2668,0.3206,0.422,-0.2183,-0.362,-0.438,0.0506,-0.812,-0.428,0.3645,-0.2224,-0.03302,0.5107,-0.1648,0.07794,0.0479,0.9805,-0.2126,0.02701,0.1566,0.2073,-0.3435,0.327,0.726,-0.1619,-0.3037,-0.03494,-0.4084,-0.3174,-1.688,-0.09094,0.087,0.349,0.2173,0.3425,0.6094,-0.3171,0.1072,-1.556,-0.1284,-0.577,0.01619,-0.2129,-0.917,-0.2866,0.171,-0.012886,0.65,-0.6934,-0.03436,0.1833,0.3682,-0.2382,-0.0873,-0.348,0.445,0.03503,-0.7354,-0.228,-0.4956,-0.2451,-0.07477,0.759,-0.07556,0.10016,0.63,-0.1736,-0.0507,-0.1556,0.1943,0.147,-0.07776,-0.307,-0.1295,0.02231,-0.188,2.307,-0.678,0.2095,0.00437,0.03894,-0.013466,-0.529
0,0.03366,0.3438,-0.1654,0.296,0.125,-0.094,-0.312,1.219,-0.3232,0.8286,-0.579,-0.3682,-0.317,-0.2129,0.10504,0.0798,-0.3328,0.0127,0.526,-0.286,-0.1636,0.8486,-0.03735,-1.072,0.04327,-0.5874,-1.95,-0.07416,-0.06183,0.1035,-0.2144,0.3064,-0.3862,0.4146,-0.424,-0.1421,0.10394,0.63,0.12225,-0.2964,0.09265,-0.086,0.623,0.7114,0.3357,0.01121,-0.445,-0.1192,-0.315,-0.1023,0.2,0.1632,-0.2957,1.011,0.304,0.00951,-0.2029,0.4478,0.1877,0.2476,2.824,0.2812,-0.3865,-8.734,-0.44,0.11414,0.5835,0.2367,-0.1549,0.4563,0.522,-0.4436,7.52,-0.622,0.574,0.247,0.0702,1.028,1.392,0.05276,0.236,0.2144,0.1794,0.27,0.1096,-0.01599,-0.2113,0.09924,-0.2952,-0.3904,-0.0659,-0.759,-0.05084,0.2394,-0.08875,1.242,0.0972,-0.4983,0.4634,-2.639,-0.319,0.746,0.1364,0.2046,-0.3445,-0.698,-0.4468,-0.1448,0.0931,0.2866,0.3127,0.381,-0.1848,-0.307,-0.4749,0.06726,-0.904,-0.3772,0.296,-0.2664,-0.067,0.6055,-0.1469,0.1371,0.02722,0.975,-0.381,0.257,0.1204,0.1545,-0.2659,0.368,0.7295,-0.1884,-0.08484,-0.00898,-0.1887,-0.3613,-1.613,-0.0564,0.1427,0.306,0.2483,0.2003,0.2908,-0.3337,0.0366,-1.519,0.1593,-0.3918,0.11096,-0.0784,-0.9707,-0.512,0.2218,-0.003782,0.3196,-0.4192,-0.1252,-0.05157,0.3281,-0.0681,-0.1114,-0.45,0.4006,0.05753,-0.7715,-0.3691,-0.5005,-0.0842,-0.07367,0.871,0.010155,0.1613,0.532,-0.2622,-0.0872,-0.08167,0.10645,0.07245,-0.0725,-0.281,-0.04337,0.1614,-0.241,2.314,-0.6704,0.1337,-0.00588,0.007206,-0.1442,-0.3127
1,-0.0686,0.1309,-0.369,0.6177,0.1376,0.3298,-0.738,-0.3674,-0.3386,0.3062,1.107,-0.3733,-0.07605,0.415,-0.4766,0.0775,0.3542,0.3726,0.516,-0.6562,-0.4387,-2.15,-0.5923,-0.1715,1.067,0.925,2.482,-0.2878,-0.198,0.2289,0.2866,1.201,-0.2864,0.4263,-0.9062,-0.05872,0.5947,0.926,-1.05,0.2424,-0.2168,0.04083,0.06055,0.1279,0.6855,0.0879,0.2644,0.4578,0.02646,0.555,0.905,-0.2247,-0.05753,0.1045,-0.4111,-0.4993,0.03894,0.10156,-1.252,0.02536,-1.767,0.4163,0.155,-7.793,-0.898,0.907,0.3455,-0.3599,0.14,0.5947,-0.98,0.1881,7.06,0.9214,0.906,-0.0177,0.656,-0.1671,1.454,0.1417,0.2559,-0.2408,0.669,-0.5166,-0.001449,0.2169,-0.299,-0.2288,0.769,-0.1882,-0.4836,-0.00955,0.347,-0.9775,0.2957,-0.2952,-0.05783,-0.5195,-0.1442,-1.693,-0.4307,0.4202,0.1455,-0.72,-0.3545,0.562,-0.02638,0.2756,-0.0931,0.1637,0.6606,0.1825,-0.3667,-0.1659,-0.5205,-0.07605,-0.462,0.529,-0.1091,-0.1677,-0.05386,0.4949,-0.594,-0.0001421,-0.4507,1.748,-0.4065,0.04208,0.501,0.3953,-0.4165,1.316,-0.619,-0.624,-0.1871,-0.04645,-0.01273,0.676,0.3975,-0.2074,0.5063,0.1656,1.222,0.02066,0.2507,0.436,0.3772,-2.064,0.04333,0.2537,0.3274,-0.2373,-1.329,-0.4185,-0.03976,0.6562,0.661,-0.2308,0.0754,-0.0658,-0.08594,-0.544,0.3147,-0.6396,0.3726,-0.2279,0.8447,0.02902,0.1068,-0.5776,-0.918,0.328,0.472,0.03738,-0.6426,0.1028,-0.0972,0.09186,0.8228,0.1775,0.585,0.2081,-0.1838,0.3457,0.00362,-3.215,-0.6704,0.05505,-0.1633,-1.101,-0.0389,-0.56
0,0.1709,0.2322,-0.0244,0.396,0.04974,-0.2291,-0.6353,1.293,-0.5737,0.8345,-0.6265,-0.1486,-0.3086,-0.2527,0.3635,-0.10315,-0.4395,0.153,0.0654,-0.4524,-0.24,0.475,-0.5317,-0.846,-0.05093,-0.2556,-1.763,-0.00893,0.0743,0.04938,-0.0249,0.228,-0.2012,0.2625,0.0524,0.0668,-0.10187,0.66,0.02184,-0.2927,-0.3,-0.228,0.2498,0.2196,-0.06415,0.3035,-0.375,-0.1797,-0.1602,0.02524,-0.06775,0.5713,-0.4424,1.229,0.07184,-0.254,-0.2249,0.2646,-0.06274,-0.2067,2.213,0.2952,-0.184,-9.03,-0.1335,0.275,0.4333,0.1471,0.0834,0.345,0.4746,-0.2316,8.234,-0.3933,0.596,0.08484,0.162,1.078,0.737,-0.2288,0.02628,0.11774,0.1161,0.3025,0.2947,-0.07544,0.1373,0.3296,-0.1034,0.01493,-0.2118,-0.951,-0.2086,0.2615,-0.0608,0.956,0.3245,-0.0911,0.08594,-2.443,0.1914,0.3916,0.1296,0.1354,-0.268,-0.559,-0.3018,-0.2435,-0.04373,0.09186,0.1514,0.4763,-0.294,0.09863,-0.5015,0.583,-0.4536,0.2117,0.1285,-0.1533,-0.2166,0.2646,-0.4788,0.0685,-0.00794,0.8228,-0.074,-0.01584,0.02676,0.1266,0.05615,0.6113,0.692,-0.1937,-0.1803,0.1678,-0.3967,-0.3687,-0.904,-0.1066,0.3162,0.1371,0.571,-0.012276,0.05786,-0.348,-0.1672,-1.257,0.3223,-0.3252,0.2976,-0.1215,-0.773,-0.226,0.0626,0.2074,-0.005573,0.0674,-0.3337,0.03296,0.2905,0.4321,0.10364,-0.0877,0.282,-0.342,-0.679,-0.5117,-0.502,-0.02977,-0.01147,0.3477,-0.1866,0.315,0.364,-0.0803,-0.4353,0.207,-0.3342,0.2133,0.11017,-0.1497,-0.09424,0.2878,-0.1256,1.566,-0.4575,0.007538,0.2424,-0.0759,-0.255,-0.0651
1,-0.01653,0.1135,-0.4011,0.6406,0.2218,0.2356,-0.6787,-0.2898,-0.3137,0.2515,1.235,-0.4185,0.0625,0.3762,-0.5312,0.1832,0.3672,0.2905,0.5845,-0.722,-0.539,-2.098,-0.653,-0.2458,0.9507,0.884,2.559,-0.3193,-0.1896,0.1975,0.3723,1.204,-0.3193,0.52,-0.834,-0.1531,0.556,0.9565,-1.135,0.2603,-0.1543,0.0767,0.02657,0.045,0.628,-0.02129,0.183,0.3223,-0.0842,0.724,0.9243,-0.1879,-0.0835,0.1467,-0.4226,-0.4543,0.1434,0.09314,-1.197,0.05862,-1.725,0.4602,0.08325,-7.785,-0.8755,0.9194,0.3708,-0.329,0.06903,0.608,-0.9546,0.2303,6.902,1.007,0.9336,0.10974,0.523,-0.2285,1.459,0.1498,0.3108,-0.1881,0.723,-0.399,-0.0299,0.2445,-0.3699,-0.2378,0.8164,-0.2151,-0.5127,0.07153,0.2874,-1.058,0.2377,-0.3342,0.07007,-0.4446,-0.2563,-1.585,-0.4792,0.3213,0.10974,-0.6313,-0.4404,0.5254,0.03064,0.3367,-0.02534,0.10846,0.5933,0.1537,-0.4446,-0.2595,-0.5356,0.0473,-0.592,0.3853,-0.03336,-0.1642,-0.004047,0.4631,-0.7,0.03418,-0.4832,1.911,-0.3306,0.04184,0.5537,0.302,-0.4878,1.334,-0.622,-0.7295,-0.192,-0.0657,0.014565,0.6875,0.329,-0.1754,0.5547,0.1913,1.174,0.1016,0.269,0.4148,0.4614,-1.952,-0.0549,0.2258,0.329,-0.167,-1.416,-0.4363,-0.15,0.547,0.795,-0.2803,0.06964,0.03604,-0.06793,-0.6094,0.497,-0.6104,0.439,-0.2393,0.8813,-0.04507,0.2118,-0.6997,-1.002,0.1932,0.565,0.02948,-0.67,0.1829,-0.1487,0.1207,0.8687,0.175,0.648,0.1802,-0.297,0.4648,0.1888,-3.193,-0.751,-0.008064,-0.0967,-1.158,-0.02155,-0.622
1,0.2114,0.011635,-0.1917,0.6924,-0.0892,0.1503,-0.956,-0.2869,-0.4026,0.4285,0.976,-0.3235,-0.1355,0.1447,-0.448,-0.02257,0.282,0.698,0.4443,-0.707,-0.3982,-2.19,-0.4663,-0.3699,0.97,1.039,2.32,-0.3464,-0.2091,0.3542,0.2966,0.9893,-0.376,0.1881,-0.7476,0.1611,0.3953,0.656,-0.804,0.1804,-0.006218,-0.04434,-0.2102,0.1423,0.4136,0.1539,0.423,0.657,0.0543,0.602,0.7793,-0.2673,-0.2598,0.1327,-0.08746,-0.4978,0.006,0.054,-1.197,-0.2125,-1.67,0.1431,0.2112,-8.05,-0.526,0.828,0.1934,-0.2788,0.04858,0.5225,-1.146,0.0868,7.46,0.9595,0.9526,0.11273,0.755,-0.0793,1.518,0.0739,-0.01006,-0.4302,0.659,-0.2281,0.0888,0.2007,-0.1837,-0.2006,0.4512,0.005146,-0.4094,-0.3052,0.2957,-0.7617,0.325,-0.1459,0.10046,-0.1732,-0.2457,-1.625,-0.3662,0.2515,0.1555,-0.4866,-0.07935,0.6333,-0.3828,0.04068,-0.5337,-0.03075,0.587,0.1272,-0.5723,-0.168,-0.3696,0.4033,-0.3367,0.708,-0.1692,-0.2612,-0.1451,0.4048,-0.7607,0.1688,-0.1589,1.457,-0.302,0.05127,0.6055,0.1351,-0.1254,1.486,-0.6265,-0.4224,-0.1395,0.2006,0.2211,0.4504,0.688,-0.2113,0.7246,0.1339,1.068,-0.02406,0.3337,0.4468,0.3232,-1.752,0.07574,-0.05243,0.274,-0.3362,-1.072,0.05646,-0.03394,0.591,0.5303,-0.214,-0.08154,-0.06604,-0.2019,-0.5044,0.1179,-0.4683,0.2408,-0.5264,0.5444,0.1909,0.0002154,-0.6777,-0.7607,0.3384,0.3606,0.1099,-0.8965,-0.1177,-0.2527,0.2542,0.4634,0.1903,0.712,0.24,-0.02998,0.272,0.1285,-3.018,-0.6455,0.2208,-0.1826,-0.808,-0.086,-0.536
0,0.1536,0.2474,0.005756,0.3142,0.0941,-0.1947,-0.1249,1.295,-0.302,0.829,-0.703,-0.3464,-0.2712,-0.2103,0.08276,0.0692,-0.3535,-0.0828,0.3977,-0.3364,-0.1727,0.824,-0.00803,-1.179,0.2012,-0.6045,-1.905,-0.005707,-0.0998,0.05103,-0.145,0.1664,-0.325,0.3694,-0.5405,-0.2744,0.001704,0.6465,0.09924,-0.2905,0.105,-0.0825,0.5127,0.638,0.289,-0.1538,-0.3828,-0.2114,-0.2854,-0.08575,0.3164,0.08453,-0.2242,1.024,0.2664,0.05112,-0.1103,0.339,0.2834,0.2352,2.777,0.2634,-0.3015,-8.85,-0.3286,0.05713,0.6177,0.2301,-0.2263,0.3628,0.5557,-0.4055,7.562,-0.6772,0.5317,0.3596,0.0945,1.082,1.421,0.03818,0.3037,0.1477,0.2079,0.1841,0.1277,0.092,-0.2196,0.08185,-0.3228,-0.3337,-0.0784,-0.7153,-0.137,0.3665,-0.1718,1.15,0.1676,-0.421,0.514,-2.65,-0.3594,0.588,0.06168,0.3088,-0.243,-0.596,-0.3096,-0.12195,0.1431,0.2318,0.38,0.4624,-0.1506,-0.2695,-0.4578,0.006596,-0.8154,-0.5303,0.2715,-0.316,-0.09863,0.5493,-0.09265,0.2676,-0.01836,0.8345,-0.3708,0.2202,0.136,0.03354,-0.2357,0.466,0.7695,-0.03397,0.006207,0.06415,-0.2896,-0.4324,-1.581,-0.0814,0.0732,0.3826,0.105,0.1819,0.3455,-0.3647,0.1147,-1.295,0.105,-0.422,0.1294,-0.0021,-0.832,-0.415,0.005955,-0.03497,0.3955,-0.4124,-0.1237,0.0727,0.377,-0.1274,-0.1082,-0.4048,0.2256,0.04645,-0.7817,-0.3032,-0.4656,0.01573,-0.2471,0.707,-0.1295,0.193,0.514,-0.278,-0.1315,0.003384,0.1289,-0.06046,-0.02171,-0.2979,-0.006104,0.0691,-0.102,2.254,-0.7246,0.09924,0.02611,0.05545,-0.1511,-0.2196
0,-0.227,0.4028,-0.3389,0.2585,0.06915,0.335,-0.08563,1.118,-0.1447,0.795,-0.734,-0.6826,-0.231,-0.2847,0.2969,0.1605,-0.327,0.0904,0.51,-0.2656,-0.3782,1.008,0.3816,-0.89,0.11945,-0.7305,-2.19,-0.2303,-0.1047,-0.003967,-0.4167,0.3167,-0.0746,0.5225,-0.4592,-0.2211,-0.06396,0.6016,0.3376,-0.01784,0.1594,-0.03998,0.5728,0.7354,0.2903,0.2131,-0.3286,-0.1725,-0.1284,0.09424,0.2404,-0.1615,-0.27,1.114,0.379,0.01591,-0.1151,0.4836,-0.0208,0.1267,3.076,0.4,-0.3193,-8.47,-0.3657,0.0334,0.648,0.11334,0.02437,0.504,0.552,-0.2544,7.066,-0.789,0.8374,0.2382,-0.03084,0.977,1.099,0.1089,0.401,0.0787,0.2089,0.1976,-0.12195,-0.12366,-0.3318,0.268,-0.2374,-0.08154,0.003334,-0.5845,0.01796,0.11053,-0.2327,1.566,-0.02156,-0.527,0.4285,-2.996,-0.2788,1.132,0.145,0.2578,-0.4287,-0.8496,-0.4783,-0.0662,0.033,0.259,0.06775,0.3296,-0.4116,-0.291,-0.3572,-0.2418,-0.673,-0.563,0.412,-0.2793,0.05978,0.6475,-0.1038,0.3281,0.11304,1.158,-0.2292,0.133,-0.013664,0.2283,-0.249,0.3064,0.957,-0.1677,-0.05743,-0.1576,-0.565,-0.2369,-1.8955,-0.1215,-0.0882,0.3054,0.2499,0.2137,0.6035,-0.3696,-0.08215,-1.756,-0.1364,-0.4792,0.00981,-0.257,-0.8535,-0.2998,0.3823,-0.02084,0.564,-0.8535,-0.1022,0.2421,0.1051,-0.2053,-0.38,-0.2296,0.4653,0.01549,-0.6655,-0.05722,-0.4197,-0.4365,-0.2954,0.799,-0.1749,0.09045,0.686,-0.1664,0.1396,-0.259,0.1964,0.1437,-0.1095,-0.331,0.3337,-0.02802,-0.4858,2.398,-0.5635,0.2356,-0.05908,-0.0419,-0.172,-0.536
1,0.2566,0.1687,-0.3152,0.617,0.2053,0.05173,-0.5884,-0.1346,-0.2615,0.1752,1.186,-0.516,0.0484,0.3728,-0.5527,0.215,0.2964,0.305,0.6016,-0.7935,-0.5503,-2.203,-0.444,-0.4297,1.123,1.093,2.766,-0.2457,0.087,0.2075,0.3716,1.059,-0.2915,0.5757,-0.7812,-0.06586,0.5317,0.898,-1.038,0.0325,-0.03253,0.08936,-0.321,0.2327,0.5483,-0.1104,0.3777,0.509,0.1227,0.932,0.973,-0.544,-0.2,0.3818,-0.3774,-0.6323,0.04068,0.4211,-1.247,-0.07324,-1.954,0.539,-0.09033,-7.523,-0.968,1.002,0.3784,-0.4226,0.04648,0.536,-1.223,-0.003391,6.742,1.224,1.003,0.1116,0.6953,-0.2356,1.496,0.2181,0.472,-0.2438,0.4673,-0.513,0.1499,0.1561,-0.272,-0.371,0.741,-0.0537,-0.4053,-0.1026,0.2004,-1.026,0.255,-0.299,0.0921,-0.504,-0.2389,-1.477,-0.5195,0.589,-0.03247,-0.739,-0.564,0.4575,-0.01507,0.4973,-0.04364,0.12164,0.315,0.001605,-0.6294,-0.1892,-0.581,0.0813,-0.4138,0.3364,0.02946,-0.2363,0.02742,0.5664,-0.7344,-0.0055,-0.29,1.824,-0.4104,0.04007,0.568,-0.1382,-0.395,1.343,-0.507,-0.7944,-0.10504,0.0679,0.0629,0.5957,0.537,-0.1815,0.525,0.26,1.082,0.3176,0.293,0.4553,0.3518,-1.85,0.1616,0.2316,0.1797,-0.254,-1.268,-0.607,-0.003952,0.663,0.6797,-0.3047,-0.02573,0.1912,-0.05032,-0.7637,0.3057,-0.382,0.4944,-0.2014,0.715,0.0671,0.2084,-0.682,-1.244,0.0887,0.3928,-0.01133,-0.795,0.0383,-0.19,0.3696,0.9097,0.1609,0.704,0.2367,-0.1782,0.412,0.214,-3.443,-0.8394,0.1848,-0.2668,-1.228,-0.07996,-0.4858
1,-0.013176,0.1469,-0.3918,0.6377,0.1372,0.3203,-0.719,-0.3281,-0.2795,0.3489,1.228,-0.3716,0.05673,0.38,-0.55,0.194,0.2642,0.3608,0.5493,-0.731,-0.554,-2.084,-0.585,-0.3704,1.108,0.8784,2.617,-0.2458,-0.03268,0.1293,0.3518,1.071,-0.2644,0.498,-0.8105,-0.1427,0.5527,0.951,-0.99,0.1426,-0.02054,0.1398,-0.01587,0.2131,0.643,-0.1437,0.324,0.4607,0.10516,0.6787,0.9653,-0.4001,-0.04343,0.28,-0.3662,-0.4607,0.1179,0.318,-1.2295,0.03333,-1.819,0.5103,-0.0497,-7.688,-0.976,1.022,0.4023,-0.2654,0.02647,0.729,-0.9087,0.2045,6.8,1.03,0.9097,-0.01753,0.5825,-0.2423,1.436,0.3044,0.4834,-0.3071,0.6846,-0.5806,-0.0681,0.10596,-0.3457,-0.3713,0.7485,-0.1339,-0.3245,0.1367,0.356,-1.024,0.277,-0.3552,-0.06647,-0.52,-0.2345,-1.584,-0.6123,0.471,0.1687,-0.669,-0.55,0.561,-0.0765,0.299,-0.03035,0.1171,0.58,0.006134,-0.474,-0.1925,-0.6084,-0.02971,-0.547,0.3286,-0.0222,-0.3154,0.1599,0.5303,-0.7173,-0.0597,-0.3723,1.851,-0.3054,0.1713,0.5747,0.06635,-0.26,1.418,-0.6455,-0.6973,-0.1522,-0.1089,0.02206,0.645,0.3389,-0.1826,0.4922,0.166,1.093,0.10614,0.375,0.3757,0.4104,-1.978,0.0727,0.2052,0.2291,-0.12134,-1.431,-0.5474,0.0188,0.703,0.783,-0.4683,0.0827,0.10516,-0.10785,-0.7524,0.4673,-0.5664,0.446,-0.2993,0.8965,-0.0001991,0.3247,-0.5923,-1.064,0.1658,0.4436,-0.03735,-0.7495,0.1294,-0.2303,0.07764,0.932,0.2279,0.6484,0.2197,-0.1832,0.4265,-0.011406,-3.285,-0.883,0.1058,-0.193,-1.211,-0.0317,-0.5957
0,0.1837,0.2268,-0.04752,0.1759,0.01273,-0.1016,-0.0976,1.282,-0.3042,0.79,-0.772,-0.4014,-0.262,-0.2263,0.0856,-0.01261,-0.3396,-0.1293,0.382,-0.2263,-0.2261,0.918,0.06076,-1.157,0.279,-0.6577,-2.053,-0.0605,-0.2563,0.07996,-0.276,0.1552,-0.1545,0.439,-0.6357,-0.2893,-0.01665,0.5986,0.1934,-0.1779,0.1877,-0.1409,0.6323,0.6357,0.2474,-0.1353,-0.2896,-0.287,-0.1794,-0.08203,0.3423,-0.02269,-0.2131,0.9624,0.195,0.0269,-0.02528,0.338,0.2155,0.1964,2.852,0.3022,-0.135,-8.75,-0.3938,0.1616,0.576,0.2472,-0.071,0.3672,0.4792,-0.3472,7.465,-0.752,0.5146,0.3093,0.1594,1.122,1.485,0.1483,0.352,0.2444,0.2031,0.08813,0.0341,0.077,-0.2815,0.09326,-0.2913,-0.3281,-0.0836,-0.698,-0.0154,0.474,-0.1609,1.232,-0.02518,-0.4294,0.47,-2.75,-0.2778,0.728,0.04446,0.2646,-0.2233,-0.6846,-0.3054,-0.07404,0.09973,0.2585,0.3386,0.4548,-0.174,-0.3418,-0.4497,-0.2241,-0.869,-0.639,0.2925,-0.341,-0.075,0.495,-0.09534,0.4133,-0.04224,0.8843,-0.4238,0.312,0.0265,0.141,-0.264,0.3804,0.8877,0.0442,0.1644,0.04517,-0.2615,-0.4155,-1.586,-0.0891,0.05737,0.3184,0.167,0.133,0.239,-0.3752,0.08325,-1.448,0.2063,-0.3474,0.1247,-0.07245,-0.8135,-0.4658,0.1654,-0.0546,0.2869,-0.4111,-0.09753,0.06186,0.2725,-0.1087,-0.2283,-0.372,0.1818,0.0918,-0.697,-0.2216,-0.536,-0.014305,-0.3345,0.8,-0.0719,0.2382,0.5312,-0.2595,-0.01201,-0.0519,0.2026,-0.1035,-0.02808,-0.3315,0.1005,0.05972,-0.1943,2.293,-0.5996,0.109,-0.0607,0.04053,-0.1958,-0.2053
1,0.1305,0.0504,-0.3953,0.58,0.261,0.04208,-0.6245,-0.2035,-0.4343,0.266,1.032,-0.3135,-0.08636,0.1866,-0.4214,0.1072,0.253,0.2377,0.4407,-0.6294,-0.4497,-2.287,-0.5933,-0.1919,0.8853,1.094,2.467,-0.1594,0.0448,0.2224,0.2795,1.164,-0.296,0.4355,-0.9116,0.1323,0.4236,0.8154,-1.01,0.1058,-0.2075,-0.1184,-0.1132,0.0879,0.592,0.0766,0.3818,0.3599,0.05145,0.6646,0.915,-0.215,-0.2505,0.1945,-0.1792,-0.6133,0.03006,0.1732,-1.172,-0.1188,-1.832,0.3723,0.1819,-7.906,-0.862,0.788,0.3838,-0.3994,0.1094,0.501,-1.069,0.1285,7.28,1.018,0.94,0.0964,0.703,-0.0969,1.397,0.1595,0.2343,-0.357,0.4956,-0.3953,0.2399,0.3066,-0.2242,-0.11127,0.7637,-0.02191,-0.467,-0.0367,0.0896,-0.835,0.271,-0.2961,0.2015,-0.4607,-0.2021,-1.635,-0.3262,0.3542,0.01808,-0.6035,-0.3347,0.447,-0.1289,0.2834,-0.03436,0.1586,0.515,0.1389,-0.5166,-0.01277,-0.3594,-0.03134,-0.29,0.4382,-0.02612,-0.1115,-0.1494,0.4717,-0.6885,0.05862,-0.2607,1.567,-0.403,0.008934,0.53,0.301,-0.403,1.457,-0.5166,-0.573,-0.1355,-0.04385,-0.04904,0.673,0.4692,-0.1895,0.517,0.2004,1.157,0.11554,0.1428,0.4648,0.1309,-1.989,0.1026,0.1421,0.2437,-0.3691,-1.037,-0.4995,-0.1796,0.397,0.582,-0.2727,-0.011345,0.0365,-0.01936,-0.41,0.2744,-0.6084,0.4326,-0.1852,0.716,-0.0264,0.1148,-0.6343,-1.055,0.3323,0.3386,0.0481,-0.5205,-0.004074,-0.1432,0.365,0.686,0.0853,0.629,0.256,-0.05963,0.325,0.2043,-3.275,-0.6772,0.02989,0.02437,-0.959,-0.1283,-0.377
0,-0.2004,0.428,-0.28,0.2573,0.09,0.1489,-0.3103,1.081,-0.1741,0.843,-0.6323,-0.511,-0.3748,-0.2004,0.2678,0.2485,-0.3787,0.1356,0.6807,-0.3916,-0.239,0.9395,0.1602,-0.958,-0.01199,-0.617,-2.148,-0.1306,0.004894,0.02985,-0.2917,0.4106,-0.2695,0.4626,-0.2345,-0.144,-0.007305,0.7524,0.1521,-0.1691,0.07104,-0.01549,0.569,0.719,0.3699,0.1526,-0.504,-0.05884,-0.3027,-0.01499,0.2356,0.07855,-0.3535,1.1455,0.413,0.02434,-0.224,0.477,0.07556,0.3118,3.04,0.3665,-0.5527,-8.53,-0.4104,-0.00787,0.589,0.1345,-0.1815,0.4788,0.5176,-0.3303,7.203,-0.705,0.7954,0.2128,-0.0809,1.008,1.178,-0.0282,0.245,0.08905,0.1827,0.4136,-0.1267,-0.04034,-0.224,0.2075,-0.2168,-0.2164,-0.02196,-0.648,-0.1748,-0.006596,-0.1359,1.416,0.2133,-0.4543,0.511,-2.873,-0.3394,1.043,0.1829,0.2421,-0.4163,-0.7275,-0.462,-0.1161,0.0749,0.3242,0.1781,0.363,-0.3252,-0.3538,-0.4338,0.0308,-0.713,-0.3193,0.368,-0.2352,-0.06354,0.606,-0.12134,0.03183,0.04047,1.001,-0.15,0.01735,0.1439,0.2703,-0.3025,0.3525,0.7773,-0.2725,-0.3394,-0.11096,-0.4802,-0.232,-1.823,-0.1255,0.0881,0.3271,0.319,0.2336,0.587,-0.3718,-0.08484,-1.71,-0.1351,-0.5444,-0.05933,-0.2429,-0.929,-0.3782,0.3162,-0.0756,0.6455,-0.6997,-0.0724,0.1283,0.2942,-0.139,-0.2573,-0.3206,0.5044,0.01894,-0.7134,-0.215,-0.4563,-0.3555,-0.0422,0.7974,-0.0554,0.0733,0.6777,-0.1743,0.0589,-0.2329,0.1433,0.2388,-0.1545,-0.3076,0.0422,0.11346,-0.2935,2.416,-0.603,0.244,0.06573,-0.02687,-0.09576,-0.5938
0,-0.1328,0.3547,-0.2878,0.2339,0.012024,0.1941,-0.0002269,1.201,-0.08014,0.7793,-0.7134,-0.601,-0.2296,-0.2386,0.1573,0.1677,-0.3438,0.0803,0.4495,-0.2979,-0.3708,1.042,0.37,-1.025,0.1693,-0.744,-2.182,-0.2303,-0.2124,0.06274,-0.3958,0.2798,-0.1107,0.459,-0.5415,-0.367,-0.0937,0.66,0.3464,0.01095,0.2319,-0.085,0.599,0.69,0.2255,-0.01194,-0.358,-0.1109,-0.1409,0.1394,0.3777,-0.1765,-0.2468,1.106,0.3535,0.06555,-0.06934,0.3389,-0.001966,0.1941,3.064,0.3796,-0.2927,-8.48,-0.348,0.118,0.692,0.1624,-0.05444,0.5024,0.599,-0.2054,7.086,-0.8213,0.84,0.3606,-0.0433,0.9746,1.236,0.1141,0.3936,0.04868,0.2388,0.2343,-0.0998,-0.1069,-0.3567,0.2837,-0.1841,-0.0973,-0.06055,-0.615,-0.0745,0.1683,-0.2378,1.518,0.006924,-0.4434,0.479,-3.01,-0.2932,0.998,0.0786,0.2952,-0.4304,-0.8164,-0.4648,-0.002235,0.08466,0.1606,0.1833,0.3323,-0.4019,-0.3225,-0.4524,-0.2668,-0.7827,-0.666,0.3728,-0.2632,0.04672,0.5576,-0.1449,0.3682,0.01973,1.088,-0.3528,0.1713,-0.014145,0.273,-0.345,0.3894,0.94,-0.07745,-0.03488,-0.0692,-0.5615,-0.3083,-1.839,-0.1777,0.001782,0.3535,0.2465,0.213,0.6626,-0.4111,0.02997,-1.66,-0.1002,-0.5415,0.02565,-0.2008,-0.8345,-0.1771,0.3381,0.00879,0.6772,-0.8125,-0.03894,0.309,0.1622,-0.3396,-0.3381,-0.2015,0.3318,-0.04102,-0.6724,-0.03976,-0.4253,-0.319,-0.3726,0.7563,-0.1691,0.10583,0.538,-0.1979,0.10486,-0.1938,0.2815,0.08466,-0.071,-0.3457,0.2094,-0.0489,-0.343,2.385,-0.629,0.2233,-0.0654,0.01006,-0.1427,-0.52
1,0.2969,-0.04486,-0.2368,0.5015,0.1515,0.11304,-0.6855,-0.08984,-0.432,0.2273,1.103,-0.2988,-0.0501,0.1753,-0.516,0.166,0.2104,0.3545,0.376,-0.725,-0.529,-2.174,-0.484,-0.666,1.018,1.173,2.58,-0.1759,0.1498,0.11395,0.438,1.03,-0.1477,0.359,-0.9004,0.103,0.3774,0.7124,-0.8467,0.0735,0.00955,-0.0944,-0.2517,0.285,0.434,-0.12,0.5283,0.491,0.2177,0.8022,0.903,-0.564,-0.237,0.3335,-0.1995,-0.5894,0.1478,0.3726,-1.059,-0.137,-2.01,0.4138,-0.11346,-7.688,-0.806,1.006,0.452,-0.356,0.001745,0.6074,-1.087,0.0987,7.11,1.126,0.9263,0.168,0.62,-0.1467,1.533,0.1919,0.34,-0.4873,0.4722,-0.4963,0.2903,0.1929,-0.2488,-0.1821,0.592,-0.01974,-0.2089,-0.03268,0.1715,-0.88,0.2607,-0.324,0.02986,-0.4053,-0.1567,-1.463,-0.6455,0.4336,-0.01729,-0.4702,-0.4998,0.443,-0.2947,0.2876,-0.15,0.06757,0.495,-0.05652,-0.796,0.11633,-0.5146,0.0337,-0.3425,0.3582,-0.01244,-0.318,0.03033,0.586,-0.8604,0.1355,-0.1554,1.675,-0.3745,0.04086,0.6016,-0.10333,-0.1646,1.488,-0.6045,-0.5137,0.0895,-0.03888,-0.01155,0.6685,0.4512,-0.2296,0.4858,0.212,0.9478,0.1508,0.2947,0.4688,0.2089,-1.746,0.2211,0.1087,0.1558,-0.2559,-1.228,-0.437,0.01543,0.667,0.669,-0.4238,-0.1581,0.2009,-0.1139,-0.6455,0.2219,-0.4497,0.3503,-0.3298,0.6396,0.1389,0.4116,-0.5156,-1.218,0.2053,0.2106,-0.01162,-0.825,-0.03125,-0.397,0.3596,0.75,0.2466,0.749,0.2141,0.06036,0.5425,0.2292,-3.426,-0.955,0.2441,-0.1428,-0.95,-0.11615,-0.3984
1,0.1011,0.3113,-0.3643,0.5605,0.1837,0.1656,-0.621,-0.2876,-0.2042,0.27,1.147,-0.459,0.1243,0.4827,-0.602,0.2112,0.3032,0.3496,0.662,-0.8267,-0.559,-2.11,-0.405,-0.3123,1.189,0.9556,2.75,-0.1708,0.0787,0.179,0.2998,0.9087,-0.251,0.5703,-0.714,-0.1342,0.6377,1.038,-1.049,0.1306,-0.03912,0.11664,-0.1873,0.1181,0.5527,-0.086,0.2666,0.563,0.1322,0.83,0.9946,-0.634,-0.1882,0.4038,-0.3608,-0.5034,0.02003,0.3745,-1.258,0.008965,-1.984,0.515,-0.1066,-7.477,-0.969,0.997,0.3572,-0.371,0.003353,0.6245,-1.063,0.1251,6.7,1.189,0.9927,0.043,0.7075,-0.2473,1.4375,0.3135,0.563,-0.2463,0.504,-0.672,-0.0703,0.1674,-0.3113,-0.4412,0.7646,-0.137,-0.4001,-0.0001808,0.2188,-1.095,0.204,-0.3396,0.0733,-0.5396,-0.2002,-1.617,-0.5195,0.597,0.1653,-0.705,-0.572,0.5776,0.08215,0.491,-0.0759,0.1242,0.3943,-0.02399,-0.4775,-0.2068,-0.6245,0.10675,-0.4382,0.366,0.0258,-0.3123,0.1653,0.606,-0.685,-0.1333,-0.3335,1.79,-0.3157,0.06726,0.563,-0.05103,-0.3977,1.388,-0.6367,-0.7783,-0.1779,-0.03592,0.06964,0.5454,0.4214,-0.1641,0.4868,0.2134,1.194,0.249,0.4636,0.366,0.3987,-1.9795,0.0665,0.2363,0.0665,-0.2249,-1.27,-0.5913,-0.002052,0.6826,0.8823,-0.4453,0.04373,0.2189,-0.11346,-0.8496,0.4639,-0.5244,0.387,-0.2039,0.8687,0.0258,0.2158,-0.692,-1.148,0.04434,0.4353,-0.1627,-0.684,0.10114,-0.1256,0.1466,0.967,0.2416,0.7036,0.262,-0.2435,0.3606,0.11444,-3.373,-0.887,0.1239,-0.249,-1.371,-0.0562,-0.5933
1,0.06226,0.2483,-0.363,0.7246,0.1797,0.2727,-0.6226,-0.1973,-0.29,0.3489,1.039,-0.379,-0.00878,0.2996,-0.45,0.1642,0.2766,0.345,0.5103,-0.53,-0.4717,-2.059,-0.5938,-0.1229,0.985,0.923,2.438,-0.2803,-0.0891,0.1046,0.207,1.168,-0.335,0.5635,-0.7827,-0.1161,0.4683,0.8115,-0.8794,0.10657,-0.1205,0.03226,-0.0824,0.2096,0.633,0.01025,0.4216,0.4272,0.088,0.7207,0.9575,-0.3167,-0.1089,0.3286,-0.3203,-0.524,0.05176,0.1018,-1.32,-0.1014,-1.708,0.4854,0.05832,-7.836,-0.9316,0.8755,0.2583,-0.226,0.05832,0.5557,-1.135,0.146,7.21,1.1,0.9585,0.1272,0.627,-0.1847,1.27,0.2036,0.1868,-0.324,0.5576,-0.4224,0.05164,0.1298,-0.2588,-0.2286,0.6943,-0.0587,-0.4714,0.02594,0.3552,-1.019,0.2245,-0.2192,0.122,-0.5225,-0.279,-1.6,-0.3616,0.576,0.131,-0.6567,-0.608,0.4226,-0.1216,0.266,-0.0651,0.1655,0.4546,0.07935,-0.523,-0.1633,-0.532,-0.05936,-0.385,0.3948,0.0539,-0.2544,0.004757,0.4744,-0.7397,-0.05997,-0.3103,1.721,-0.3425,0.1282,0.5215,0.1306,-0.3752,1.308,-0.5205,-0.7183,-0.1879,-0.001974,-0.1306,0.681,0.55,-0.125,0.5176,0.2651,1.155,0.1259,0.2773,0.3772,0.2245,-1.962,0.04895,0.1128,0.3035,-0.2542,-1.219,-0.483,-0.0696,0.6387,0.6147,-0.2468,0.03156,-0.02983,-0.1707,-0.578,0.3425,-0.4614,0.5156,-0.295,0.7544,0.05698,0.1439,-0.6436,-1.045,0.2275,0.431,-0.03647,-0.7876,0.099,-0.1277,0.337,0.765,0.1927,0.649,0.282,-0.2239,0.303,0.003567,-3.297,-0.65,0.0378,-0.0792,-0.993,-0.1425,-0.4841
1,0.347,-0.003616,-0.135,0.4868,0.2343,-0.0807,-0.6113,-0.08777,-0.3665,0.3613,0.8164,-0.3445,-0.1736,0.2238,-0.3335,-0.0821,0.2908,0.4072,0.3308,-0.5923,-0.3945,-2.65,-0.3137,-0.5527,1.03,1.101,2.232,-0.1153,0.05307,0.2375,0.3267,1.041,-0.217,0.2356,-0.953,-0.00874,0.452,0.8125,-0.9,-0.1193,-0.317,-0.1028,-0.4148,0.3438,0.661,0.0973,0.354,0.3906,0.04352,0.5854,0.898,-0.2211,-0.12,0.1525,-0.2131,-0.656,-0.1157,0.1364,-1.139,-0.1735,-1.811,0.1544,0.2832,-8.13,-0.5835,0.683,0.453,-0.496,0.1443,0.1906,-1.217,-0.0877,7.395,0.957,0.8936,0.1467,0.947,0.1278,1.677,0.07086,0.05963,-0.2732,0.3608,-0.4443,0.2365,0.303,-0.2112,-0.2156,0.645,-0.002289,-0.547,-0.07526,0.09033,-0.7373,0.3203,-0.1707,0.2252,-0.516,-0.1992,-1.449,-0.1774,0.2019,0.054,-0.755,-0.1915,0.5845,-0.1307,0.2695,-0.0824,0.1627,0.3628,0.2578,-0.476,0.0851,-0.3286,0.0418,-0.0601,0.4807,-0.08136,-0.03873,-0.2363,0.4768,-0.467,0.10223,-0.2461,1.217,-0.4875,0.000463,0.582,0.1781,-0.08026,1.481,-0.3572,-0.4426,-0.1926,0.1553,-0.02632,0.4036,0.7344,-0.2803,0.4602,0.2805,0.75,0.1599,0.1644,0.4949,0.138,-1.877,0.058,0.0686,0.3098,-0.3337,-0.83,-0.2717,-0.1873,0.503,0.471,-0.1019,0.04324,-0.0194,0.03503,-0.3623,0.1261,-0.478,0.2996,-0.2312,0.4224,0.08997,-0.126,-0.534,-1.014,0.2218,0.1559,0.2164,-0.588,-0.0944,0.01604,0.623,0.4841,-0.0001812,0.6387,0.32,-0.04013,0.1876,0.2375,-3.219,-0.629,-0.015,-0.0797,-0.728,-0.074,-0.2031
0,-0.2391,0.428,-0.3545,0.299,-0.0159,0.3674,-0.04587,1.121,-0.1166,0.808,-0.707,-0.6343,-0.267,-0.2705,0.2087,0.1865,-0.3337,0.126,0.5156,-0.281,-0.3943,1.03,0.334,-0.8765,0.1276,-0.7793,-2.156,-0.2283,-0.1746,0.07916,-0.395,0.3423,-0.1301,0.5225,-0.4277,-0.3252,-0.0724,0.623,0.3538,0.00953,0.2112,-0.073,0.604,0.726,0.264,0.08813,-0.3284,-0.09143,-0.1528,0.0997,0.3618,-0.1367,-0.2817,1.106,0.3738,0.0719,-0.09814,0.4036,-0.02289,0.2236,3.074,0.3943,-0.31,-8.48,-0.3945,0.0663,0.6553,0.1888,-0.0846,0.5176,0.5884,-0.2026,7.082,-0.837,0.793,0.2998,-0.0843,0.9375,1.125,0.10364,0.382,0.0726,0.2695,0.2434,-0.2035,-0.1392,-0.3655,0.2463,-0.2087,-0.1229,0.00327,-0.58,-0.009,0.08795,-0.2167,1.5,-0.01067,-0.4604,0.4626,-2.986,-0.2993,1.116,0.1099,0.2715,-0.4844,-0.8164,-0.4653,-0.01186,0.05203,0.1876,0.1602,0.3203,-0.3762,-0.41,-0.469,-0.2349,-0.8164,-0.543,0.3813,-0.2399,0.10297,0.596,-0.1263,0.3113,0.02559,1.159,-0.2366,0.1699,-0.00861,0.2499,-0.2942,0.3738,0.9067,-0.1542,-0.1062,-0.1001,-0.5293,-0.2279,-1.856,-0.1499,-0.03885,0.3394,0.2384,0.1653,0.6533,-0.3647,-0.01793,-1.748,-0.1232,-0.545,-0.00745,-0.2155,-0.904,-0.2244,0.4187,0.03116,0.646,-0.8545,-0.01686,0.2783,0.1554,-0.3237,-0.321,-0.1893,0.3914,-0.03482,-0.616,-0.05087,-0.431,-0.3909,-0.3271,0.7925,-0.1344,0.09595,0.574,-0.1805,0.1403,-0.2725,0.242,0.1509,-0.0905,-0.3035,0.2155,-0.05304,-0.472,2.37,-0.6045,0.2174,-0.0941,-0.0091,-0.12036,-0.5815
1,0.1371,0.08887,-0.396,0.6035,0.1831,0.2185,-0.6772,-0.1318,-0.439,0.3752,1.137,-0.3264,0.01067,0.2433,-0.3994,0.0877,0.2812,0.305,0.4177,-0.5093,-0.4956,-2.117,-0.677,-0.2842,0.9326,0.963,2.398,-0.254,-0.2363,0.10455,0.287,1.274,-0.2947,0.5146,-0.9614,-0.05966,0.3972,0.719,-0.8535,0.2076,-0.0952,-0.0781,-0.1288,0.2122,0.6265,-0.00682,0.5454,0.3267,-0.02094,0.745,0.925,-0.1554,-0.1571,0.2465,-0.3113,-0.558,0.1914,0.0879,-1.297,-0.1415,-1.693,0.489,0.1449,-7.875,-0.863,0.957,0.3115,-0.1777,0.0899,0.5874,-1.006,0.1698,7.188,0.9863,1.053,0.1411,0.563,-0.2314,1.363,0.08856,0.10425,-0.419,0.6255,-0.3867,0.1945,0.1989,-0.2686,-0.1794,0.79,0.01046,-0.497,0.1936,0.346,-0.9473,0.2485,-0.1632,0.03973,-0.4512,-0.3616,-1.536,-0.3513,0.4849,0.05475,-0.5728,-0.5854,0.3606,-0.325,0.2683,-0.0789,0.1082,0.5093,0.05292,-0.637,-0.04358,-0.423,-0.11206,-0.4963,0.3274,0.04892,-0.2622,-0.04068,0.4197,-0.8774,0.09,-0.2617,1.76,-0.3704,0.189,0.5176,0.2178,-0.2856,1.374,-0.557,-0.632,-0.07715,-0.06244,-0.1545,0.7544,0.413,-0.2161,0.5366,0.1853,1.203,0.0642,0.1373,0.41,0.2023,-1.887,0.1439,0.1134,0.349,-0.2375,-1.206,-0.4424,-0.1636,0.5664,0.595,-0.2856,0.01527,0.01004,-0.2573,-0.453,0.382,-0.4958,0.5303,-0.3196,0.7993,0.05713,0.2357,-0.5527,-1.15,0.262,0.3965,0.1095,-0.8164,0.1272,-0.2404,0.3384,0.7075,0.1881,0.63,0.2227,-0.1593,0.4143,-0.010506,-3.219,-0.5957,0.03122,-0.005028,-0.9243,-0.1539,-0.4731
0,-0.06964,0.2869,-0.2766,0.2034,0.007225,0.08105,-0.002634,1.286,-0.08966,0.7905,-0.7017,-0.532,-0.2627,-0.2094,0.1444,0.1576,-0.3657,0.08307,0.4556,-0.296,-0.352,1.0625,0.3223,-1.155,0.2076,-0.704,-2.201,-0.1974,-0.1782,0.07214,-0.3015,0.2754,-0.1477,0.4443,-0.5186,-0.3706,-0.1057,0.6753,0.3308,-0.0658,0.2214,-0.10986,0.549,0.702,0.2185,-0.0918,-0.371,-0.08606,-0.1749,0.1271,0.3674,-0.1488,-0.2478,1.121,0.3594,0.0828,-0.07324,0.3196,0.0677,0.2051,3.066,0.3787,-0.2852,-8.51,-0.3376,0.0992,0.6963,0.1764,-0.0956,0.4714,0.5796,-0.2233,7.098,-0.766,0.8154,0.4355,-0.02574,1.033,1.328,0.0983,0.3623,0.03062,0.2195,0.291,-0.0327,-0.09467,-0.3025,0.2778,-0.1881,-0.1407,-0.0827,-0.645,-0.1381,0.2069,-0.216,1.472,0.0888,-0.394,0.4937,-2.97,-0.3325,0.9536,0.05652,0.3298,-0.4365,-0.783,-0.4783,-0.00149,0.10254,0.1592,0.217,0.3496,-0.3823,-0.3394,-0.5063,-0.2052,-0.8076,-0.676,0.3643,-0.2588,0.0391,0.555,-0.1649,0.3328,-0.009056,1.002,-0.3774,0.1868,0.01768,0.2495,-0.3496,0.4387,0.9307,-0.07684,-0.08075,0.004734,-0.5776,-0.316,-1.806,-0.2039,0.06204,0.3994,0.2104,0.1725,0.6304,-0.4094,0.01808,-1.574,-0.08203,-0.563,0.01927,-0.186,-0.8,-0.1981,0.3223,-0.02176,0.675,-0.737,-0.03452,0.2817,0.2053,-0.3494,-0.3188,-0.1863,0.2815,-0.03568,-0.7373,-0.0696,-0.4683,-0.2428,-0.3977,0.734,-0.1704,0.1027,0.4502,-0.238,0.0928,-0.1019,0.279,0.07166,-0.04865,-0.3523,0.1731,-0.0487,-0.2433,2.408,-0.6626,0.1833,-0.04944,0.02534,-0.1844,-0.5034
1,0.2424,-0.1697,-0.2451,0.5474,-0.02835,-0.0345,-1.118,-0.2366,-0.4482,0.313,0.9854,-0.2216,-0.2208,0.06866,-0.3481,-0.12164,0.3147,0.5933,0.3623,-0.64,-0.4343,-2.35,-0.4617,-0.575,0.9434,1.122,2.115,-0.2148,-0.079,0.387,0.2837,1.091,-0.208,0.07947,-0.6973,0.2925,0.3713,0.6963,-0.7446,0.1597,-0.0964,-0.1699,-0.2352,0.05667,0.4277,0.319,0.2418,0.5215,0.02977,0.5835,0.68,-0.015526,-0.2185,0.1766,-0.0693,-0.6377,-0.11884,0.1562,-1.158,-0.2119,-1.503,0.078,0.2637,-8.33,-0.4119,0.7197,0.3962,-0.4949,0.1887,0.336,-1.223,-0.007805,7.44,0.844,0.96,0.2299,0.756,0.08997,1.747,-0.1824,-0.03046,-0.2693,0.6743,0.001022,0.258,0.2205,-0.206,-0.1615,0.651,0.11993,-0.439,-0.393,0.03082,-0.673,0.4438,-0.10675,0.1547,-0.1953,-0.1836,-1.686,-0.147,0.11383,0.1029,-0.4937,0.1403,0.656,-0.1981,0.0229,-0.5146,-0.0695,0.3718,0.3213,-0.4878,-0.1637,-0.361,0.371,-0.1624,0.7686,-0.1655,-0.03586,-0.3384,0.2742,-0.4617,0.1605,-0.2214,1.128,-0.3254,-0.02762,0.601,0.3706,-0.008224,1.4795,-0.4426,-0.4832,-0.2465,0.2988,0.2386,0.2666,0.875,-0.4128,0.865,0.08496,0.8853,-0.0631,0.0999,0.372,0.2559,-1.653,0.07214,0.03522,0.3823,-0.4197,-1.097,0.1594,-0.1918,0.3276,0.3762,0.03102,0.00231,-0.186,-0.1758,-0.1619,-0.06665,-0.4048,0.1783,-0.2986,0.354,-0.0355,-0.264,-0.661,-0.8257,0.275,0.3047,0.2223,-0.8184,-0.1575,-0.1332,0.3665,0.3206,0.05814,0.753,0.269,0.1172,0.3857,0.2773,-2.824,-0.5854,0.06506,-0.1661,-0.79,-0.0868,-0.3647
1,0.2216,-0.2118,-0.3552,0.165,-0.081,0.06885,-0.705,0.0475,-0.4626,0.3228,0.683,-0.03314,-0.3208,-0.1914,-0.1455,-0.1003,0.05768,0.2925,0.01999,-0.307,-0.2642,-2.232,-0.336,-0.4832,0.698,1.258,1.408,-0.182,0.1594,-0.00709,0.3481,0.949,0.1923,0.2502,-0.612,0.2903,-0.081,0.3877,-0.2075,0.0686,-0.2178,-0.4705,-0.3972,0.394,-0.01984,0.1134,0.5723,0.369,0.2817,0.5938,0.7417,-0.191,-0.10394,0.2316,-0.1987,-0.7783,0.094,0.05295,-1.027,-0.1287,-1.239,0.3389,0.1567,-8.35,-0.3118,0.871,0.11115,-0.2026,0.2544,0.318,-1.297,0.1225,8.15,0.93,0.765,0.0785,0.652,0.4482,1.003,0.10114,-0.003891,-0.4858,0.4976,-0.0757,0.3782,0.07153,-0.05136,0.2228,0.455,0.12036,-0.2595,-0.09454,0.1179,-0.611,0.3472,-0.2793,0.2065,-0.01877,-0.0818,-1.928,-0.18,0.304,-0.08844,-0.07,-0.2126,0.4255,-0.24,-0.1227,-0.2285,0.269,0.2993,0.2344,-0.8394,0.2113,-0.4,-0.1884,0.1011,0.562,-0.1038,-0.2404,-0.044,0.02197,-0.785,0.3506,-0.00846,0.9707,-0.353,0.0916,0.2233,0.4036,-0.05765,1.458,-0.2776,-0.1936,-0.05737,0.1562,-0.12054,0.447,0.9053,-0.306,0.93,-0.08813,0.5947,-0.02907,-0.05807,0.318,-0.1812,-1.742,0.4277,-0.04947,0.231,-0.6074,-0.7563,-0.2234,0.0636,0.3928,0.00324,0.0302,-0.1628,-0.07135,-0.203,-0.1012,-0.1785,-0.1051,0.2588,-0.4614,0.2426,0.04688,-0.0003016,-0.4167,-0.915,0.1938,0.1254,0.1722,-0.846,-0.1565,-0.2659,0.7666,0.3728,0.3015,0.519,0.2622,0.1372,0.6655,0.4268,-2.824,-0.4763,0.07227,0.04254,-0.3813,-0.231,-0.294
0,0.1821,0.3813,0.136,0.4216,0.08295,-0.2012,-0.3115,1.196,-0.4893,0.833,-0.673,-0.2737,-0.3335,-0.1979,0.1362,0.03708,-0.2394,-0.1549,0.4146,-0.3198,-0.1427,0.5894,-0.107,-0.904,0.1638,-0.494,-1.697,0.05283,-0.2229,-0.011314,-0.1613,0.1017,-0.363,0.2766,-0.5166,-0.0771,0.08527,0.6113,-0.0467,-0.2448,0.1046,-0.0865,0.4834,0.537,0.3608,0.0407,-0.3271,-0.2769,-0.3333,-0.2444,0.278,0.3047,-0.3745,0.9785,0.3008,-0.0364,-0.1458,0.3489,0.251,0.2131,2.537,0.205,-0.2883,-9.08,-0.3118,-0.02556,0.457,0.2437,-0.2384,0.3015,0.488,-0.48,7.816,-0.6836,0.4333,0.2773,0.1772,0.9893,1.2,-0.07074,0.2042,0.2163,0.1427,0.1215,0.11615,0.2212,-0.2122,0.055,-0.371,-0.313,-0.0175,-0.6797,-0.1437,0.3345,-0.1498,1.014,0.09076,-0.337,0.4858,-2.58,-0.3003,0.4468,0.1715,0.2766,-0.1605,-0.5234,-0.2925,-0.2384,0.1365,0.3423,0.3884,0.5146,-0.0984,-0.236,-0.3254,0.156,-0.698,-0.3176,0.1716,-0.2747,-0.2318,0.4395,-0.0352,0.2673,0.02293,0.808,-0.2576,0.05685,0.1376,0.0634,-0.11273,0.398,0.7236,-0.003014,0.02376,0.06076,-0.1569,-0.452,-1.386,-0.01933,0.0795,0.2162,0.1539,0.1499,0.1289,-0.3203,0.1311,-1.197,0.1863,-0.404,0.2339,-0.1032,-0.8193,-0.4365,-0.1263,-0.1316,0.2103,-0.314,-0.1538,-0.0703,0.3044,0.103,-0.02037,-0.4138,0.2903,0.1186,-0.6753,-0.3965,-0.5,0.0865,-0.0826,0.677,-0.197,0.3298,0.6533,-0.2042,-0.2084,-0.07214,0.01831,-0.0581,0.01906,-0.3018,-0.04425,0.06094,-0.1455,2.135,-0.633,0.1521,0.1842,0.01796,-0.08386,-0.05914
0,0.05267,0.2563,-0.2954,0.2201,0.03897,0.12396,-0.00851,1.3,-0.11163,0.7886,-0.7354,-0.684,-0.1874,-0.1787,0.2123,0.1087,-0.3474,0.12006,0.3877,-0.2279,-0.3313,0.981,0.3215,-0.9546,0.1948,-0.714,-2.117,-0.2683,-0.2935,0.2018,-0.3237,0.3306,-0.3533,0.5146,-0.597,-0.3992,-0.02759,0.792,0.3345,-0.11224,0.2097,-0.03366,0.4458,0.7993,0.3027,-0.01031,-0.3567,0.012436,-0.1246,0.2263,0.4219,-0.2332,-0.49,1.182,0.3113,0.1122,-0.1859,0.4207,-0.125,0.11774,3.09,0.4355,-0.1992,-8.414,-0.3577,0.2267,0.712,0.125,-0.0887,0.5366,0.558,-0.2893,6.92,-0.799,0.8164,0.2703,0.04175,1.136,1.116,0.09644,0.4033,0.1438,0.2336,0.2299,0.01962,-0.084,-0.3098,0.2468,-0.06415,-0.1137,-0.117,-0.6567,-0.05038,0.1525,-0.3203,1.564,-0.00854,-0.513,0.4998,-3.0,-0.3962,0.9834,0.005054,0.1969,-0.4004,-0.898,-0.5234,0.062,0.1434,0.11444,0.1992,0.3713,-0.3381,-0.361,-0.4446,-0.1009,-0.887,-0.717,0.3484,-0.2395,0.07526,0.6826,-0.1682,0.4666,-0.0484,1.124,-0.4377,0.1921,0.1018,0.2201,-0.2842,0.3484,0.9546,-0.2228,-0.171,-0.01021,-0.4124,-0.391,-1.909,-0.2218,-0.00831,0.452,0.25,0.2761,0.644,-0.259,0.1017,-1.606,-0.000331,-0.5425,0.0683,-0.1945,-0.8237,-0.3018,0.4714,0.07635,0.7065,-0.7163,0.02306,0.3494,0.1776,-0.4824,-0.3752,-0.2996,0.3281,-0.07416,-0.8286,-0.0644,-0.4744,-0.264,-0.4863,0.893,-0.02727,0.1277,0.4883,-0.3687,0.0715,-0.03827,0.2822,0.1078,-0.105,-0.422,0.05353,-0.2646,-0.2295,2.52,-0.709,0.2471,-0.1876,0.00645,-0.2106,-0.5664
1,0.2107,0.1542,-0.3826,0.4915,0.1389,0.048,-0.5815,-0.1514,-0.1404,0.2264,1.132,-0.4922,0.1404,0.401,-0.588,0.3171,0.256,0.3862,0.5605,-0.7383,-0.5386,-2.17,-0.37,-0.4717,1.185,1.144,2.797,-0.1923,0.28,0.2255,0.3958,1.04,-0.3105,0.638,-0.6455,-0.06305,0.4932,0.799,-0.8247,-0.02087,0.0562,0.1226,-0.411,0.2456,0.4783,-0.1733,0.389,0.6885,0.1963,0.943,1.001,-0.6987,-0.1647,0.4685,-0.3416,-0.6367,0.0746,0.457,-1.316,-0.0525,-2.04,0.4868,-0.1903,-7.312,-0.9595,1.073,0.3645,-0.4844,-0.1272,0.5967,-1.324,0.012764,6.68,1.292,1.007,0.2422,0.6123,-0.2168,1.452,0.1863,0.492,-0.376,0.588,-0.539,0.239,-0.001939,-0.284,-0.3628,0.64,-0.02731,-0.2817,-0.09186,0.3064,-1.148,0.3655,-0.3716,0.1989,-0.522,-0.1526,-1.525,-0.5796,0.772,0.05585,-0.655,-0.6216,0.565,-0.0778,0.4438,-0.06915,0.02795,0.2937,-0.10315,-0.715,-0.132,-0.714,0.1396,-0.4343,0.3606,0.0621,-0.2834,0.05817,0.72,-0.7974,0.02998,-0.2386,1.838,-0.4224,0.1246,0.6694,-0.2703,-0.2776,1.33,-0.523,-0.8906,-0.11224,0.0405,0.04507,0.6455,0.539,-0.2346,0.5312,0.2546,1.0625,0.2932,0.3477,0.4485,0.3137,-1.982,0.1583,0.07,0.0969,-0.2227,-1.204,-0.5723,0.1584,0.741,0.746,-0.3716,-0.0876,0.1952,-0.218,-0.9272,0.203,-0.3518,0.3896,-0.3596,0.723,0.151,0.2969,-0.647,-1.206,0.1096,0.293,-0.1031,-0.9883,0.1008,-0.1499,0.4,0.8325,0.1794,0.7456,0.2395,-0.1412,0.46,0.1201,-3.45,-0.905,0.268,-0.2961,-1.196,-0.1858,-0.575
0,0.0923,0.4307,-0.2905,0.1653,0.05948,-0.0886,-0.8394,1.166,-0.4966,0.7974,-0.5693,-0.38,-0.4436,-0.1328,0.4812,-0.05515,-0.3843,0.1663,0.4243,-0.1683,-0.09863,0.681,-0.0318,-0.984,-0.003336,-0.4507,-2.064,-0.262,-0.3254,0.0697,-0.2405,0.413,-0.3503,0.4429,-0.291,-0.04095,0.1542,0.905,0.1376,-0.2279,0.04355,-0.1923,0.544,0.6724,0.4678,0.3315,-0.3506,-0.05896,-0.0871,-0.1017,0.1904,0.1592,-0.6553,1.235,0.3281,-0.0691,-0.1603,0.4224,-0.08466,0.06757,2.656,0.267,-0.4172,-8.63,-0.4192,0.3499,0.2312,0.1621,-0.0798,0.3638,0.3184,-0.3604,7.547,-0.5,0.7354,0.00010973,0.2512,1.223,0.989,-0.2966,-0.067,0.2314,0.1107,0.3813,0.06714,-0.03552,-0.1779,0.1569,-0.2133,-0.1378,-0.1351,-0.8213,-0.1459,0.2377,-0.0883,1.295,0.02867,-0.4307,0.3643,-2.695,-0.1495,0.998,0.3,0.0094,-0.335,-0.8574,-0.7085,-0.1089,-0.03784,0.3035,0.1597,0.633,-0.169,-0.265,-0.3782,0.3408,-0.717,-0.1813,0.233,-0.2744,-0.1713,0.3794,-0.2428,0.2062,0.1284,0.8374,-0.3528,0.03723,0.04187,0.504,0.00919,0.353,0.758,-0.2568,-0.10693,0.05368,-0.1799,-0.3254,-1.41,-0.03516,0.315,0.11816,0.6235,0.02403,0.0268,-0.3218,-0.1526,-1.443,0.3062,-0.4517,0.1964,-0.4268,-0.884,-0.4646,0.4812,-0.08057,0.298,-0.376,-0.1985,-0.06635,0.10693,0.3093,-0.452,-0.1953,0.5347,0.066,-0.7803,-0.4878,-0.772,-0.1965,-0.00949,0.8384,-0.0703,0.355,0.6294,-0.1885,-0.1213,-0.0576,-0.04776,0.342,0.1368,-0.3384,-0.0843,0.0868,-0.2087,2.338,-0.4417,0.4133,0.007965,-0.01551,-0.2437,-0.3774
0,-0.143,0.3372,-0.3513,0.2793,-0.03842,0.3743,-0.143,1.092,-0.2311,0.774,-0.746,-0.6626,-0.1917,-0.2004,0.3245,0.1661,-0.3352,0.08966,0.3892,-0.2103,-0.3245,0.9927,0.3254,-0.716,0.1453,-0.662,-2.062,-0.2852,-0.1846,0.0707,-0.3687,0.2766,-0.2578,0.4985,-0.4404,-0.1921,-0.02281,0.5894,0.389,-0.064,0.2087,-0.02596,0.661,0.791,0.312,0.1626,-0.351,-0.006607,-0.06647,0.01636,0.2307,-0.175,-0.499,1.033,0.3784,0.1172,-0.1993,0.569,-0.03168,0.0962,2.99,0.4697,-0.2908,-8.43,-0.4177,0.1105,0.672,0.0663,-0.08905,0.517,0.5933,-0.2666,7.133,-0.813,0.6284,0.1164,0.013145,1.133,1.009,0.1652,0.4521,0.1484,0.2395,0.255,-0.11005,-0.07996,-0.3064,0.2544,-0.1215,-0.0727,0.02444,-0.627,0.01393,0.0717,-0.231,1.524,-0.08984,-0.4885,0.517,-2.969,-0.483,1.091,0.09424,0.1573,-0.4521,-0.8154,-0.4875,-0.0652,0.09393,0.2534,0.1741,0.3157,-0.406,-0.3071,-0.323,-0.1126,-0.737,-0.5693,0.3281,-0.2676,0.0782,0.742,-0.1311,0.3772,-0.0004635,1.207,-0.2563,0.1338,0.07935,0.2009,-0.2424,0.316,0.895,-0.2062,-0.1495,-0.085,-0.453,-0.2352,-2.023,-0.1322,-0.2363,0.362,0.294,0.05664,0.6064,-0.2297,-0.0701,-1.8125,-0.0354,-0.507,0.05206,-0.2393,-0.793,-0.3792,0.4539,0.06094,0.5415,-0.71,-0.00714,0.2054,0.0982,-0.353,-0.3777,-0.3467,0.37,-0.04102,-0.638,-0.0906,-0.334,-0.256,-0.2957,1.065,-0.0107,0.0522,0.622,-0.3704,0.04312,-0.2969,0.2241,0.1931,-0.1581,-0.4097,0.2793,-0.2372,-0.4397,2.477,-0.5776,0.2156,-0.0778,-0.0211,-0.2196,-0.5127
0,0.1812,0.2708,-0.2206,0.3625,0.02068,0.03464,-0.3042,1.363,-0.2305,0.714,-0.906,-0.4302,-0.1295,-0.2438,0.1406,-0.013916,-0.4917,0.004482,0.3203,-0.2164,-0.3076,1.131,-0.01547,-1.116,0.144,-0.6875,-2.318,-0.0865,-0.1602,0.07715,-0.281,0.274,-0.081,0.6177,-0.4253,-0.1681,-0.1764,0.633,0.4285,-0.1643,0.2302,-0.1771,0.6704,0.623,0.1808,-0.011955,-0.2302,-0.2146,0.03867,0.012726,0.2427,-0.1533,-0.3633,1.214,0.1786,-0.1357,-0.1059,0.4795,-0.0767,0.0362,3.004,0.447,-0.1278,-8.45,-0.3635,0.2654,0.5024,0.2415,-0.0765,0.5884,0.4775,-0.2373,7.31,-0.561,0.6895,0.287,-0.02187,1.216,1.147,0.05658,0.264,0.1548,0.3115,0.2656,0.03696,-0.08203,-0.2664,0.2133,-0.2654,-0.1904,-0.1838,-0.746,0.215,0.431,-0.0796,1.348,0.1672,-0.513,0.2776,-2.688,-0.1664,0.9165,-0.0942,0.2717,-0.5054,-0.9517,-0.388,-0.04205,0.04782,0.1748,0.2499,0.3696,-0.2274,-0.3254,-0.4756,-0.11536,-0.832,-0.6255,0.4006,-0.314,-0.04422,0.493,-0.3237,0.597,-0.09784,1.052,-0.367,0.3472,0.03235,0.1641,-0.1449,0.3867,0.926,-0.184,-0.00918,0.0734,-0.4478,-0.405,-1.818,-0.1647,0.12476,0.358,0.3428,-0.02063,0.3162,-0.3552,-0.1277,-1.576,0.2498,-0.3708,0.1327,-0.0631,-0.706,-0.4973,0.3542,0.08856,0.3862,-0.3567,-0.1986,0.09546,0.1421,-0.11505,-0.4675,-0.2156,0.2334,-0.1304,-0.7603,-0.113,-0.5615,-0.2898,-0.412,0.961,0.00901,0.1243,0.3975,-0.356,-0.03162,-0.01799,0.157,0.1388,-0.02809,-0.3096,0.10254,0.005905,-0.286,2.408,-0.642,0.1017,-0.1033,0.1355,-0.4124,-0.312
1,0.1724,-0.2727,-0.359,0.3071,-0.126,0.171,-0.671,0.0732,-0.513,0.1577,0.9263,-0.1936,-0.163,-0.1171,-0.2676,0.0222,0.176,0.2854,0.06055,-0.304,-0.3713,-2.135,-0.454,-0.3862,0.8,1.242,1.873,-0.1809,0.05008,0.0756,0.4014,1.136,-0.005775,0.3315,-0.765,0.3262,-0.0382,0.2421,-0.411,0.1433,-0.0827,-0.355,-0.2732,0.3657,0.1278,0.0985,0.6914,0.3782,0.2556,0.5957,0.778,-0.2281,-0.176,0.2147,-0.21,-0.773,0.1299,0.105,-1.174,-0.1951,-1.457,0.4565,0.2471,-8.19,-0.545,0.8804,0.2025,-0.238,0.1909,0.4224,-1.228,0.07196,7.832,1.006,0.883,0.1769,0.4985,0.1908,1.087,0.02348,0.0661,-0.5444,0.6426,-0.1831,0.4873,0.1266,-0.1775,0.2468,0.4595,0.2308,-0.2252,-0.02728,0.262,-0.7417,0.3386,-0.2256,0.10175,-0.1316,-0.1267,-1.794,-0.3745,0.3918,-0.0812,-0.2184,-0.389,0.3843,-0.4287,0.0164,-0.1797,0.1407,0.4192,0.1148,-0.911,0.1836,-0.3452,-0.1979,-0.1212,0.477,-0.082,-0.1736,-0.10504,0.219,-0.8384,0.472,-0.0584,1.454,-0.3784,0.07794,0.435,0.2656,-0.0649,1.382,-0.3403,-0.297,0.0736,0.0809,-0.1783,0.677,0.6714,-0.381,0.6953,0.04666,0.7505,-0.04602,-0.07294,0.4612,-0.03445,-1.781,0.3923,-0.00931,0.339,-0.3953,-0.9326,-0.2329,0.06354,0.4612,0.0997,-0.1772,-0.1652,-0.04135,-0.2844,-0.2751,-0.1086,-0.2412,0.2576,-0.3828,0.4033,0.1509,0.2404,-0.4146,-0.9897,0.3542,0.1589,0.207,-0.984,-0.05713,-0.3066,0.6123,0.4453,0.1884,0.588,0.1602,0.1897,0.5483,0.1882,-3.025,-0.571,0.1506,0.00995,-0.588,-0.2517,-0.3984
0,0.00924,0.2861,-0.3062,0.1906,0.02254,0.1725,0.01334,1.246,-0.06934,0.781,-0.7275,-0.7485,-0.1322,-0.2097,0.2008,0.1299,-0.353,0.1437,0.405,-0.2473,-0.379,1.01,0.361,-0.9224,0.2126,-0.7363,-2.078,-0.2632,-0.2874,0.1892,-0.3423,0.3025,-0.2988,0.524,-0.6025,-0.395,-0.02797,0.8115,0.342,-0.04648,0.217,-0.01451,0.4524,0.7817,0.2576,0.0316,-0.3303,0.02077,-0.06665,0.2607,0.4033,-0.2664,-0.5205,1.228,0.313,0.1236,-0.1906,0.434,-0.1403,0.11005,3.06,0.4258,-0.2355,-8.375,-0.352,0.252,0.7207,0.1051,-0.081,0.5728,0.586,-0.2883,6.9,-0.7886,0.8525,0.253,-0.01024,1.105,1.058,0.1268,0.4678,0.1606,0.2241,0.2142,-0.02719,-0.1145,-0.3145,0.254,-0.0377,-0.0766,-0.07367,-0.6553,-0.03354,0.11566,-0.3271,1.576,-0.01526,-0.4976,0.507,-3.045,-0.4114,1.031,0.01987,0.2285,-0.3926,-0.9136,-0.5176,0.05533,0.1229,0.0992,0.1616,0.341,-0.3904,-0.3582,-0.4436,-0.0818,-0.8926,-0.717,0.357,-0.285,0.08386,0.6797,-0.1548,0.4907,-0.0241,1.167,-0.403,0.1353,0.09875,0.212,-0.3093,0.3252,0.9507,-0.2756,-0.1643,-0.05487,-0.4324,-0.3955,-1.951,-0.235,-0.01042,0.458,0.268,0.3088,0.705,-0.2827,0.1154,-1.606,-0.03146,-0.5234,0.04776,-0.1782,-0.874,-0.2593,0.4956,0.10925,0.7637,-0.7783,0.02798,0.4204,0.146,-0.514,-0.3833,-0.2715,0.321,-0.0915,-0.804,-0.05396,-0.4226,-0.3276,-0.5127,0.8447,-0.02542,0.1329,0.4924,-0.354,0.06158,-0.0972,0.3218,0.144,-0.0891,-0.4407,0.08466,-0.261,-0.2698,2.482,-0.7417,0.2966,-0.2041,-0.054,-0.1991,-0.612
1,0.2218,0.0513,-0.413,0.4106,0.0878,0.0476,-0.5625,-0.09796,-0.2173,0.1987,1.154,-0.427,0.06204,0.3618,-0.511,0.2474,0.28,0.37,0.5254,-0.6875,-0.5156,-2.29,-0.401,-0.5513,1.117,1.163,2.75,-0.2135,0.3071,0.2157,0.3633,1.131,-0.2583,0.6016,-0.71,0.01336,0.41,0.7227,-0.79,0.03766,0.04752,0.02437,-0.3704,0.2494,0.4968,-0.2047,0.4492,0.6646,0.234,0.898,0.9688,-0.6714,-0.1726,0.3699,-0.2378,-0.668,0.0647,0.4163,-1.321,-0.1151,-2.062,0.459,-0.03754,-7.383,-0.9795,1.01,0.387,-0.518,-0.06793,0.6035,-1.282,-0.04025,6.79,1.214,0.9224,0.2097,0.673,-0.139,1.519,0.2025,0.408,-0.395,0.583,-0.504,0.3042,0.005733,-0.2725,-0.267,0.755,-0.01868,-0.3076,-0.0616,0.275,-1.046,0.4768,-0.2832,0.1494,-0.5083,-0.2727,-1.449,-0.5703,0.698,0.015076,-0.6494,-0.5957,0.4802,-0.1726,0.3943,-0.0712,0.0709,0.3328,-0.0887,-0.758,-0.06195,-0.6367,0.08606,-0.4111,0.3687,0.04764,-0.2622,0.00707,0.6855,-0.755,0.0885,-0.2448,1.829,-0.5254,0.12445,0.615,-0.1302,-0.2532,1.384,-0.4604,-0.831,-0.1109,0.0443,0.0655,0.7393,0.5547,-0.212,0.5557,0.27,1.037,0.1885,0.2593,0.4907,0.185,-2.055,0.1941,0.0902,0.11145,-0.2588,-1.099,-0.603,0.1406,0.664,0.658,-0.324,-0.0522,0.11743,-0.2227,-0.8057,0.11896,-0.4102,0.3984,-0.3655,0.6934,0.1642,0.2605,-0.588,-1.257,0.2186,0.3245,-0.01182,-0.9375,0.03812,-0.1669,0.4573,0.819,0.1802,0.7236,0.2471,-0.04636,0.4446,0.05847,-3.463,-0.8047,0.18,-0.226,-1.072,-0.2196,-0.511
0,-0.03023,0.3206,-0.2776,0.1061,-0.007534,0.209,-0.02808,1.184,-0.0805,0.775,-0.785,-0.6855,-0.1023,-0.1609,0.2284,0.11395,-0.3347,0.1101,0.4026,-0.2308,-0.367,1.022,0.416,-0.908,0.2625,-0.7153,-2.158,-0.26,-0.284,0.10754,-0.4172,0.239,-0.1771,0.5044,-0.588,-0.3865,-0.04202,0.773,0.4084,0.01717,0.2551,-0.03735,0.6,0.7524,0.262,0.05722,-0.3413,-0.0267,-0.02275,0.1532,0.3472,-0.2937,-0.4587,1.155,0.3042,0.09766,-0.1409,0.4507,-0.08923,0.1191,3.0,0.4358,-0.2355,-8.33,-0.374,0.2461,0.6914,0.0742,-0.0837,0.5684,0.5923,-0.2458,6.94,-0.862,0.8022,0.2205,0.001453,1.166,1.098,0.196,0.4768,0.2169,0.2068,0.1642,-0.1002,-0.1077,-0.3638,0.2489,-0.03757,-0.09174,-0.04672,-0.579,0.0057,0.1186,-0.2783,1.574,-0.01808,-0.4868,0.5117,-3.088,-0.3914,1.053,0.0543,0.1829,-0.391,-0.9014,-0.4739,0.00921,0.10114,0.1929,0.1808,0.3362,-0.3926,-0.3188,-0.432,-0.1929,-0.8184,-0.779,0.337,-0.3374,0.04443,0.655,-0.11224,0.4895,-0.01636,1.159,-0.3884,0.1653,0.0624,0.2471,-0.3105,0.3005,0.9795,-0.2197,-0.0762,-0.0993,-0.516,-0.3362,-2.035,-0.2303,-0.09863,0.3801,0.317,0.2068,0.6772,-0.2979,0.04285,-1.737,-0.01761,-0.4805,0.045,-0.2104,-0.7734,-0.3145,0.4287,0.08356,0.691,-0.755,0.04556,0.349,0.10034,-0.4504,-0.4138,-0.322,0.282,-0.0494,-0.7324,-0.03342,-0.3904,-0.2751,-0.4905,0.904,-0.06146,0.11536,0.5664,-0.3289,0.1461,-0.2057,0.3616,0.1398,-0.1071,-0.451,0.1798,-0.2428,-0.3425,2.54,-0.635,0.2903,-0.1146,-0.0642,-0.2312,-0.5913
0,0.1857,0.244,-0.1713,0.2605,0.04694,-0.0863,-0.1731,1.412,-0.2693,0.8003,-0.8013,-0.4993,-0.2742,-0.0745,0.2306,-0.0215,-0.4333,0.07764,0.3037,-0.2659,-0.2013,0.815,0.085,-1.128,0.2136,-0.6226,-2.139,-0.1422,-0.2367,0.1812,-0.1796,0.2742,-0.385,0.4187,-0.569,-0.3345,-0.02202,0.721,0.2688,-0.2532,0.05566,-0.0776,0.4175,0.773,0.3357,-0.06604,-0.361,-0.0436,-0.1589,0.01114,0.3835,-0.01796,-0.414,1.164,0.2979,0.04083,-0.1895,0.3542,-0.001229,0.123,2.943,0.3523,-0.1248,-8.66,-0.3352,0.1577,0.6123,0.1858,-0.1832,0.3875,0.4785,-0.3704,7.266,-0.6895,0.672,0.2817,0.1967,1.229,1.319,-0.02495,0.2008,0.11334,0.1841,0.2025,0.0881,0.01874,-0.2136,0.1561,-0.1793,-0.2578,-0.1599,-0.6865,-0.0747,0.3386,-0.2317,1.371,0.0626,-0.508,0.4727,-2.73,-0.268,0.8477,0.01773,0.2002,-0.3225,-0.7915,-0.4531,0.00926,0.08203,0.1526,0.3079,0.4822,-0.1381,-0.2598,-0.5264,0.02315,-0.815,-0.6035,0.298,-0.2238,0.01915,0.605,-0.1813,0.4597,-0.0549,0.879,-0.447,0.2686,0.1421,0.2148,-0.1863,0.433,0.8994,-0.1326,-0.1742,0.1311,-0.3542,-0.426,-1.675,-0.1986,0.07544,0.4524,0.2002,0.1337,0.418,-0.2246,0.05078,-1.437,0.1544,-0.486,0.01286,-0.1259,-0.6245,-0.4028,0.329,0.0726,0.5537,-0.4568,-0.0639,0.1564,0.3215,-0.2485,-0.3203,-0.2786,0.2007,-0.0683,-0.8955,-0.1808,-0.617,-0.1161,-0.391,0.858,-0.0851,0.1398,0.45,-0.3843,0.01083,0.1548,0.1083,0.02625,-0.0434,-0.3318,-0.01147,-0.2493,-0.12463,2.43,-0.649,0.1111,-0.1168,0.106,-0.2421,-0.338
1,0.2151,0.1329,-0.3525,0.5835,0.1849,0.1311,-0.558,-0.08105,-0.2362,0.2092,1.068,-0.4885,0.1285,0.2927,-0.582,0.3015,0.2362,0.3447,0.444,-0.6987,-0.5586,-2.113,-0.4119,-0.394,1.141,1.189,2.71,-0.1832,0.2275,0.1707,0.4321,1.052,-0.277,0.6357,-0.7144,0.06113,0.37,0.7075,-0.7036,0.06915,0.05493,0.06165,-0.4473,0.2776,0.3943,-0.1404,0.5024,0.6636,0.2294,0.9116,0.9316,-0.6494,-0.2119,0.512,-0.3887,-0.7104,0.11053,0.3284,-1.279,-0.09955,-1.942,0.5215,-0.1262,-7.465,-0.8857,1.041,0.3599,-0.4053,-0.0889,0.5845,-1.346,0.0766,6.85,1.244,1.069,0.2401,0.6196,-0.1953,1.347,0.1079,0.4146,-0.5293,0.554,-0.606,0.2744,0.11285,-0.285,-0.2954,0.611,-0.01417,-0.2573,0.01001,0.3862,-1.118,0.2438,-0.3767,0.2216,-0.4355,-0.1836,-1.535,-0.5415,0.712,0.01138,-0.5537,-0.6025,0.4868,-0.128,0.4412,-0.0547,0.03677,0.3545,-0.1213,-0.736,-0.0834,-0.6484,0.05273,-0.363,0.3577,0.0475,-0.29,0.1091,0.646,-0.828,0.2212,-0.2155,1.841,-0.4385,0.09906,0.6562,-0.256,-0.2235,1.301,-0.4734,-0.7993,-0.098,0.003057,-0.1055,0.6357,0.5215,-0.2563,0.4885,0.2319,1.073,0.2844,0.3884,0.4653,0.2517,-1.87,0.1637,0.03473,0.1185,-0.2578,-1.144,-0.5024,0.06586,0.7456,0.688,-0.3708,-0.1707,0.2244,-0.2527,-0.8813,0.1844,-0.2888,0.4048,-0.3865,0.728,0.167,0.3345,-0.705,-1.255,0.09644,0.2566,-0.05353,-0.982,0.03445,-0.1525,0.456,0.7026,0.1664,0.7173,0.2476,-0.10925,0.3577,0.1559,-3.459,-0.902,0.2727,-0.1873,-1.102,-0.1923,-0.535
0,0.2262,0.2075,-0.04065,0.296,0.04666,-0.1724,-0.2563,1.347,-0.3313,0.82,-0.711,-0.5073,-0.267,-0.11145,0.2156,-0.04477,-0.4143,0.00734,0.2742,-0.2632,-0.1417,0.6963,-0.01859,-1.084,0.1298,-0.5933,-2.01,-0.1031,-0.2053,0.1821,-0.1387,0.2101,-0.4133,0.346,-0.5728,-0.2644,0.0423,0.6826,0.1294,-0.3704,0.01172,-0.08,0.4204,0.7456,0.3625,-0.02417,-0.417,-0.10046,-0.1747,-0.0481,0.3438,0.0943,-0.397,1.099,0.2169,0.05432,-0.2239,0.4026,0.0759,0.11255,2.803,0.301,-0.1328,-8.83,-0.3486,0.133,0.603,0.1879,-0.1616,0.3506,0.486,-0.4094,7.492,-0.6177,0.537,0.1718,0.2252,1.222,1.286,-0.001772,0.2432,0.2023,0.1495,0.1642,0.1292,0.051,-0.1519,0.11633,-0.1973,-0.2898,-0.1692,-0.7705,-0.0721,0.4114,-0.2096,1.26,0.00909,-0.5264,0.4265,-2.605,-0.2776,0.701,0.05038,0.1221,-0.1835,-0.723,-0.3816,-0.06274,0.1118,0.1589,0.3457,0.4988,-0.0764,-0.2316,-0.4604,0.10876,-0.837,-0.4592,0.2656,-0.1915,-0.01244,0.544,-0.169,0.3875,-0.03464,0.867,-0.467,0.2551,0.1853,0.1698,-0.1096,0.3943,0.835,-0.1285,-0.1189,0.1342,-0.1792,-0.4824,-1.528,-0.0958,0.0572,0.3887,0.1517,0.1786,0.2747,-0.2076,0.1017,-1.3955,0.2512,-0.4014,0.11414,-0.03577,-0.7637,-0.4397,0.2896,0.0884,0.42,-0.3176,-0.10913,0.0511,0.3672,-0.11926,-0.2489,-0.3489,0.2101,-0.03833,-0.873,-0.3184,-0.6035,-0.06274,-0.2393,0.824,-0.0004127,0.1998,0.4985,-0.3887,-0.0974,0.1731,0.02722,-0.007614,0.012024,-0.301,-0.0492,-0.1566,-0.1215,2.266,-0.67,0.0796,-0.1256,0.074,-0.1593,-0.1887
1,0.2861,0.02582,-0.3035,0.5044,0.1465,0.0774,-0.556,-0.01619,-0.233,0.1716,1.104,-0.4575,0.1009,0.2869,-0.6147,0.33,0.251,0.3513,0.4275,-0.7065,-0.559,-2.076,-0.4045,-0.611,1.185,1.23,2.756,-0.1575,0.2544,0.157,0.506,1.065,-0.2222,0.6284,-0.727,0.01881,0.3445,0.701,-0.7373,0.0702,0.1259,0.03934,-0.4841,0.3218,0.392,-0.2072,0.5703,0.656,0.2559,0.979,0.9688,-0.7524,-0.202,0.5205,-0.3997,-0.712,0.1649,0.417,-1.243,-0.1239,-2.066,0.556,-0.2097,-7.28,-0.8984,1.1,0.3477,-0.4126,-0.1333,0.5854,-1.35,0.06494,6.684,1.3125,1.041,0.3113,0.5522,-0.2401,1.466,0.1022,0.43,-0.585,0.5513,-0.603,0.3367,0.09094,-0.316,-0.2866,0.58,-0.005306,-0.2189,0.01736,0.3608,-1.141,0.2676,-0.4028,0.1621,-0.4363,-0.1588,-1.469,-0.6616,0.717,-0.04752,-0.5825,-0.7114,0.4734,-0.1549,0.4802,-0.0754,0.007206,0.3848,-0.1506,-0.822,-0.00999,-0.687,0.03214,-0.4104,0.3413,0.0342,-0.3193,0.10065,0.701,-0.901,0.2391,-0.1816,1.924,-0.449,0.0945,0.7207,-0.347,-0.1688,1.31,-0.4922,-0.7827,0.00186,0.01576,-0.07214,0.7354,0.498,-0.2996,0.461,0.2477,1.019,0.2837,0.3462,0.4963,0.2769,-1.826,0.2446,0.02988,0.1193,-0.2123,-1.202,-0.526,0.1733,0.824,0.688,-0.379,-0.2262,0.2954,-0.2435,-0.9404,0.1547,-0.2583,0.3818,-0.3936,0.7017,0.2496,0.429,-0.6484,-1.336,0.1006,0.1978,-0.0722,-1.108,0.05127,-0.2308,0.4956,0.7617,0.2194,0.741,0.1882,-0.11163,0.4922,0.1686,-3.51,-0.975,0.3374,-0.2266,-1.097,-0.1915,-0.533
0,-0.1191,0.3545,-0.3008,0.1609,0.0454,0.3308,0.0899,1.092,-0.04123,0.794,-0.756,-0.756,-0.0625,-0.228,0.233,0.1564,-0.3132,0.1209,0.4353,-0.3171,-0.408,1.063,0.3965,-0.814,0.2173,-0.715,-2.07,-0.2157,-0.2551,0.10846,-0.4324,0.2444,-0.223,0.5625,-0.509,-0.3562,-0.0332,0.77,0.361,0.0445,0.2224,-0.0008035,0.571,0.7524,0.2479,0.1602,-0.368,-0.02937,-0.02731,0.1683,0.349,-0.28,-0.486,1.188,0.296,0.152,-0.1826,0.4678,-0.0953,0.1288,3.006,0.4321,-0.3113,-8.33,-0.3767,0.1936,0.7026,0.0687,-0.1078,0.633,0.6245,-0.2534,6.918,-0.88,0.8345,0.2452,-0.0913,1.075,1.017,0.1805,0.558,0.1602,0.2324,0.187,-0.141,-0.07794,-0.3735,0.2598,-0.0375,-0.05643,0.04752,-0.5566,-0.001245,0.006107,-0.2905,1.559,-0.03992,-0.4856,0.5737,-3.1,-0.4585,1.098,0.06168,0.2224,-0.3967,-0.894,-0.422,0.00733,0.09796,0.114,0.1436,0.3132,-0.4512,-0.352,-0.4268,-0.1464,-0.836,-0.7314,0.3608,-0.3755,0.11206,0.6733,-0.1307,0.4004,0.01868,1.261,-0.301,0.0753,0.0687,0.1655,-0.3127,0.2556,0.933,-0.283,-0.10596,-0.1774,-0.513,-0.3125,-2.064,-0.2046,-0.1454,0.389,0.322,0.3044,0.7754,-0.2854,0.1005,-1.758,-0.1071,-0.4946,-0.01634,-0.2017,-0.8853,-0.263,0.4185,0.1389,0.752,-0.874,0.0291,0.432,0.1757,-0.483,-0.292,-0.3142,0.3372,-0.0585,-0.6494,-0.04257,-0.3242,-0.373,-0.4712,0.8374,-0.05084,0.0891,0.605,-0.2964,0.06445,-0.339,0.3613,0.2091,-0.11145,-0.4407,0.1543,-0.1904,-0.422,2.434,-0.6978,0.2957,-0.12317,-0.12213,-0.1321,-0.6436
0,0.03613,0.3293,-0.2468,0.2213,-0.04547,0.10657,-0.1495,1.184,-0.2527,0.755,-0.7563,-0.6416,-0.158,-0.155,0.2866,0.10785,-0.3657,0.1183,0.3914,-0.182,-0.3179,0.845,0.2754,-0.862,0.2047,-0.745,-2.041,-0.2864,-0.323,0.1483,-0.3792,0.2542,-0.295,0.4277,-0.5854,-0.2922,0.01732,0.773,0.2773,-0.0393,0.1602,-0.06183,0.5747,0.699,0.3352,0.04022,-0.2983,-0.004036,-0.136,0.0561,0.3948,-0.1427,-0.562,1.134,0.341,0.0459,-0.161,0.4243,-0.11444,0.1172,2.96,0.4148,-0.1437,-8.54,-0.3762,0.1626,0.685,0.1088,-0.05777,0.4836,0.5996,-0.307,7.137,-0.7993,0.728,0.1288,0.1084,1.16,1.099,0.11255,0.3716,0.2404,0.1796,0.1708,-0.03012,0.011856,-0.263,0.255,-0.02211,-0.1089,-0.1123,-0.666,-0.04047,0.2705,-0.2957,1.488,-0.0001765,-0.4868,0.437,-2.912,-0.2993,0.9023,0.02225,0.1509,-0.278,-0.877,-0.532,-0.00824,0.1252,0.2391,0.2102,0.4075,-0.2676,-0.3489,-0.3481,-0.0438,-0.7964,-0.6475,0.264,-0.1755,-0.04858,0.6333,-0.0764,0.5493,-0.0378,1.017,-0.3547,0.158,0.0916,0.3457,-0.275,0.3608,0.8936,-0.2029,-0.156,-0.04135,-0.407,-0.42,-1.945,-0.2273,-0.06216,0.396,0.304,0.1531,0.577,-0.316,0.0497,-1.583,0.05438,-0.4692,0.0682,-0.2354,-0.776,-0.3127,0.3347,-0.03912,0.612,-0.6367,0.05542,0.2478,0.11426,-0.3215,-0.4375,-0.3237,0.313,-0.0647,-0.819,-0.1023,-0.5034,-0.1614,-0.411,0.9575,0.01785,0.2135,0.6323,-0.383,0.05252,-0.08307,0.2306,0.0883,-0.0962,-0.44,0.1681,-0.3362,-0.2394,2.482,-0.5947,0.2678,-0.0995,0.015015,-0.2324,-0.5195
0,0.148,0.275,-0.1847,0.3015,0.04468,-0.02246,-0.1879,1.275,-0.2488,0.754,-0.647,-0.619,-0.2627,-0.11707,0.2527,0.0511,-0.3762,0.10626,0.3645,-0.2463,-0.2278,0.7637,0.1193,-0.958,0.08075,-0.667,-2.027,-0.2418,-0.2634,0.2139,-0.278,0.34,-0.4788,0.4004,-0.545,-0.304,0.05692,0.76,0.1411,-0.2456,0.0914,-0.06323,0.448,0.742,0.391,0.004616,-0.4346,-0.01237,-0.2096,0.0812,0.396,-0.01137,-0.532,1.109,0.2795,0.0683,-0.2196,0.3953,-0.1012,0.146,2.967,0.4028,-0.1945,-8.67,-0.37,0.1427,0.6577,0.1508,-0.0676,0.4321,0.523,-0.3738,7.24,-0.6816,0.712,0.1588,0.1543,1.172,1.159,0.0336,0.2905,0.223,0.1848,0.275,0.05197,-0.02585,-0.2134,0.2267,-0.0675,-0.1964,-0.2084,-0.7583,-0.1249,0.2664,-0.2632,1.446,-0.02304,-0.4993,0.4465,-2.771,-0.2842,0.8164,0.0188,0.07294,-0.2527,-0.8013,-0.521,-0.01222,0.1268,0.2048,0.289,0.4656,-0.2104,-0.3428,-0.3958,0.08075,-0.8774,-0.533,0.287,-0.1203,-0.02007,0.613,-0.1399,0.3972,-0.04025,0.9766,-0.4524,0.2051,0.1606,0.293,-0.225,0.3733,0.839,-0.2374,-0.2167,0.05957,-0.2415,-0.468,-1.718,-0.1225,0.05267,0.405,0.2406,0.2502,0.4797,-0.2416,0.1349,-1.497,0.12244,-0.4712,0.1044,-0.1565,-0.8916,-0.3394,0.3586,0.0426,0.55,-0.486,-0.01187,0.1726,0.2808,-0.286,-0.3313,-0.343,0.361,-0.04947,-0.864,-0.2198,-0.5713,-0.1534,-0.2856,0.919,0.0815,0.1932,0.539,-0.4136,-0.03894,0.0654,0.1443,0.09595,-0.04184,-0.3784,-0.03894,-0.2045,-0.14,2.39,-0.648,0.1584,-0.1816,0.03064,-0.1672,-0.4397
1,0.395,0.1766,-0.2651,0.4993,0.2607,-0.1733,-0.547,-0.1098,-0.1957,0.2341,1.023,-0.492,0.07745,0.3496,-0.4421,0.1844,0.2747,0.3577,0.5303,-0.672,-0.4648,-2.438,-0.3638,-0.3994,1.07,1.139,2.664,-0.1852,0.2607,0.258,0.262,1.05,-0.3667,0.608,-0.7373,-0.10657,0.514,0.921,-0.8887,-0.1016,-0.10785,0.012535,-0.4526,0.2035,0.593,-0.11633,0.358,0.5376,0.10333,0.952,1.111,-0.559,-0.2163,0.3896,-0.2471,-0.6978,-0.0608,0.2927,-1.399,-0.08997,-2.033,0.3616,0.00661,-7.453,-0.9087,0.923,0.3232,-0.5547,-0.06226,0.345,-1.374,-0.11365,6.895,1.288,1.018,0.2986,0.802,-0.1666,1.55,0.0816,0.2646,-0.263,0.4282,-0.447,0.3052,0.1511,-0.2496,-0.2974,0.7485,-0.02686,-0.555,-0.156,0.1294,-1.021,0.3726,-0.3154,0.3315,-0.602,-0.289,-1.388,-0.2263,0.5884,-0.003632,-0.846,-0.526,0.471,-0.0736,0.5054,-0.03049,-0.005142,0.1364,0.0548,-0.597,-0.0947,-0.552,0.198,-0.2832,0.3904,0.06058,-0.0482,-0.1431,0.6953,-0.687,0.00691,-0.2546,1.664,-0.523,0.08734,0.598,-0.108,-0.333,1.333,-0.4368,-0.887,-0.1556,0.1599,0.0949,0.5923,0.71,-0.1865,0.5195,0.4026,0.999,0.3572,0.181,0.4382,0.2097,-2.016,0.1383,0.0826,0.1544,-0.2556,-0.9834,-0.547,-0.0827,0.5415,0.7075,-0.176,-0.001769,0.1094,-0.11017,-0.6934,0.212,-0.3196,0.494,-0.2471,0.5483,0.10767,0.05286,-0.7207,-1.182,0.1367,0.3726,0.0327,-0.779,0.0841,-0.03845,0.6406,0.6826,0.1126,0.7495,0.2722,-0.222,0.3337,0.1814,-3.512,-0.7153,0.1375,-0.2405,-0.9834,-0.204,-0.4197
0,-0.1255,0.3433,-0.3462,0.1421,0.03806,0.3374,-0.01469,1.106,-0.0995,0.8022,-0.798,-0.7847,-0.08466,-0.2429,0.2593,0.1396,-0.3005,0.1216,0.4832,-0.2744,-0.4385,1.069,0.444,-0.835,0.2465,-0.741,-2.098,-0.2632,-0.223,0.1211,-0.4065,0.2551,-0.1588,0.5894,-0.511,-0.289,-0.032,0.7744,0.4055,0.04816,0.2498,0.014404,0.5435,0.7803,0.2252,0.1902,-0.3062,-0.0194,-0.003317,0.177,0.2998,-0.3447,-0.515,1.209,0.3218,0.0922,-0.183,0.5454,-0.0749,0.06964,3.049,0.4395,-0.2369,-8.27,-0.3962,0.2296,0.7046,0.03482,-0.0692,0.636,0.5884,-0.2642,6.82,-0.8804,0.8057,0.1814,-0.0433,1.113,0.9844,0.1967,0.559,0.1892,0.2183,0.1339,-0.1125,-0.0876,-0.3665,0.2437,-0.04724,-0.0569,0.0777,-0.5693,0.04492,0.0511,-0.309,1.575,-0.03668,-0.5054,0.5146,-3.11,-0.463,1.145,0.05862,0.2465,-0.402,-0.9243,-0.466,0.034,0.05862,0.1514,0.0936,0.3154,-0.4492,-0.373,-0.4153,-0.1383,-0.807,-0.705,0.34,-0.373,0.1096,0.732,-0.0783,0.4849,0.001451,1.284,-0.294,0.0972,0.0404,0.187,-0.2742,0.2578,0.9727,-0.2966,-0.0722,-0.1683,-0.5054,-0.3127,-2.107,-0.232,-0.1376,0.3826,0.3484,0.2471,0.719,-0.2861,0.01825,-1.774,-0.0689,-0.4314,-0.03156,-0.2439,-0.8364,-0.3486,0.477,0.0935,0.7207,-0.844,0.00977,0.4092,0.0825,-0.4487,-0.4268,-0.2988,0.3508,-0.05545,-0.6953,-0.02675,-0.3538,-0.4275,-0.5254,0.9033,-0.0496,0.0838,0.629,-0.3142,0.10785,-0.3228,0.3372,0.197,-0.1498,-0.4546,0.2817,-0.234,-0.4412,2.553,-0.7036,0.36,-0.11896,-0.129,-0.1912,-0.651
0,-0.09326,0.34,-0.3425,0.2358,-0.01133,0.3594,0.00586,1.134,-0.1732,0.7866,-0.7188,-0.75,-0.1451,-0.2202,0.2961,0.133,-0.3223,0.0973,0.4185,-0.246,-0.37,0.98,0.3115,-0.7686,0.1633,-0.7495,-2.04,-0.2637,-0.275,0.1561,-0.42,0.325,-0.2952,0.567,-0.498,-0.292,-0.001358,0.718,0.34,0.003601,0.1956,-0.014046,0.5615,0.757,0.3152,0.10846,-0.3076,-0.01878,-0.09076,0.0962,0.3535,-0.2185,-0.5234,1.131,0.332,0.1007,-0.1924,0.5034,-0.1162,0.10144,3.05,0.4434,-0.1841,-8.414,-0.3992,0.1406,0.695,0.1021,-0.06104,0.584,0.6445,-0.2769,6.973,-0.864,0.7344,0.1704,0.004436,1.097,1.017,0.1469,0.482,0.1572,0.2443,0.1876,-0.10895,-0.05084,-0.3384,0.256,-0.035,-0.05515,0.001661,-0.594,0.01686,0.0867,-0.2786,1.555,-0.077,-0.501,0.4805,-2.99,-0.4358,1.067,0.03473,0.1616,-0.405,-0.888,-0.518,0.00979,0.1077,0.1769,0.1575,0.34,-0.3953,-0.4011,-0.374,-0.1224,-0.86,-0.6543,0.3264,-0.265,0.11084,0.7095,-0.10815,0.4482,-0.02188,1.247,-0.3232,0.1412,0.0746,0.2046,-0.2588,0.3032,0.9253,-0.2725,-0.132,-0.128,-0.3938,-0.312,-2.04,-0.1953,-0.1506,0.389,0.316,0.1925,0.6646,-0.2299,0.04297,-1.769,-0.03802,-0.4856,0.02275,-0.2095,-0.869,-0.338,0.4575,0.0802,0.6406,-0.7725,0.03433,0.3325,0.139,-0.4236,-0.334,-0.3152,0.3762,-0.0662,-0.67,-0.06506,-0.3862,-0.3152,-0.4417,0.9526,-0.00848,0.143,0.632,-0.3442,0.06006,-0.2454,0.2617,0.1669,-0.1423,-0.4126,0.184,-0.2446,-0.4346,2.46,-0.6465,0.2412,-0.12494,-0.0632,-0.1755,-0.6006
0,0.1514,0.2766,-0.161,0.2854,0.05643,-0.1489,-0.544,1.352,-0.361,0.8203,-0.528,-0.4795,-0.3596,-0.1516,0.3245,-0.09674,-0.4414,0.1262,0.3882,-0.2305,-0.1344,0.6196,-0.03262,-1.076,-0.01257,-0.5303,-2.041,-0.1753,-0.2417,0.1943,-0.0852,0.42,-0.4185,0.3406,-0.494,-0.2003,0.1097,0.7324,0.08875,-0.4307,-0.0001342,-0.1477,0.3374,0.8,0.4597,0.1403,-0.3848,-0.01388,-0.1511,-0.0059,0.2622,0.1438,-0.4792,1.214,0.2976,0.0516,-0.2318,0.4563,-0.0496,0.0774,2.816,0.254,-0.2578,-8.79,-0.3657,0.2532,0.4817,0.2029,-0.05328,0.3618,0.3323,-0.4534,7.45,-0.495,0.67,0.09937,0.2104,1.2,1.088,-0.1481,0.03008,0.2686,0.1305,0.3076,0.202,-0.07544,-0.1167,0.1946,-0.2091,-0.2496,-0.1919,-0.841,-0.0613,0.3555,-0.1461,1.38,0.02484,-0.5225,0.344,-2.598,-0.1815,0.855,0.1632,0.10156,-0.2837,-0.7974,-0.6675,-0.1638,0.01897,0.1936,0.2161,0.561,-0.1321,-0.2194,-0.3848,0.2385,-0.851,-0.2546,0.282,-0.1667,-0.0873,0.5015,-0.2725,0.2764,0.037,0.8315,-0.4863,0.1877,0.12024,0.2854,-0.0646,0.38,0.794,-0.2588,-0.2087,0.1548,-0.1243,-0.4514,-1.379,-0.06323,0.264,0.2854,0.269,0.2195,0.1437,-0.2228,0.02063,-1.334,0.3394,-0.457,0.1724,-0.1647,-0.905,-0.4114,0.468,0.0803,0.3733,-0.303,-0.1864,-0.0237,0.2593,0.0697,-0.3723,-0.2402,0.3914,-0.0737,-0.9487,-0.449,-0.7188,-0.1026,-0.1276,0.781,0.02065,0.2896,0.4424,-0.3027,-0.1377,0.2172,-0.0418,0.1979,0.05212,-0.3005,-0.1508,-0.00876,-0.1636,2.297,-0.6284,0.2113,-0.144,0.06696,-0.2096,-0.2744
0,-0.004417,0.2778,-0.303,0.1852,0.05292,0.22,-0.06866,1.23,-0.1182,0.7817,-0.7266,-0.7075,-0.2007,-0.205,0.2732,0.11334,-0.3452,0.1223,0.4316,-0.2428,-0.35,0.9976,0.34,-0.9,0.1726,-0.672,-2.146,-0.3044,-0.292,0.1621,-0.3481,0.338,-0.2896,0.5244,-0.553,-0.3196,-0.02002,0.7754,0.32,-0.10675,0.2083,-0.02641,0.489,0.843,0.299,0.0867,-0.3716,-0.02948,-0.0863,0.1825,0.3154,-0.2107,-0.4915,1.168,0.2817,0.09717,-0.2021,0.4915,-0.1261,0.0901,3.102,0.4712,-0.264,-8.4,-0.381,0.2378,0.688,0.0935,-0.03078,0.5415,0.4983,-0.2983,6.906,-0.789,0.8223,0.1903,0.03845,1.156,1.065,0.1158,0.424,0.208,0.2125,0.273,-0.03433,-0.10834,-0.3174,0.2673,-0.08374,-0.10785,-0.0814,-0.6606,-0.01213,0.0944,-0.2886,1.602,-0.0646,-0.5063,0.5005,-3.008,-0.4045,1.065,0.04776,0.1517,-0.396,-0.906,-0.515,-0.01352,0.1028,0.1909,0.1755,0.3862,-0.3843,-0.391,-0.398,-0.1219,-0.853,-0.678,0.3638,-0.276,0.07635,0.6655,-0.1465,0.4197,-0.002485,1.176,-0.3833,0.1406,0.0837,0.2261,-0.2712,0.268,0.9634,-0.245,-0.1473,-0.0613,-0.4138,-0.369,-1.926,-0.1628,-0.0462,0.3987,0.2761,0.2908,0.6226,-0.2499,0.0702,-1.669,-0.009155,-0.4995,0.0704,-0.2257,-0.8945,-0.341,0.4985,0.08563,0.629,-0.701,0.00607,0.3079,0.1511,-0.4177,-0.4001,-0.3105,0.3894,-0.03604,-0.788,-0.1119,-0.4604,-0.304,-0.419,0.9326,-0.000626,0.1387,0.5444,-0.3538,0.0745,-0.1427,0.3027,0.1652,-0.0997,-0.4368,0.1137,-0.2023,-0.2864,2.535,-0.667,0.271,-0.1807,-0.04605,-0.1962,-0.5884
1,-0.0484,0.07526,-0.3599,0.5923,0.1202,0.2261,-0.667,-0.2439,-0.2068,0.3025,1.101,-0.452,0.05234,0.4202,-0.547,0.3027,0.258,0.3296,0.5005,-0.6885,-0.5234,-2.12,-0.5312,-0.3196,1.103,1.032,2.656,-0.1671,0.2339,0.2384,0.3967,1.052,-0.306,0.5947,-0.6777,-0.04965,0.5947,0.8535,-0.8315,0.0428,-0.0224,0.11383,-0.1037,0.2188,0.64,-0.06885,0.271,0.5596,0.1564,0.7,1.056,-0.5015,-0.02516,0.3237,-0.2974,-0.5757,-0.01375,0.41,-1.29,0.0414,-1.942,0.447,-0.08997,-7.527,-0.9688,0.905,0.3413,-0.4363,-0.1693,0.692,-1.139,0.1252,6.79,1.177,0.7705,0.189,0.52,-0.2268,1.435,0.2386,0.5347,-0.4192,0.718,-0.5205,0.0582,0.08167,-0.3333,-0.31,0.557,-0.2141,-0.2421,0.07446,0.3801,-1.139,0.3296,-0.5674,0.1211,-0.5874,-0.0928,-1.637,-0.686,0.6113,0.0695,-0.718,-0.503,0.6313,0.03015,0.2883,-0.09283,0.05353,0.583,0.02711,-0.4153,-0.2104,-0.723,-0.03041,-0.4973,0.4556,-0.08746,-0.1906,0.1156,0.7344,-0.6475,0.0571,-0.3708,1.894,-0.274,0.1553,0.6465,-0.05286,-0.1495,1.291,-0.593,-0.8286,-0.0998,-0.01519,0.06683,0.715,0.406,-0.268,0.4338,0.239,0.939,0.11725,0.3772,0.4277,0.4543,-2.14,0.06506,0.132,0.2146,-0.0989,-1.304,-0.5225,0.1777,0.767,0.79,-0.415,-0.04617,0.0751,-0.1309,-0.8433,0.2747,-0.539,0.3035,-0.262,0.8296,0.0478,0.2864,-0.6387,-0.9736,0.3284,0.3428,-0.1638,-0.8223,0.1609,-0.02458,0.1943,0.8257,0.1368,0.6406,0.2196,-0.1794,0.401,0.002151,-3.432,-1.01,0.177,-0.259,-1.119,-0.0918,-0.6016
1,0.424,-0.11084,-0.1059,0.407,0.1982,-0.10986,-0.53,0.01033,-0.3276,0.1887,0.9175,-0.325,-0.1395,0.1493,-0.4553,0.04083,0.2598,0.2979,0.3625,-0.578,-0.4292,-2.547,-0.3772,-0.707,0.995,1.199,2.404,-0.1025,0.2954,0.2382,0.3286,1.094,-0.1547,0.377,-0.896,-0.01775,0.4016,0.739,-0.86,-0.11975,-0.1588,-0.1544,-0.3647,0.326,0.554,0.004345,0.4175,0.4666,0.143,0.7686,0.962,-0.4797,-0.11346,0.2625,-0.2197,-0.718,0.0166,0.2426,-1.21,-0.1703,-2.021,0.269,0.12396,-7.7,-0.72,0.8506,0.378,-0.5454,0.10846,0.2651,-1.301,-0.08856,7.24,1.214,0.855,0.32,0.775,0.007576,1.691,0.009384,0.1688,-0.3599,0.4224,-0.4756,0.4023,0.2979,-0.2776,-0.0837,0.666,0.00843,-0.4695,-0.144,0.0801,-0.8896,0.3657,-0.3713,0.2095,-0.5254,-0.1919,-1.363,-0.2947,0.291,-0.1243,-0.7676,-0.4045,0.4863,-0.1178,0.3435,-0.05435,0.0656,0.3176,0.1377,-0.5996,0.133,-0.522,-0.01288,-0.143,0.4097,-0.03134,0.00523,-0.2898,0.5825,-0.6523,0.226,-0.24,1.478,-0.548,0.03296,0.6685,0.02322,-0.1223,1.412,-0.4236,-0.55,-0.0566,0.1888,-0.02216,0.5454,0.723,-0.365,0.4878,0.4194,0.813,0.253,0.088,0.52,0.1247,-1.95,0.202,0.06134,0.2769,-0.216,-0.937,-0.357,-0.04733,0.5864,0.51,-0.09515,-0.0846,0.1,0.00799,-0.517,0.05194,-0.3105,0.2588,-0.232,0.3618,0.1957,0.02014,-0.524,-1.07,0.2832,0.225,0.1722,-0.733,-0.05133,-0.12024,0.723,0.5464,0.1235,0.7075,0.26,-0.0883,0.3962,0.2327,-3.564,-0.734,0.03625,-0.1582,-0.7373,-0.1843,-0.2673
0,-0.2394,0.4287,-0.3342,0.2683,0.09686,0.4158,0.08295,1.057,-0.08527,0.795,-0.778,-0.772,-0.1102,-0.2351,0.3333,0.1654,-0.292,0.0885,0.4932,-0.3079,-0.3552,1.0205,0.369,-0.744,0.1738,-0.681,-1.963,-0.2166,-0.09705,0.0581,-0.3733,0.3394,-0.3528,0.6006,-0.387,-0.2712,0.00914,0.7456,0.3345,-0.0434,0.1284,0.0536,0.5107,0.805,0.3271,0.304,-0.3953,0.04572,-0.03497,0.0916,0.2466,-0.2235,-0.55,1.191,0.3347,0.11066,-0.2708,0.521,-0.04877,0.1404,2.98,0.4346,-0.3315,-8.36,-0.425,0.0683,0.713,0.00479,-0.1456,0.5977,0.6343,-0.3474,7.02,-0.8037,0.7124,0.162,-0.12463,1.086,0.9453,0.12103,0.5635,0.1304,0.1886,0.174,-0.078,-0.0419,-0.2815,0.2708,-0.01201,-0.0634,0.0964,-0.585,-0.005756,-0.1048,-0.2488,1.542,0.01388,-0.5537,0.568,-2.982,-0.5254,1.103,0.0952,0.1686,-0.459,-0.8677,-0.3733,0.01336,0.1522,0.1642,0.06696,0.32,-0.4695,-0.29,-0.409,-0.01132,-0.726,-0.5835,0.339,-0.343,0.1284,0.7695,-0.04266,0.2815,-0.0409,1.282,-0.2651,-0.03012,0.0939,0.1277,-0.293,0.2214,0.9004,-0.383,-0.2588,-0.1903,-0.547,-0.2374,-2.123,-0.1653,-0.2627,0.4365,0.3472,0.2722,0.7803,-0.2247,-0.00908,-1.78,-0.2069,-0.514,-0.0511,-0.2021,-0.886,-0.3218,0.3997,0.1484,0.715,-0.847,0.05432,0.3962,0.1742,-0.4304,-0.271,-0.3103,0.4417,-0.0636,-0.654,-0.0799,-0.3354,-0.398,-0.3525,0.8936,-0.05927,0.0548,0.6875,-0.3127,0.0212,-0.342,0.2585,0.2458,-0.1844,-0.3992,0.1605,-0.2142,-0.5103,2.395,-0.6777,0.2727,-0.04376,-0.1127,-0.138,-0.6104
1,0.4185,-0.03302,-0.2651,0.4202,0.1163,-0.02487,-0.6074,-0.00829,-0.309,0.1316,1.093,-0.4497,0.01637,0.2786,-0.521,0.2593,0.2852,0.3853,0.4417,-0.7183,-0.495,-2.229,-0.3499,-0.6904,1.157,1.29,2.809,-0.2036,0.3186,0.2169,0.486,1.033,-0.2422,0.5303,-0.7715,0.0936,0.3748,0.6455,-0.8154,-0.00849,0.0721,0.03864,-0.515,0.3433,0.4023,-0.1924,0.5703,0.6646,0.261,0.974,0.973,-0.778,-0.2852,0.4504,-0.2532,-0.733,0.1046,0.4756,-1.224,-0.1321,-2.172,0.4844,-0.1722,-7.25,-0.8936,1.092,0.3733,-0.528,-0.1041,0.4944,-1.385,-0.0768,6.77,1.288,0.963,0.2874,0.6743,-0.2007,1.552,0.0971,0.3777,-0.4583,0.4739,-0.5454,0.4312,0.0912,-0.253,-0.2688,0.5977,0.02733,-0.2234,-0.148,0.2191,-1.043,0.3545,-0.3394,0.1137,-0.4666,-0.1617,-1.353,-0.6284,0.654,-0.06445,-0.6284,-0.6284,0.4705,-0.2369,0.4905,-0.1436,-0.02026,0.3064,-0.1503,-0.934,0.09375,-0.628,0.1814,-0.358,0.3918,0.02951,-0.272,0.005943,0.7725,-0.8896,0.1936,-0.1663,1.877,-0.499,0.06186,0.708,-0.31,-0.2095,1.387,-0.509,-0.764,0.04053,0.07605,0.08325,0.7407,0.5767,-0.2394,0.4895,0.3037,0.9653,0.258,0.2235,0.5347,0.199,-1.825,0.295,0.08594,0.1114,-0.2764,-1.11,-0.581,0.2153,0.7554,0.59,-0.3057,-0.2258,0.216,-0.2045,-0.8555,0.07465,-0.2822,0.3745,-0.3489,0.56,0.2761,0.3503,-0.5737,-1.3,0.1736,0.2361,-0.0368,-1.042,0.003983,-0.3213,0.5356,0.7324,0.2214,0.757,0.2034,-0.01435,0.5317,0.1854,-3.5,-0.872,0.373,-0.307,-1.023,-0.2317,-0.4531
1,0.3162,-0.1843,-0.2007,0.4502,0.1417,0.04715,-0.665,0.02087,-0.458,0.1982,0.8623,-0.3213,-0.1214,0.005074,-0.423,0.04294,0.2817,0.328,0.1595,-0.4739,-0.4172,-2.176,-0.4985,-0.4731,0.8867,1.24,2.06,-0.1487,-0.004166,0.1738,0.415,1.133,-0.0896,0.3372,-0.8027,0.2217,0.1392,0.4563,-0.6675,0.07043,-0.1316,-0.255,-0.357,0.2712,0.2488,0.1508,0.561,0.3557,0.1099,0.6816,0.8423,-0.2391,-0.1676,0.2439,-0.3064,-0.777,0.1119,0.03677,-1.125,-0.2292,-1.622,0.3948,0.2107,-8.05,-0.5244,0.8613,0.2454,-0.3667,0.07416,0.3176,-1.343,0.09247,7.63,1.106,1.0,0.3518,0.5913,0.0842,1.299,-0.1088,0.006256,-0.532,0.488,-0.2454,0.4175,0.298,-0.2327,0.09424,0.444,0.06415,-0.428,-0.0677,0.2349,-0.8374,0.243,-0.2827,0.2267,-0.2166,-0.12067,-1.647,-0.295,0.4321,-0.0749,-0.402,-0.401,0.487,-0.2129,0.1785,-0.227,0.03183,0.4648,0.1979,-0.7935,0.1376,-0.4126,-0.04233,-0.1428,0.497,-0.0652,-0.11176,-0.198,0.4106,-0.8374,0.422,-0.09424,1.539,-0.384,0.0098,0.613,0.1652,-0.12195,1.317,-0.4006,-0.377,0.01582,0.1411,-0.1909,0.5674,0.6943,-0.3818,0.654,0.2035,0.8223,0.0719,0.013565,0.4587,0.0637,-1.759,0.2262,0.04175,0.3738,-0.3328,-0.9624,-0.2202,-0.055,0.5645,0.2852,-0.0567,-0.262,0.00357,-0.1827,-0.3904,-0.0199,-0.2004,0.2854,-0.375,0.44,0.2479,0.12476,-0.6685,-0.9985,0.3137,0.2144,0.1065,-0.9536,-0.01121,-0.166,0.6387,0.429,0.1559,0.6675,0.2108,0.04547,0.505,0.3325,-3.248,-0.6357,0.1421,-0.00847,-0.6577,-0.2429,-0.4343
1,0.1449,-0.08374,-0.2825,0.5684,0.1771,0.1422,-0.63,-0.08167,-0.2798,0.2278,1.105,-0.4514,-0.05426,0.267,-0.585,0.1082,0.3313,0.3452,0.396,-0.5757,-0.441,-2.213,-0.6206,-0.4727,1.057,1.156,2.412,-0.2404,0.01333,0.2318,0.4136,1.352,-0.2769,0.554,-0.807,0.01648,0.315,0.7046,-0.861,0.0653,-0.01282,-0.01833,-0.3542,0.2932,0.504,0.02934,0.334,0.534,0.168,0.824,0.875,-0.3645,-0.05023,0.2144,-0.4697,-0.638,0.0936,0.1536,-1.271,-0.1906,-1.836,0.495,0.121,-7.633,-0.827,0.927,0.2534,-0.4592,0.0956,0.4277,-1.322,0.07733,6.97,1.221,0.949,0.3245,0.5527,-0.0503,1.432,0.01326,0.1486,-0.4255,0.5933,-0.3928,0.2795,0.119,-0.286,-0.129,0.6714,-0.1539,-0.419,-0.06274,0.3965,-1.055,0.3347,-0.311,0.0873,-0.3826,-0.2334,-1.6,-0.5234,0.5674,-0.00822,-0.657,-0.4548,0.5303,-0.0685,0.2551,-0.1473,0.06506,0.585,0.1637,-0.5474,-0.0774,-0.6284,-0.0575,-0.438,0.5215,-0.0724,-0.1917,0.01637,0.5166,-0.7026,0.2438,-0.3145,1.835,-0.5654,0.067,0.6704,0.0664,-0.2192,1.195,-0.334,-0.683,-0.1605,0.1032,-0.08435,0.745,0.697,-0.2352,0.636,0.2651,1.003,0.1887,0.1232,0.6343,0.2673,-1.955,0.136,0.0832,0.404,-0.2052,-1.228,-0.4,0.1129,0.764,0.525,-0.02797,-0.1567,-0.00345,-0.1247,-0.645,0.10156,-0.33,0.4177,-0.3716,0.622,0.2104,0.1171,-0.7085,-1.054,0.3342,0.402,0.0425,-1.082,0.02135,-0.088,0.552,0.7173,0.1852,0.6646,0.2028,-0.277,0.4392,0.1676,-3.506,-0.812,0.1405,-0.2188,-0.9004,-0.1981,-0.574
0,0.01102,0.3286,-0.2233,0.3076,0.02141,0.1885,-0.1312,1.197,-0.275,0.7695,-0.6973,-0.5273,-0.273,-0.1274,0.269,0.1025,-0.347,0.02002,0.4065,-0.2413,-0.2362,0.8916,0.12305,-0.866,0.11035,-0.6606,-2.062,-0.199,-0.2203,0.10297,-0.3665,0.3516,-0.3792,0.4993,-0.4136,-0.2878,0.01929,0.6626,0.2705,-0.1559,0.157,-0.06793,0.654,0.693,0.4287,-0.01904,-0.3887,-0.0659,-0.1818,-0.0667,0.3274,-0.04565,-0.4363,0.9995,0.3196,0.0351,-0.1672,0.427,-0.01106,0.1919,2.97,0.413,-0.2047,-8.586,-0.4294,0.0338,0.6333,0.1371,-0.1445,0.465,0.5957,-0.3145,7.28,-0.813,0.5796,0.2169,0.0921,1.139,1.182,0.1022,0.3318,0.1588,0.2878,0.2468,-0.0743,-0.01627,-0.3162,0.2112,-0.1411,-0.1967,-0.07,-0.62,-0.05005,0.1786,-0.1711,1.407,-0.01692,-0.4902,0.497,-2.838,-0.3955,0.926,0.025,0.0669,-0.405,-0.7695,-0.409,-0.05728,0.1492,0.3018,0.3108,0.4124,-0.265,-0.3835,-0.4067,-0.1151,-0.8184,-0.5977,0.327,-0.1746,-0.01709,0.6147,-0.1414,0.2917,-0.0679,1.097,-0.3623,0.227,0.1312,0.269,-0.2112,0.3474,0.871,-0.16,-0.1588,-0.01233,-0.3242,-0.298,-1.836,-0.10925,-0.1051,0.347,0.2676,0.0768,0.463,-0.203,0.0351,-1.764,0.02876,-0.4958,0.0849,-0.1891,-0.833,-0.4153,0.3484,0.03284,0.4517,-0.5415,0.002907,0.1202,0.2544,-0.2898,-0.2563,-0.3918,0.3342,-0.03052,-0.6797,-0.1417,-0.4863,-0.138,-0.2413,1.007,-0.00895,0.1432,0.6235,-0.339,0.01427,-0.1266,0.1666,0.10754,-0.09827,-0.3472,0.0591,-0.1445,-0.317,2.414,-0.5425,0.0627,-0.03653,0.03174,-0.1661,-0.4355
0,0.1017,0.216,-0.2742,0.196,-0.06635,0.05142,-0.1726,1.365,-0.191,0.774,-0.83,-0.585,-0.194,-0.1094,0.2109,0.03534,-0.3918,0.1243,0.3223,-0.1886,-0.3142,0.9683,0.2832,-1.058,0.2546,-0.6924,-2.236,-0.2302,-0.2705,0.1759,-0.25,0.2178,-0.2773,0.4468,-0.624,-0.383,-0.0945,0.702,0.469,-0.1444,0.2454,-0.09534,0.4944,0.7876,0.2389,-0.10095,-0.3208,0.00817,-0.0225,0.1306,0.3901,-0.2319,-0.4556,1.129,0.3577,0.10364,-0.1309,0.4236,-0.04407,0.085,3.033,0.4365,-0.1462,-8.43,-0.336,0.246,0.6294,0.1661,-0.1337,0.472,0.517,-0.2698,7.04,-0.7686,0.6797,0.2834,0.10815,1.2295,1.216,0.12305,0.316,0.1288,0.2238,0.188,0.02588,-0.0905,-0.272,0.2156,-0.1427,-0.1958,-0.0888,-0.658,-0.00872,0.2964,-0.2705,1.48,-0.01222,-0.4824,0.4614,-2.95,-0.3367,0.9683,0.02145,0.2566,-0.3967,-0.8535,-0.5435,0.01682,0.05322,0.1349,0.2664,0.3784,-0.2474,-0.281,-0.4897,-0.1011,-0.8374,-0.726,0.2708,-0.2483,0.0826,0.6724,-0.1595,0.6323,-0.04544,1.004,-0.4246,0.3079,0.074,0.2202,-0.221,0.41,0.9717,-0.10016,-0.08636,0.0886,-0.4106,-0.3467,-1.8545,-0.2163,0.01141,0.4434,0.2067,0.0736,0.5244,-0.2637,-0.005608,-1.578,0.1321,-0.4954,0.0488,-0.179,-0.6104,-0.3513,0.4795,0.05704,0.642,-0.596,-0.03146,0.2323,0.1333,-0.41,-0.4817,-0.2559,0.1862,-0.06885,-0.8623,-0.08093,-0.4841,-0.189,-0.504,0.982,-0.0873,0.06247,0.3828,-0.407,0.09045,0.03934,0.2522,0.046,-0.0705,-0.424,0.156,-0.3179,-0.2085,2.582,-0.694,0.2473,-0.18,0.0857,-0.3154,-0.4397
1,0.293,0.0598,-0.298,0.4626,0.173,0.02943,-0.6987,-0.1425,-0.2705,0.2162,1.114,-0.5215,-0.04474,0.373,-0.5386,0.1893,0.281,0.392,0.5215,-0.7534,-0.484,-2.346,-0.3794,-0.573,1.149,1.199,2.758,-0.2115,0.2502,0.2822,0.4365,1.159,-0.2786,0.5566,-0.7793,0.01978,0.4846,0.8027,-0.904,0.010284,0.01764,0.094,-0.4158,0.2676,0.514,-0.09546,0.3623,0.623,0.2058,0.93,0.963,-0.6533,-0.1423,0.4011,-0.3247,-0.681,-0.0010195,0.4785,-1.294,-0.1252,-2.086,0.4377,-0.07886,-7.332,-0.9263,1.0205,0.3916,-0.574,-0.0308,0.485,-1.346,-0.07324,6.695,1.271,0.962,0.1991,0.706,-0.2179,1.526,0.10596,0.364,-0.3335,0.5264,-0.533,0.2832,0.097,-0.2607,-0.322,0.671,-0.0832,-0.3318,-0.1478,0.2996,-1.039,0.4302,-0.3174,0.1073,-0.554,-0.2028,-1.462,-0.528,0.676,-0.005833,-0.756,-0.533,0.5254,-0.1353,0.4617,-0.1605,0.0409,0.3418,-0.008316,-0.655,-0.065,-0.6924,0.1304,-0.3972,0.5156,0.013306,-0.2288,-0.029,0.724,-0.699,0.0694,-0.2937,1.82,-0.5156,0.0807,0.6865,-0.1366,-0.2272,1.316,-0.4624,-0.8403,-0.12427,0.0676,0.1262,0.654,0.64,-0.2386,0.558,0.2515,1.062,0.29,0.2172,0.532,0.306,-1.953,0.2445,0.1385,0.1647,-0.2434,-1.218,-0.562,0.1964,0.75,0.6514,-0.2365,-0.11334,0.1448,-0.1534,-0.7876,0.07745,-0.346,0.3916,-0.2974,0.63,0.2032,0.1516,-0.6587,-1.155,0.2063,0.3682,0.01125,-0.9395,0.04745,-0.1483,0.4314,0.7803,0.1965,0.7295,0.2524,-0.1476,0.508,0.1077,-3.523,-0.833,0.268,-0.3584,-1.105,-0.1628,-0.5254
0,-0.09753,0.344,-0.3335,0.12164,0.02322,0.2896,0.00787,1.129,-0.0842,0.7905,-0.7524,-0.772,-0.0987,-0.2283,0.2373,0.1389,-0.3093,0.1168,0.4585,-0.2715,-0.4146,1.061,0.4468,-0.872,0.254,-0.7476,-2.107,-0.2732,-0.2534,0.1372,-0.4172,0.2573,-0.1521,0.5757,-0.5317,-0.3145,-0.03123,0.8022,0.3838,0.0692,0.2456,0.01245,0.56,0.7354,0.2236,0.1256,-0.3015,-0.006195,-0.01889,0.1917,0.3142,-0.3232,-0.5005,1.217,0.302,0.0925,-0.1716,0.5024,-0.1005,0.0927,3.031,0.43,-0.2327,-8.3,-0.3801,0.2443,0.703,0.0564,-0.07587,0.6323,0.624,-0.2563,6.86,-0.86,0.829,0.185,-0.04605,1.12,1.0205,0.1854,0.5415,0.1775,0.1992,0.1655,-0.13,-0.0884,-0.3755,0.2532,-0.024,-0.05014,0.02011,-0.577,0.014175,0.05438,-0.3052,1.569,-0.01878,-0.4802,0.501,-3.11,-0.45,1.119,0.02815,0.2291,-0.4087,-0.94,-0.4685,0.04233,0.08417,0.1534,0.10596,0.3088,-0.4583,-0.3801,-0.4236,-0.1577,-0.815,-0.7104,0.3464,-0.345,0.08044,0.6895,-0.1085,0.47,-0.00905,1.267,-0.3298,0.08673,0.062,0.2327,-0.299,0.279,0.9644,-0.295,-0.08374,-0.1555,-0.502,-0.3281,-2.086,-0.2544,-0.098,0.3892,0.375,0.2372,0.721,-0.2888,0.03503,-1.762,-0.069,-0.4617,-0.01772,-0.2257,-0.8496,-0.3188,0.4854,0.0943,0.7285,-0.836,0.0309,0.435,0.086,-0.4731,-0.412,-0.2732,0.3376,-0.05826,-0.696,-0.02383,-0.3606,-0.4055,-0.5054,0.851,-0.04703,0.1226,0.618,-0.2983,0.10785,-0.2732,0.3447,0.1952,-0.1266,-0.4463,0.2307,-0.2037,-0.3862,2.506,-0.6807,0.3254,-0.10645,-0.1339,-0.179,-0.665
0,0.05685,0.2059,-0.277,0.2394,0.05447,0.1434,-0.10986,1.303,-0.1672,0.768,-0.6455,-0.667,-0.2844,-0.1516,0.258,0.09155,-0.3708,0.09753,0.397,-0.2448,-0.2668,0.9346,0.2346,-0.9644,0.11255,-0.616,-2.143,-0.2886,-0.2279,0.1667,-0.2527,0.3962,-0.3574,0.479,-0.532,-0.3123,-0.01075,0.7256,0.2598,-0.2472,0.1616,-0.02286,0.4404,0.858,0.3618,0.01671,-0.4407,-0.0262,-0.1405,0.1338,0.293,-0.09564,-0.4658,1.13,0.298,0.1078,-0.2153,0.4753,-0.0704,0.1444,3.074,0.474,-0.2996,-8.51,-0.37,0.1962,0.6733,0.0964,-0.04715,0.446,0.496,-0.338,7.066,-0.7065,0.759,0.2042,0.07874,1.197,1.104,0.0667,0.3318,0.1852,0.2006,0.3342,0.01918,-0.1328,-0.2778,0.2417,-0.1233,-0.1488,-0.1532,-0.7305,-0.073,0.1147,-0.258,1.554,-0.0495,-0.505,0.4993,-2.9,-0.4194,1.011,0.06168,0.09326,-0.4177,-0.827,-0.5312,-0.0227,0.1415,0.2283,0.2477,0.4097,-0.3733,-0.3247,-0.4087,-0.05557,-0.872,-0.6104,0.3682,-0.2416,0.08093,0.6567,-0.174,0.3381,-0.01859,1.103,-0.4514,0.175,0.1365,0.2205,-0.2361,0.3018,0.9404,-0.2372,-0.2205,0.04114,-0.3567,-0.3518,-1.792,-0.1166,-0.02092,0.434,0.2156,0.2316,0.5386,-0.1887,0.0338,-1.61,0.00957,-0.529,0.135,-0.1813,-0.9043,-0.3735,0.524,0.1272,0.5474,-0.5723,-0.04004,0.2118,0.217,-0.3723,-0.3704,-0.2986,0.3862,-0.03983,-0.8086,-0.1748,-0.4915,-0.2201,-0.3044,0.938,0.01639,0.1273,0.4597,-0.3848,0.0308,-0.0231,0.2216,0.1597,-0.0814,-0.3713,0.00596,-0.1335,-0.193,2.47,-0.644,0.1605,-0.1964,0.003956,-0.2029,-0.4878
1,0.067,0.07837,-0.3203,0.6875,0.1685,0.2368,-0.582,-0.1542,-0.224,0.2311,1.111,-0.5396,0.02177,0.3694,-0.5596,0.2372,0.293,0.3152,0.4583,-0.619,-0.5054,-2.13,-0.5107,-0.2886,1.143,1.065,2.62,-0.2441,0.04822,0.2041,0.384,1.18,-0.3306,0.63,-0.7734,-0.04965,0.4382,0.7456,-0.84,0.0902,-0.01765,0.12115,-0.2769,0.2554,0.5664,-0.0636,0.3635,0.574,0.1597,0.8013,0.9927,-0.4338,-0.05478,0.2961,-0.4585,-0.66,0.03992,0.258,-1.342,-0.05038,-1.84,0.489,0.0323,-7.594,-0.9336,0.925,0.302,-0.4055,-0.05573,0.575,-1.26,0.10394,6.848,1.165,0.9463,0.2074,0.586,-0.2161,1.331,0.08435,0.358,-0.4268,0.6704,-0.544,0.1664,0.09357,-0.334,-0.2947,0.6494,-0.134,-0.3567,0.0282,0.458,-1.121,0.2893,-0.3984,0.11945,-0.4858,-0.1914,-1.593,-0.5415,0.6587,0.03232,-0.7476,-0.5195,0.5728,-0.00895,0.3774,-0.07025,0.092,0.5347,0.06134,-0.5083,-0.2141,-0.6943,-0.05908,-0.4514,0.4255,-0.0493,-0.2334,0.07025,0.602,-0.6895,0.1967,-0.3552,1.923,-0.4368,0.1306,0.6763,-0.037,-0.2188,1.213,-0.4531,-0.8135,-0.1722,0.04016,-0.0471,0.702,0.539,-0.2418,0.4832,0.236,1.059,0.2241,0.3223,0.5234,0.385,-1.97,0.1048,0.1152,0.285,-0.1974,-1.264,-0.4883,0.09766,0.7983,0.637,-0.2339,-0.09875,0.07654,-0.1559,-0.809,0.1794,-0.3772,0.4238,-0.3315,0.8105,0.1454,0.2439,-0.684,-1.107,0.2352,0.3381,-0.01545,-0.9536,0.11255,-0.05533,0.3743,0.7725,0.1024,0.6353,0.227,-0.2366,0.317,0.01917,-3.408,-0.864,0.1847,-0.2108,-1.0625,-0.1356,-0.56
0,-0.12396,0.3616,-0.3176,0.1781,0.02094,0.3083,-0.04324,1.1045,-0.11816,0.7754,-0.759,-0.7,-0.1036,-0.2035,0.301,0.1362,-0.316,0.10345,0.4233,-0.237,-0.349,1.007,0.3962,-0.799,0.2014,-0.709,-2.098,-0.2507,-0.2247,0.0869,-0.4165,0.269,-0.2367,0.543,-0.5054,-0.2983,-0.02066,0.735,0.3801,-0.0004575,0.2156,-0.01599,0.628,0.77,0.3076,0.1488,-0.3572,-0.01762,-0.0355,0.1059,0.2961,-0.2573,-0.4858,1.115,0.3293,0.10425,-0.1825,0.5186,-0.07117,0.10394,2.998,0.442,-0.272,-8.36,-0.4011,0.1495,0.6875,0.05872,-0.08014,0.5776,0.615,-0.2693,6.99,-0.8564,0.744,0.1588,-0.01723,1.134,1.033,0.188,0.497,0.1655,0.2103,0.176,-0.1134,-0.0874,-0.3438,0.2542,-0.05933,-0.0834,0.005283,-0.567,0.0121,0.0639,-0.2532,1.553,-0.05045,-0.5317,0.525,-3.066,-0.4297,1.078,0.08826,0.1697,-0.3953,-0.8823,-0.4587,-0.02504,0.10077,0.1965,0.1509,0.3367,-0.3894,-0.3186,-0.3816,-0.1576,-0.771,-0.6914,0.3398,-0.317,0.085,0.698,-0.0969,0.4019,0.00476,1.218,-0.319,0.1248,0.05664,0.2211,-0.2915,0.2715,0.932,-0.2474,-0.102,-0.146,-0.4768,-0.2825,-2.076,-0.17,-0.1871,0.3547,0.3245,0.1942,0.6763,-0.262,0.015434,-1.805,-0.07166,-0.4775,0.0176,-0.2277,-0.81,-0.346,0.421,0.08026,0.667,-0.796,0.03445,0.322,0.11176,-0.4053,-0.3655,-0.3586,0.356,-0.02008,-0.6953,-0.05893,-0.3696,-0.316,-0.409,0.956,-0.05835,0.07947,0.653,-0.3147,0.09827,-0.2817,0.3171,0.1719,-0.1353,-0.4404,0.2123,-0.2285,-0.4355,2.508,-0.621,0.2825,-0.0921,-0.08014,-0.1946,-0.589
0,0.0351,0.2048,-0.3313,0.1921,-0.0476,0.1764,-0.1554,1.314,-0.1957,0.7803,-0.7397,-0.617,-0.2216,-0.155,0.207,0.0817,-0.3958,0.11755,0.3547,-0.2059,-0.3247,0.9966,0.2812,-0.958,0.1821,-0.648,-2.186,-0.2727,-0.2625,0.1688,-0.2705,0.3018,-0.2534,0.458,-0.564,-0.3276,-0.05115,0.67,0.4263,-0.1671,0.231,-0.0776,0.5337,0.8223,0.2766,-0.04605,-0.3567,0.0007105,-0.05707,0.109,0.3193,-0.1996,-0.454,1.123,0.37,0.12164,-0.1757,0.488,-0.04514,0.1002,3.076,0.4426,-0.2439,-8.43,-0.3418,0.2446,0.687,0.1048,-0.0736,0.4836,0.522,-0.2842,7.016,-0.767,0.7046,0.2576,0.09985,1.211,1.129,0.12335,0.3376,0.1682,0.237,0.2651,0.005592,-0.1215,-0.2952,0.2449,-0.1394,-0.1312,-0.0777,-0.6797,-0.00736,0.2148,-0.248,1.544,-0.04712,-0.482,0.504,-2.969,-0.4153,1.046,0.04562,0.2228,-0.4573,-0.844,-0.562,-0.02026,0.08307,0.1912,0.2313,0.3582,-0.346,-0.3071,-0.437,-0.1394,-0.8467,-0.671,0.3237,-0.282,0.08716,0.696,-0.1815,0.4844,-0.03296,1.074,-0.4067,0.25,0.09766,0.211,-0.254,0.3694,0.9688,-0.1488,-0.1495,0.0526,-0.4114,-0.3352,-1.864,-0.1906,-0.01587,0.441,0.2083,0.1169,0.546,-0.2477,-0.0237,-1.647,0.0805,-0.5156,0.09625,-0.1942,-0.732,-0.3743,0.561,0.0764,0.5938,-0.617,-0.03525,0.2042,0.1256,-0.4026,-0.4478,-0.2856,0.2395,-0.082,-0.819,-0.1065,-0.4534,-0.1725,-0.429,0.996,-0.01493,0.0944,0.4175,-0.413,0.06158,-0.04047,0.2473,0.1315,-0.0994,-0.3987,0.1436,-0.25,-0.2222,2.533,-0.665,0.2096,-0.188,0.0463,-0.2844,-0.453
0,-0.1569,0.3496,-0.349,0.1804,0.07684,0.3486,0.01923,1.106,-0.09045,0.804,-0.812,-0.8213,-0.0887,-0.2566,0.261,0.1478,-0.302,0.139,0.503,-0.2925,-0.438,1.068,0.4602,-0.817,0.2474,-0.7236,-2.04,-0.265,-0.1952,0.1206,-0.3628,0.258,-0.2136,0.6,-0.5244,-0.2593,-0.012955,0.8037,0.3628,0.04633,0.2118,0.03897,0.4885,0.8066,0.2297,0.2485,-0.3325,0.01736,0.02078,0.2153,0.265,-0.3242,-0.5625,1.251,0.2954,0.09064,-0.2334,0.56,-0.0792,0.06323,3.053,0.44,-0.2698,-8.266,-0.3887,0.229,0.721,0.0009227,-0.0706,0.6274,0.6006,-0.3179,6.816,-0.843,0.821,0.1666,-0.05817,1.093,0.9507,0.1674,0.5947,0.179,0.1852,0.1252,-0.0632,-0.06256,-0.3384,0.2634,-0.02853,-0.0499,0.0997,-0.6055,0.02353,0.01657,-0.329,1.565,-0.03038,-0.518,0.5396,-3.088,-0.496,1.124,0.05524,0.256,-0.3926,-0.9272,-0.438,0.0657,0.0702,0.11755,0.0735,0.321,-0.4836,-0.342,-0.4155,-0.06207,-0.807,-0.6626,0.327,-0.374,0.1282,0.745,-0.0516,0.4778,-0.001575,1.329,-0.296,-0.000924,0.05972,0.1646,-0.2888,0.2317,0.9365,-0.3318,-0.1251,-0.1804,-0.5054,-0.328,-2.12,-0.2406,-0.1473,0.4211,0.3582,0.3137,0.767,-0.2654,0.04114,-1.735,-0.11676,-0.4316,-0.04535,-0.2356,-0.8823,-0.3123,0.492,0.154,0.7427,-0.8755,-0.01971,0.4517,0.10455,-0.4675,-0.4136,-0.285,0.3706,-0.05603,-0.743,-0.04373,-0.335,-0.4849,-0.4941,0.883,-0.0571,0.0771,0.617,-0.3313,0.04584,-0.3179,0.3345,0.2247,-0.1539,-0.4688,0.2556,-0.2396,-0.4202,2.514,-0.758,0.3926,-0.1367,-0.1549,-0.179,-0.6714
1,-0.01741,0.1808,-0.4473,0.567,0.2145,0.2035,-0.6074,-0.2394,-0.1326,0.286,1.221,-0.4182,0.2043,0.387,-0.573,0.391,0.267,0.293,0.5474,-0.7,-0.606,-2.08,-0.5474,-0.3555,1.063,1.023,2.67,-0.1469,0.25,0.1711,0.37,1.089,-0.305,0.7,-0.5913,-0.1207,0.4968,0.8887,-0.8076,0.0842,0.02983,0.094,-0.11304,0.181,0.566,-0.1752,0.2798,0.5376,0.06995,0.7837,0.9897,-0.5024,-0.0151,0.336,-0.3635,-0.575,0.08484,0.3386,-1.292,0.04425,-1.895,0.526,-0.186,-7.445,-0.9404,1.005,0.3586,-0.369,-0.1869,0.718,-1.131,0.151,6.723,1.186,0.9536,0.233,0.4282,-0.248,1.46,0.1581,0.53,-0.435,0.7725,-0.4658,0.05313,0.0837,-0.3652,-0.361,0.6455,-0.139,-0.3284,0.1603,0.364,-1.226,0.3582,-0.4944,0.2231,-0.5117,-0.1616,-1.55,-0.589,0.654,0.073,-0.6323,-0.613,0.59,0.01921,0.344,-0.02016,0.03445,0.4482,-0.07056,-0.5376,-0.2207,-0.7075,0.002369,-0.521,0.3464,0.04846,-0.244,0.0745,0.6606,-0.802,0.0329,-0.3105,1.971,-0.2966,0.2104,0.6797,-0.0926,-0.2352,1.302,-0.615,-0.912,-0.1137,-0.0837,-0.05594,0.7427,0.3354,-0.261,0.454,0.2219,1.053,0.2179,0.4028,0.3486,0.4082,-2.098,0.03026,0.09546,0.1558,-0.09717,-1.342,-0.53,0.006157,0.691,0.8296,-0.4507,-0.013695,0.1451,-0.1946,-0.902,0.404,-0.504,0.4194,-0.311,0.882,-0.008995,0.3875,-0.7197,-1.092,0.1277,0.3801,-0.1199,-0.8774,0.2272,-0.104,0.2025,0.8223,0.175,0.663,0.2546,-0.26,0.517,0.05646,-3.393,-0.9497,0.09015,-0.1569,-1.21,-0.1062,-0.68
1,0.4124,0.2009,-0.3276,0.445,0.2495,-0.1311,-0.5767,-0.1364,-0.2142,0.2056,1.061,-0.5034,0.1013,0.2964,-0.4714,0.2408,0.2686,0.3547,0.5303,-0.686,-0.4753,-2.377,-0.341,-0.3906,1.051,1.158,2.697,-0.226,0.3015,0.2534,0.2922,1.04,-0.3386,0.6265,-0.6953,-0.02156,0.45,0.857,-0.8247,-0.0617,-0.02858,0.0427,-0.4573,0.1864,0.4685,-0.14,0.3923,0.5684,0.1301,0.992,1.049,-0.6514,-0.275,0.445,-0.2264,-0.697,0.001132,0.343,-1.345,-0.10614,-2.04,0.4065,-0.07086,-7.42,-0.914,0.99,0.3386,-0.526,-0.0454,0.4077,-1.392,-0.08276,6.883,1.281,1.071,0.2544,0.773,-0.1732,1.469,0.0863,0.3118,-0.3132,0.4326,-0.4766,0.303,0.12225,-0.2368,-0.2996,0.72,0.02695,-0.4653,-0.1667,0.1722,-1.042,0.3796,-0.2988,0.3154,-0.563,-0.2693,-1.435,-0.2822,0.676,0.00706,-0.7383,-0.5527,0.446,-0.12445,0.5254,-0.03198,0.002974,0.1094,-0.04785,-0.709,-0.05582,-0.5586,0.2094,-0.2908,0.4062,0.1193,-0.1506,-0.088,0.71,-0.78,0.02498,-0.2037,1.716,-0.527,0.0913,0.5967,-0.1501,-0.36,1.334,-0.4517,-0.885,-0.1416,0.094,0.06476,0.61,0.6743,-0.1523,0.547,0.3533,1.074,0.3643,0.2074,0.433,0.1447,-1.97,0.1678,0.07434,0.06866,-0.2932,-1.017,-0.5835,-0.0403,0.5146,0.721,-0.2399,-0.03015,0.1453,-0.182,-0.7437,0.1948,-0.3088,0.5044,-0.2883,0.5767,0.1225,0.1486,-0.745,-1.206,0.0882,0.3823,0.01628,-0.773,0.0827,-0.0857,0.5693,0.6816,0.1465,0.7515,0.2725,-0.1487,0.4067,0.1881,-3.5,-0.708,0.223,-0.2262,-1.044,-0.2094,-0.4634
1,0.1116,-0.2847,-0.437,-0.1425,-0.1996,-0.11615,-0.4634,0.21,-0.2112,0.4355,0.3972,0.2222,-0.435,-0.07996,0.08826,-0.256,-0.1575,0.1302,-0.2048,-0.0534,-0.03906,-2.469,-0.1798,-0.5063,0.7256,1.318,0.774,0.0995,0.4116,-0.1238,0.4963,0.828,0.2263,0.4094,-0.4683,0.234,-0.1957,0.3623,0.07117,-0.04767,-0.6377,-0.642,-0.6416,0.5967,-0.06287,0.2102,0.3555,0.4224,0.3489,0.285,0.887,-0.005722,0.1238,0.2874,-0.307,-0.944,-0.2546,-0.1486,-1.211,0.02989,-0.776,0.2935,0.3818,-8.33,-0.2556,0.6035,-0.1559,-0.2032,0.2622,0.1768,-1.251,0.11444,8.13,0.913,0.7017,-0.04428,0.6694,0.882,0.8696,0.001757,0.075,-0.7153,0.557,-0.09283,0.6006,0.129,0.137,0.3708,0.5273,0.21,-0.3289,-0.02078,-0.03787,-0.4795,0.4175,-0.4053,0.302,0.03384,-0.02562,-2.137,0.0767,0.1854,-0.1978,-0.01631,0.1306,0.539,0.04938,-0.336,-0.1226,0.2335,0.08234,0.528,-0.5234,0.2822,-0.5728,-0.2874,0.2864,0.6807,-0.313,-0.02928,-0.02956,-0.3135,-0.515,0.3394,0.01025,0.2886,-0.5464,0.1827,0.075,0.6294,0.1547,1.563,-0.00797,-0.1445,-0.3677,0.307,-0.1844,0.3103,1.144,-0.625,1.155,-0.3044,0.3174,-0.02495,-0.1963,0.238,-0.08856,-1.79,0.562,-0.2357,0.1365,-0.77,-0.3152,-0.2266,0.05273,0.2482,-0.1031,0.10535,0.042,-0.1251,0.1278,0.08185,-0.3384,0.221,0.1921,-0.352,0.03336,-0.09735,-0.466,-0.1942,-0.883,-0.0118,-0.0623,0.274,-0.8643,-0.404,0.03992,1.233,0.2932,0.3364,0.2595,0.3047,-0.0434,0.486,0.528,-2.432,-0.4102,-0.126,0.007545,-0.1621,-0.2229,-0.2517
1,0.010345,-0.2595,-0.5312,-0.2078,-0.2495,-0.1372,-0.6562,0.1964,-0.297,0.3828,0.5522,0.2969,-0.4285,-0.11957,-0.0002594,-0.2576,-0.1259,0.1194,-0.1672,0.003632,-0.01868,-2.334,-0.2727,-0.4104,0.642,1.361,0.8047,0.05823,0.4084,-0.096,0.4443,0.994,0.2302,0.4797,-0.3977,0.331,-0.2468,0.2825,0.03177,0.04126,-0.531,-0.6606,-0.6074,0.4648,-0.1417,0.2141,0.2913,0.4521,0.3508,0.399,0.8433,0.03357,0.0646,0.268,-0.2362,-0.971,-0.2556,-0.1207,-1.243,0.02596,-0.7266,0.37,0.278,-8.21,-0.352,0.735,-0.2493,-0.1768,0.301,0.253,-1.224,0.0511,8.1,0.9346,0.81,-0.05923,0.54,0.794,0.6626,-0.0385,0.04407,-0.73,0.6396,0.01744,0.6196,-0.00894,0.1248,0.4653,0.5703,0.2595,-0.3035,-0.1649,-0.05203,-0.5625,0.476,-0.3787,0.2101,0.128,-0.1003,-2.293,0.07336,0.3013,-0.1865,0.0589,0.0745,0.4507,-0.1207,-0.377,-0.162,0.2312,0.07733,0.5015,-0.564,0.2737,-0.5747,-0.2184,0.1858,0.8364,-0.3,-0.0428,-0.003983,-0.3508,-0.618,0.2673,0.05286,0.4788,-0.5684,0.1743,0.02095,0.759,0.03717,1.49,0.01688,-0.2734,-0.327,0.2825,-0.0726,0.4392,1.156,-0.536,1.349,-0.4258,0.468,-0.03894,-0.4214,0.307,-0.12317,-1.774,0.6777,-0.2211,0.2408,-0.806,-0.4807,-0.2439,0.1146,0.1915,-0.182,0.08936,0.01406,-0.2437,0.08704,0.1395,-0.3591,0.2075,0.3032,-0.3105,0.0789,-0.08344,-0.3877,-0.2357,-0.7734,0.013985,0.03754,0.3074,-0.963,-0.3281,-0.0951,1.205,0.3157,0.425,0.3025,0.2465,-0.05807,0.7437,0.487,-2.396,-0.316,-0.0499,-0.0382,-0.1913,-0.2346,-0.3596
0,0.02107,0.2313,-0.3147,0.11957,0.01642,0.1743,-0.0772,1.209,-0.1249,0.776,-0.7266,-0.6978,-0.1592,-0.1788,0.1895,0.1025,-0.3447,0.0957,0.409,-0.2396,-0.354,1.011,0.3704,-0.9116,0.2325,-0.699,-2.146,-0.277,-0.3186,0.1805,-0.3586,0.2678,-0.1927,0.514,-0.6226,-0.3535,-0.007694,0.804,0.3806,-0.03015,0.275,-0.02386,0.5537,0.7915,0.275,0.02554,-0.3618,-0.03015,-0.05347,0.2045,0.3652,-0.2659,-0.4822,1.131,0.3044,0.11786,-0.1661,0.4736,-0.10156,0.1031,3.066,0.4573,-0.2583,-8.36,-0.3655,0.3057,0.696,0.0786,-0.02727,0.5474,0.5513,-0.2673,6.883,-0.8384,0.835,0.2202,0.0475,1.173,1.113,0.1625,0.449,0.2018,0.211,0.219,-0.0627,-0.1027,-0.3696,0.2178,-0.05655,-0.1175,-0.0957,-0.6357,-0.02837,0.1487,-0.3123,1.581,-0.06836,-0.513,0.538,-3.1,-0.3962,1.046,0.04153,0.1815,-0.3838,-0.879,-0.512,0.02904,0.10474,0.1807,0.2051,0.3477,-0.382,-0.338,-0.4082,-0.1858,-0.897,-0.743,0.3547,-0.3179,0.0697,0.655,-0.1451,0.4958,0.003233,1.173,-0.4277,0.1912,0.07666,0.2472,-0.3093,0.3037,0.9634,-0.203,-0.0709,-0.04672,-0.407,-0.3833,-1.953,-0.1892,-0.04987,0.392,0.3079,0.2427,0.6333,-0.2737,0.07745,-1.709,0.004696,-0.475,0.0832,-0.2222,-0.8228,-0.3342,0.5244,0.1014,0.674,-0.709,-0.011086,0.3376,0.11456,-0.4756,-0.427,-0.345,0.293,-0.03857,-0.779,-0.06216,-0.4192,-0.2864,-0.4663,0.9326,0.005394,0.1058,0.5103,-0.353,0.1007,-0.146,0.3481,0.1283,-0.10876,-0.4563,0.10834,-0.2301,-0.2498,2.54,-0.6724,0.3052,-0.2158,-0.0505,-0.2327,-0.566
1,0.10077,-0.08655,-0.2961,0.576,-0.0258,0.2593,-0.7764,-0.05597,-0.4055,0.2327,0.9287,-0.2766,-0.1586,0.06396,-0.3667,0.02736,0.258,0.392,0.2507,-0.4043,-0.3708,-2.059,-0.5996,-0.2512,0.7817,1.11,1.986,-0.2411,-0.04605,0.1906,0.3694,1.225,-0.2006,0.345,-0.6333,0.146,0.1055,0.396,-0.6255,0.10864,-0.1036,-0.2318,-0.1652,0.265,0.307,0.2222,0.4824,0.395,0.1353,0.6025,0.7617,-0.1309,-0.1069,0.1888,-0.302,-0.6953,0.0903,0.02919,-1.201,-0.167,-1.457,0.4,0.2118,-8.17,-0.617,0.8403,0.1533,-0.2493,0.1355,0.3997,-1.237,0.1229,7.746,1.041,0.8857,0.2603,0.4546,0.00936,1.146,-0.05276,-0.01216,-0.466,0.677,-0.1448,0.311,0.1802,-0.2327,0.1443,0.4136,0.0401,-0.3518,-0.09894,0.3416,-0.875,0.2651,-0.2222,0.106,-0.1841,-0.1464,-1.757,-0.314,0.448,0.00684,-0.4048,-0.3894,0.4412,-0.2637,0.08307,-0.248,0.0852,0.4895,0.1923,-0.709,-0.003027,-0.4292,-0.03873,-0.2272,0.61,-0.108,-0.1149,-0.1515,0.2754,-0.819,0.3083,-0.1781,1.52,-0.342,0.0628,0.583,0.3035,-0.108,1.255,-0.3938,-0.4392,-0.1126,0.11926,-0.12177,0.674,0.736,-0.3494,0.6826,0.0992,0.957,0.02357,0.013084,0.4785,0.1505,-1.807,0.1964,-0.00397,0.4663,-0.3518,-1.138,-0.138,0.0953,0.597,0.1903,-0.081,-0.1528,-0.1101,-0.2062,-0.3308,-0.02638,-0.255,0.2861,-0.38,0.4856,0.1774,0.0793,-0.596,-0.8184,0.3538,0.2898,0.1434,-0.9824,-0.005966,-0.2256,0.4912,0.4434,0.2009,0.611,0.2382,-0.04318,0.4883,0.171,-3.092,-0.583,0.06216,-0.0595,-0.7104,-0.1785,-0.4841
1,-0.01093,0.266,-0.4866,0.606,0.2825,0.1605,-0.582,-0.238,-0.2029,0.3064,1.116,-0.449,0.2126,0.3428,-0.539,0.3633,0.279,0.2756,0.5244,-0.6494,-0.5566,-2.14,-0.5835,-0.1925,1.023,1.028,2.682,-0.1503,0.2223,0.1877,0.3042,1.165,-0.3572,0.758,-0.6353,0.005054,0.4744,0.871,-0.839,0.177,-0.0632,0.06866,-0.129,0.066,0.558,-0.07825,0.2866,0.534,0.05835,0.7495,0.953,-0.468,-0.0871,0.3015,-0.3691,-0.6553,0.05148,0.2314,-1.3545,-0.04282,-1.857,0.4993,-0.04608,-7.42,-0.9214,0.952,0.3264,-0.3987,-0.1355,0.6646,-1.177,0.1384,6.81,1.175,1.028,0.2644,0.51,-0.2343,1.401,0.0533,0.416,-0.4583,0.731,-0.4993,0.1445,0.1587,-0.3342,-0.3357,0.7046,-0.1649,-0.4163,0.1526,0.4116,-1.198,0.361,-0.4434,0.355,-0.511,-0.2668,-1.549,-0.4578,0.6523,0.05963,-0.6265,-0.56,0.5376,0.0509,0.3838,-0.05612,0.02158,0.449,0.003206,-0.4932,-0.17,-0.6562,0.013916,-0.486,0.431,0.02774,-0.2057,-0.01144,0.699,-0.7456,0.10767,-0.3037,1.992,-0.3447,0.1747,0.656,0.02606,-0.3245,1.3,-0.627,-0.913,-0.1598,-0.08905,-0.086,0.744,0.3198,-0.2751,0.5117,0.2786,1.181,0.2043,0.3518,0.3613,0.3147,-2.186,0.0318,0.0836,0.1261,-0.162,-1.204,-0.5493,-0.08673,0.578,0.801,-0.3577,-0.06934,0.06335,-0.2336,-0.8076,0.37,-0.5254,0.5054,-0.3157,0.8823,-0.001649,0.3057,-0.833,-1.072,0.2053,0.4177,-0.0934,-0.791,0.2035,-0.03099,0.272,0.715,0.1614,0.634,0.2646,-0.25,0.428,0.03192,-3.412,-0.8477,0.1004,-0.08386,-1.161,-0.1882,-0.696
1,0.4492,-0.125,-0.2125,0.3328,0.1772,-0.1733,-0.53,0.0418,-0.3032,0.1461,0.9673,-0.258,-0.05963,0.1035,-0.434,0.1207,0.2384,0.3503,0.355,-0.542,-0.463,-2.512,-0.3718,-0.7847,0.973,1.257,2.348,-0.129,0.3647,0.1725,0.3374,1.09,-0.11237,0.4053,-0.836,0.005264,0.2666,0.6978,-0.721,-0.08026,-0.1041,-0.1516,-0.3987,0.286,0.4153,-0.1312,0.4756,0.512,0.189,0.836,0.95,-0.566,-0.1761,0.2935,-0.143,-0.7373,0.0974,0.1895,-1.189,-0.2001,-2.035,0.3188,0.04413,-7.68,-0.6865,0.9277,0.3442,-0.5166,0.03503,0.3342,-1.32,-0.05685,7.285,1.243,0.903,0.3435,0.7256,0.07324,1.645,0.0507,0.1555,-0.4238,0.4402,-0.3638,0.4336,0.1908,-0.208,-0.03958,0.6816,0.04004,-0.419,-0.1288,0.05975,-0.888,0.4285,-0.3276,0.3262,-0.449,-0.2463,-1.367,-0.322,0.3562,-0.0655,-0.5786,-0.4365,0.4412,-0.2201,0.306,-0.0235,0.05484,0.2583,0.03806,-0.736,0.1846,-0.5034,0.07733,-0.1395,0.327,0.02324,-0.0949,-0.2788,0.5566,-0.7686,0.2306,-0.1737,1.463,-0.552,0.0488,0.6387,-0.03058,-0.1873,1.491,-0.4304,-0.579,-0.02005,0.10675,-0.069,0.6094,0.6777,-0.309,0.6323,0.402,0.7915,0.2086,0.07996,0.446,-0.01967,-1.924,0.2178,0.0264,0.1971,-0.262,-0.8477,-0.4062,-0.09625,0.4717,0.523,-0.1456,-0.079,0.1014,-0.07214,-0.5317,0.04083,-0.2878,0.3345,-0.3506,0.3696,0.174,0.1454,-0.5513,-1.183,0.203,0.2094,0.137,-0.799,-0.03397,-0.1703,0.756,0.5874,0.1599,0.755,0.2269,-0.012314,0.5107,0.33,-3.5,-0.725,0.1032,-0.0912,-0.692,-0.2732,-0.3286
0,-0.0422,0.3496,-0.2766,0.3008,0.02925,0.2397,-0.1326,1.226,-0.1897,0.738,-0.794,-0.639,-0.2324,-0.1691,0.3418,0.1007,-0.3708,0.0853,0.3892,-0.1969,-0.3188,0.918,0.2666,-0.872,0.1691,-0.643,-2.098,-0.2125,-0.1998,0.10486,-0.3115,0.358,-0.3047,0.5015,-0.5,-0.2903,-0.0342,0.734,0.3406,-0.09326,0.139,-0.0632,0.5396,0.7603,0.3706,0.0827,-0.3403,-0.00857,-0.04483,0.03668,0.3135,-0.1768,-0.4878,1.15,0.357,0.04752,-0.2203,0.468,-0.07385,0.1162,3.025,0.4465,-0.22,-8.5,-0.3164,0.1091,0.646,0.09216,-0.12317,0.4695,0.539,-0.3252,7.125,-0.771,0.6797,0.1855,0.04752,1.141,1.019,0.0576,0.3477,0.1816,0.2515,0.2261,-0.03525,-0.01261,-0.2842,0.2676,-0.1283,-0.1691,-0.0464,-0.6416,-0.015114,0.1573,-0.2405,1.501,0.03506,-0.52,0.51,-2.93,-0.3591,0.97,0.02963,0.1669,-0.425,-0.8403,-0.4858,-0.0157,0.09686,0.2065,0.1935,0.4402,-0.2776,-0.345,-0.3816,-0.05783,-0.749,-0.61,0.2722,-0.2117,0.01156,0.664,-0.04794,0.4746,-0.04968,1.062,-0.3157,0.1353,0.07794,0.2429,-0.2216,0.343,0.8853,-0.2043,-0.1877,-0.0414,-0.41,-0.3696,-1.944,-0.1783,-0.0798,0.4233,0.2615,0.1412,0.595,-0.2634,0.01166,-1.606,-0.007103,-0.4966,0.0529,-0.2422,-0.752,-0.3362,0.4175,0.07007,0.5986,-0.656,-0.003098,0.2476,0.1744,-0.3496,-0.429,-0.3398,0.33,-0.03735,-0.791,-0.1387,-0.4502,-0.2483,-0.377,0.983,-0.04883,0.08624,0.549,-0.3726,0.06696,-0.12024,0.1981,0.11865,-0.1476,-0.4248,0.1426,-0.2952,-0.2754,2.53,-0.6196,0.242,-0.11676,0.02896,-0.2817,-0.52
0,-0.1082,0.3088,-0.297,0.1267,0.007595,0.3403,0.04276,1.057,-0.0958,0.798,-0.705,-0.732,-0.074,-0.2278,0.2158,0.1567,-0.2878,0.08234,0.4216,-0.295,-0.3887,1.034,0.4028,-0.7817,0.2213,-0.7344,-2.064,-0.2389,-0.279,0.1092,-0.448,0.2076,-0.166,0.527,-0.5205,-0.346,-0.014755,0.741,0.371,0.04813,0.2764,0.01293,0.6323,0.756,0.2498,0.1302,-0.3557,-0.0514,-0.05698,0.1383,0.3477,-0.2773,-0.46,1.106,0.316,0.1687,-0.1484,0.4932,-0.06573,0.1339,3.0,0.4346,-0.324,-8.37,-0.389,0.2234,0.6924,0.0714,-0.0879,0.6016,0.6113,-0.2307,6.938,-0.9165,0.799,0.2009,-0.0654,1.089,1.047,0.2064,0.553,0.1853,0.2346,0.1865,-0.1807,-0.07306,-0.4116,0.2178,-0.04437,-0.06165,0.039,-0.535,0.012085,0.02185,-0.3057,1.557,-0.08563,-0.48,0.58,-3.129,-0.4834,1.089,0.0887,0.2047,-0.383,-0.858,-0.4177,-0.0253,0.11017,0.184,0.1722,0.2812,-0.4463,-0.3464,-0.3884,-0.2145,-0.835,-0.7314,0.372,-0.3738,0.0992,0.666,-0.1631,0.392,0.04346,1.266,-0.3162,0.1126,0.0754,0.1882,-0.314,0.2441,0.945,-0.2382,-0.0601,-0.1576,-0.4802,-0.2896,-2.05,-0.1826,-0.1775,0.351,0.3237,0.2637,0.7153,-0.279,0.091,-1.8,-0.0819,-0.4963,0.01892,-0.2063,-0.895,-0.29,0.4272,0.09344,0.697,-0.835,0.03296,0.3872,0.129,-0.4795,-0.2976,-0.3538,0.332,-0.0382,-0.6147,-0.03275,-0.3127,-0.3142,-0.433,0.8594,-0.01779,0.1094,0.6377,-0.2742,0.0814,-0.346,0.3503,0.182,-0.118,-0.4373,0.1698,-0.1719,-0.408,2.432,-0.6514,0.2908,-0.12384,-0.1059,-0.12445,-0.614
1,0.1356,0.0741,-0.2744,0.6353,0.11774,0.1887,-0.5796,-0.1461,-0.2783,0.1931,1.073,-0.536,-0.01331,0.3557,-0.558,0.2598,0.311,0.3242,0.451,-0.66,-0.4949,-2.156,-0.462,-0.3372,1.139,1.138,2.666,-0.2615,0.12244,0.239,0.399,1.113,-0.3135,0.6,-0.758,0.0094,0.4333,0.7104,-0.841,0.0896,-0.005775,0.1223,-0.3174,0.2595,0.534,-0.07196,0.4087,0.6084,0.2079,0.8203,1.012,-0.546,-0.1426,0.3284,-0.393,-0.7075,0.05188,0.3303,-1.305,-0.05118,-1.939,0.465,0.006702,-7.523,-0.9536,0.9595,0.3037,-0.4583,-0.11523,0.564,-1.285,0.0501,6.863,1.155,0.9097,0.1979,0.6226,-0.221,1.349,0.1118,0.3704,-0.4272,0.6016,-0.5664,0.1757,0.09357,-0.3228,-0.278,0.5957,-0.1233,-0.3142,-0.04047,0.4026,-1.107,0.297,-0.433,0.1407,-0.463,-0.195,-1.583,-0.594,0.666,-0.03522,-0.725,-0.5283,0.4963,-0.03464,0.4092,-0.09204,0.105,0.4998,0.03525,-0.5654,-0.1597,-0.6724,-0.01773,-0.4087,0.476,-0.07983,-0.19,0.03326,0.6763,-0.6997,0.2297,-0.355,1.941,-0.4463,0.0655,0.6606,-0.06586,-0.2396,1.226,-0.4534,-0.809,-0.1466,0.0832,0.0253,0.7554,0.55,-0.2522,0.4778,0.2646,1.02,0.1974,0.2976,0.554,0.3372,-2.008,0.1776,0.10187,0.2496,-0.2098,-1.193,-0.5283,0.1573,0.7563,0.616,-0.2463,-0.1448,0.0979,-0.1447,-0.819,0.08966,-0.3418,0.3877,-0.315,0.7793,0.1881,0.2737,-0.673,-1.114,0.271,0.3335,-0.004295,-0.8833,0.0999,-0.052,0.391,0.7603,0.11725,0.671,0.2421,-0.1428,0.3389,0.07007,-3.45,-0.858,0.245,-0.2312,-1.019,-0.1359,-0.5493
0,-0.2118,0.4075,-0.3613,0.276,0.0849,0.3875,-0.1979,0.9775,-0.2751,0.7573,-0.644,-0.6616,-0.26,-0.1599,0.473,0.1439,-0.3281,0.01646,0.5137,-0.2825,-0.2439,0.869,0.2247,-0.6196,0.03528,-0.5996,-1.946,-0.2313,-0.1171,0.0557,-0.3606,0.483,-0.3591,0.58,-0.2996,-0.0389,0.11206,0.7256,0.1907,-0.0927,0.07324,0.02768,0.66,0.7754,0.506,0.3528,-0.4841,0.013306,-0.143,-0.1298,0.1571,-0.05176,-0.598,1.039,0.355,0.0447,-0.333,0.6357,-0.04636,0.1407,2.996,0.4878,-0.3418,-8.47,-0.4756,0.02483,0.6475,-0.04233,-0.0556,0.5127,0.62,-0.3704,7.113,-0.798,0.6514,-0.0381,-0.003428,1.144,0.984,0.0378,0.4365,0.1635,0.163,0.3079,-0.07837,0.04977,-0.2542,0.2177,-0.0183,-0.11615,0.004498,-0.6284,-0.0691,-0.0246,-0.1641,1.525,-0.03632,-0.596,0.548,-2.895,-0.491,1.078,0.0918,-0.02608,-0.396,-0.808,-0.4248,-0.05746,0.1353,0.3472,0.1327,0.4153,-0.3845,-0.314,-0.2854,-0.02144,-0.715,-0.3862,0.2925,-0.2291,0.013504,0.7114,-0.0368,0.1664,-0.02519,1.175,-0.2817,0.0087,0.1298,0.2976,-0.2388,0.2036,0.8467,-0.358,-0.2979,-0.1725,-0.3706,-0.2441,-2.062,-0.0855,-0.2888,0.3025,0.4546,0.1609,0.5557,-0.182,-0.06415,-1.897,-0.09644,-0.4546,0.01892,-0.296,-0.9,-0.4736,0.4146,0.03546,0.507,-0.6553,0.02567,0.1481,0.1973,-0.2229,-0.301,-0.4468,0.57,0.0415,-0.6494,-0.192,-0.4404,-0.3066,-0.09937,1.078,0.10565,0.1225,0.821,-0.3699,0.007698,-0.3574,0.1414,0.2534,-0.2306,-0.3674,0.1284,-0.1421,-0.4373,2.424,-0.5015,0.1884,-0.04025,-0.1063,-0.1321,-0.565
1,-0.01266,0.07745,-0.3652,0.5728,0.1365,0.2164,-0.6157,-0.2023,-0.1523,0.2703,1.158,-0.448,0.0743,0.3928,-0.5854,0.301,0.2625,0.3362,0.5127,-0.7114,-0.553,-2.127,-0.5127,-0.3743,1.09,1.064,2.648,-0.1748,0.233,0.2043,0.4087,1.075,-0.2766,0.601,-0.6895,-0.0889,0.5044,0.8384,-0.834,0.03796,-0.001422,0.09503,-0.1678,0.2446,0.5806,-0.11224,0.2761,0.5635,0.166,0.766,1.005,-0.4976,-0.01791,0.3425,-0.376,-0.575,0.0358,0.3582,-1.261,0.005867,-1.934,0.4912,-0.1449,-7.523,-0.949,0.9624,0.373,-0.4294,-0.10583,0.6484,-1.177,0.1228,6.797,1.195,0.848,0.1913,0.5073,-0.2048,1.437,0.2223,0.516,-0.3953,0.6943,-0.4985,0.08136,0.07697,-0.3276,-0.2688,0.6064,-0.175,-0.2656,0.03534,0.383,-1.155,0.3325,-0.515,0.1488,-0.5405,-0.11053,-1.647,-0.66,0.6216,0.06433,-0.6685,-0.5103,0.6055,0.005867,0.2825,-0.04828,0.0763,0.544,0.004288,-0.503,-0.213,-0.718,-0.03146,-0.466,0.41,-0.04388,-0.2054,0.0937,0.643,-0.667,0.0664,-0.35,1.853,-0.3462,0.1149,0.6484,-0.0766,-0.1946,1.27,-0.517,-0.8296,-0.1111,-0.02066,-0.004116,0.6733,0.4695,-0.265,0.476,0.2412,0.9614,0.2113,0.378,0.433,0.4216,-2.086,0.06216,0.10364,0.2448,-0.1097,-1.344,-0.4778,0.1004,0.757,0.761,-0.3806,-0.0445,0.10504,-0.1238,-0.848,0.271,-0.4775,0.3477,-0.302,0.811,0.05902,0.3132,-0.649,-1.027,0.2075,0.3457,-0.09247,-0.8857,0.1298,-0.06024,0.2588,0.824,0.1382,0.691,0.238,-0.194,0.4604,0.0827,-3.47,-0.9844,0.1499,-0.2421,-1.125,-0.07336,-0.6074
0,0.1231,0.238,-0.1573,0.319,0.03763,-0.003944,-0.2808,1.319,-0.292,0.7905,-0.6406,-0.5874,-0.287,-0.0997,0.2258,-0.01077,-0.3955,0.04666,0.326,-0.2512,-0.1895,0.763,0.03125,-0.9907,0.05542,-0.582,-2.066,-0.1891,-0.222,0.2025,-0.2084,0.31,-0.435,0.3567,-0.5195,-0.2764,0.0614,0.667,0.1707,-0.3545,0.08496,-0.08105,0.4526,0.783,0.3955,0.01605,-0.4612,-0.0652,-0.1521,0.002184,0.2908,0.0739,-0.4482,1.097,0.2854,0.0728,-0.2296,0.4358,0.00664,0.1328,2.918,0.3574,-0.2417,-8.71,-0.38,0.1611,0.587,0.1494,-0.1003,0.3826,0.465,-0.4216,7.39,-0.6143,0.5874,0.1782,0.1982,1.217,1.165,0.01917,0.2352,0.231,0.1912,0.26,0.087,-0.07227,-0.2125,0.1832,-0.1796,-0.2445,-0.1532,-0.7847,-0.05347,0.2825,-0.1963,1.382,-0.0877,-0.51,0.4336,-2.691,-0.325,0.837,0.10614,0.0867,-0.2815,-0.746,-0.49,-0.09894,0.0952,0.191,0.3188,0.4907,-0.1958,-0.273,-0.4216,0.0956,-0.8853,-0.4746,0.2961,-0.1842,0.05493,0.5845,-0.1927,0.3547,-0.002914,1.01,-0.4675,0.2406,0.1575,0.1946,-0.1581,0.3098,0.887,-0.1892,-0.1322,0.1383,-0.1592,-0.4265,-1.594,-0.03114,0.0457,0.3574,0.1888,0.1687,0.3213,-0.1489,0.074,-1.513,0.1904,-0.431,0.1583,-0.089,-0.8677,-0.4167,0.4167,0.1351,0.412,-0.3652,-0.1115,0.05295,0.2708,-0.1703,-0.2856,-0.3179,0.3042,-0.04715,-0.842,-0.3213,-0.5625,-0.134,-0.1842,0.926,0.04422,0.1666,0.465,-0.3906,-0.1051,0.10944,0.08405,0.1016,0.04218,-0.318,-0.05176,-0.10516,-0.1985,2.338,-0.6675,0.08026,-0.1722,0.02446,-0.1807,-0.3035
1,0.4294,0.0407,-0.3118,0.3635,0.2277,-0.1672,-0.54,-0.02448,-0.2339,0.1509,1.054,-0.3853,0.06915,0.3062,-0.5264,0.2158,0.3032,0.386,0.48,-0.688,-0.502,-2.377,-0.3955,-0.688,1.141,1.224,2.744,-0.1843,0.352,0.2277,0.365,1.12,-0.2544,0.617,-0.762,-0.0229,0.418,0.838,-0.8584,-0.02034,0.00439,0.015396,-0.4976,0.2291,0.5093,-0.2161,0.4648,0.59,0.1735,1.0,1.034,-0.713,-0.2288,0.3716,-0.2456,-0.751,0.0759,0.3652,-1.315,-0.1466,-2.162,0.451,-0.0938,-7.234,-0.896,1.061,0.3784,-0.579,-0.0801,0.4263,-1.347,-0.09564,6.727,1.326,1.039,0.3564,0.7173,-0.1622,1.656,0.0906,0.3171,-0.4075,0.4685,-0.4763,0.4238,0.09753,-0.2703,-0.2542,0.7534,0.01573,-0.4294,-0.1076,0.1316,-1.064,0.446,-0.3225,0.279,-0.541,-0.2756,-1.323,-0.4219,0.628,-0.0688,-0.739,-0.652,0.457,-0.1714,0.518,-0.04135,-0.02141,0.2083,-0.0331,-0.7993,0.08887,-0.591,0.1876,-0.3464,0.3223,0.0665,-0.1726,-0.12274,0.7563,-0.7944,0.08936,-0.2026,1.812,-0.5845,0.0855,0.66,-0.1814,-0.2852,1.418,-0.491,-0.8467,-0.03976,0.09576,0.04605,0.7104,0.615,-0.2527,0.572,0.4075,0.9893,0.272,0.1686,0.4573,0.11945,-1.99,0.1984,0.09357,0.1309,-0.2483,-1.022,-0.587,0.01796,0.621,0.6597,-0.245,-0.10724,0.1724,-0.1622,-0.7744,0.12415,-0.3064,0.469,-0.3562,0.558,0.2147,0.216,-0.6743,-1.315,0.1737,0.262,-0.0117,-0.9365,0.05298,-0.1515,0.628,0.7495,0.19,0.77,0.2415,-0.1013,0.546,0.2168,-3.56,-0.78,0.2129,-0.234,-0.981,-0.278,-0.4812
1,0.3242,-0.2932,-0.2107,0.1462,-0.11456,-0.02472,-0.503,0.1519,-0.3425,0.2903,0.585,-0.1724,-0.342,-0.0969,-0.02032,-0.1636,-0.008675,0.2048,-0.0146,-0.1868,-0.2576,-2.604,-0.1978,-0.558,0.856,1.2705,1.464,-0.03897,0.1641,0.05545,0.4668,0.8877,0.1318,0.2042,-0.841,0.162,0.01974,0.4258,-0.2563,-0.05548,-0.377,-0.4663,-0.4841,0.5645,0.1515,0.1315,0.567,0.3748,0.3184,0.449,0.899,-0.1505,-0.02081,0.2773,-0.2744,-0.8247,-0.05283,0.0855,-1.154,-0.1497,-1.331,0.2542,0.4067,-8.414,-0.3264,0.716,0.1863,-0.3157,0.2817,0.1544,-1.284,0.012535,7.992,0.9165,0.673,0.02951,0.783,0.5127,1.187,0.02452,0.0693,-0.419,0.4849,-0.2646,0.4866,0.2712,-0.011154,0.2024,0.5146,0.2343,-0.3467,-0.03683,0.1218,-0.4958,0.3633,-0.326,0.2239,-0.2291,-0.05515,-1.817,-0.1583,0.119,-0.1619,-0.2932,-0.0431,0.5005,-0.1203,-0.02718,-0.0546,0.2566,0.2317,0.3743,-0.5977,0.2183,-0.4128,-0.296,0.1869,0.4521,-0.2076,-0.01212,-0.251,0.03156,-0.5225,0.519,-0.1247,0.708,-0.4644,0.0953,0.2712,0.3235,0.1162,1.468,-0.1676,-0.1371,-0.1609,0.2524,-0.1863,0.2656,0.963,-0.5376,0.748,0.04886,0.3892,0.0678,-0.054,0.378,-0.0157,-1.759,0.4512,-0.08264,0.2544,-0.5693,-0.545,-0.1964,0.03955,0.3486,0.08044,0.05194,-0.01563,0.00907,-0.06046,-0.1523,-0.3164,-0.0867,0.12445,-0.34,0.0851,0.010254,-0.1727,-0.192,-1.001,0.1407,0.004917,0.3733,-0.7515,-0.2463,-0.06433,0.9683,0.3618,0.0909,0.472,0.2168,0.1214,0.268,0.393,-2.861,-0.5244,-0.02,-0.04675,-0.3704,-0.1735,-0.0966
1,0.3079,0.1788,-0.3872,0.4739,0.1888,0.01277,-0.5215,-0.0765,-0.2252,0.2142,1.032,-0.4785,0.1498,0.3206,-0.565,0.3247,0.2908,0.3442,0.4885,-0.6787,-0.5254,-2.174,-0.391,-0.4133,1.123,1.186,2.793,-0.1854,0.3057,0.2214,0.3489,1.072,-0.2969,0.686,-0.6772,0.02806,0.442,0.7393,-0.755,0.01779,0.061,0.04028,-0.467,0.205,0.4497,-0.2032,0.5024,0.6406,0.2081,0.9834,1.03,-0.753,-0.2517,0.488,-0.302,-0.7637,0.09155,0.4026,-1.364,-0.12305,-2.055,0.497,-0.11896,-7.246,-0.9624,1.065,0.3474,-0.4727,-0.1254,0.574,-1.339,-0.0005107,6.723,1.28,1.065,0.311,0.6978,-0.2413,1.415,0.1287,0.4158,-0.4954,0.5044,-0.5938,0.315,0.0683,-0.293,-0.2961,0.6797,0.02989,-0.33,-0.02672,0.2986,-1.134,0.3694,-0.361,0.2646,-0.521,-0.2568,-1.451,-0.492,0.789,-0.02858,-0.676,-0.694,0.4402,-0.1378,0.5293,-0.05133,-0.01735,0.2507,-0.1361,-0.8076,-0.0088,-0.6235,0.0928,-0.418,0.3394,0.0749,-0.2495,0.03583,0.7725,-0.8657,0.11926,-0.1855,1.921,-0.491,0.145,0.636,-0.2585,-0.2969,1.347,-0.508,-0.88,-0.05298,0.02774,-0.004574,0.6943,0.526,-0.2427,0.4824,0.2778,1.093,0.281,0.3066,0.4558,0.1677,-2.031,0.2114,0.05045,0.0839,-0.2603,-1.05,-0.6123,0.1172,0.6914,0.719,-0.3716,-0.1635,0.2101,-0.261,-0.899,0.1863,-0.313,0.4656,-0.3738,0.733,0.2148,0.3284,-0.705,-1.299,0.1566,0.2512,-0.0842,-0.936,0.07513,-0.10736,0.5356,0.732,0.176,0.7393,0.2461,-0.09735,0.4377,0.1075,-3.506,-0.805,0.2812,-0.2041,-1.109,-0.2556,-0.532
1,0.442,-0.03464,-0.2325,0.4558,0.2196,-0.07306,-0.652,-0.001886,-0.3206,0.1086,1.067,-0.4695,-0.0465,0.2175,-0.505,0.196,0.3118,0.358,0.421,-0.7056,-0.508,-2.33,-0.3965,-0.7104,1.1,1.281,2.629,-0.2098,0.2695,0.2323,0.4749,1.131,-0.1937,0.5376,-0.7744,0.07837,0.3164,0.7515,-0.8765,-0.00895,-0.003296,0.004715,-0.5225,0.3066,0.3965,-0.12415,0.4944,0.5684,0.2095,0.992,0.9316,-0.6436,-0.2231,0.4204,-0.287,-0.7466,0.07825,0.3628,-1.201,-0.1841,-2.086,0.452,-0.0853,-7.426,-0.801,1.015,0.3425,-0.544,-0.0368,0.3728,-1.464,-0.0808,6.88,1.329,1.034,0.3245,0.683,-0.1481,1.562,-0.01122,0.2192,-0.4219,0.455,-0.4348,0.3787,0.1428,-0.2411,-0.2095,0.6274,-0.03665,-0.3816,-0.2008,0.1998,-0.9985,0.356,-0.3093,0.2324,-0.437,-0.216,-1.385,-0.4282,0.628,-0.10925,-0.6616,-0.5684,0.453,-0.1681,0.4717,-0.1693,0.01157,0.276,0.01926,-0.766,0.02348,-0.632,0.1578,-0.2632,0.465,0.04733,-0.1737,-0.1069,0.6587,-0.8076,0.2062,-0.2052,1.766,-0.5117,0.011246,0.71,-0.14,-0.249,1.359,-0.4333,-0.7505,-0.05954,0.12054,0.02528,0.6743,0.6963,-0.2502,0.62,0.3335,0.973,0.2993,0.138,0.501,0.1721,-1.772,0.2627,0.0804,0.1758,-0.283,-1.1045,-0.483,0.0637,0.6416,0.5654,-0.12354,-0.2119,0.17,-0.1373,-0.715,-5.86e-05,-0.1937,0.414,-0.3127,0.511,0.2296,0.1807,-0.73,-1.243,0.1403,0.3164,0.03967,-1.002,0.0309,-0.1956,0.6074,0.682,0.185,0.7744,0.2399,-0.0909,0.521,0.2927,-3.525,-0.81,0.28,-0.2551,-0.916,-0.2471,-0.4448
0,0.03262,0.251,-0.3164,0.2246,-0.02234,0.158,-0.2145,1.269,-0.2269,0.7744,-0.753,-0.593,-0.2413,-0.1254,0.2396,0.05774,-0.3965,0.0976,0.3713,-0.2161,-0.3076,0.9526,0.2412,-0.921,0.1586,-0.655,-2.186,-0.2195,-0.2375,0.1702,-0.2812,0.3137,-0.2947,0.5034,-0.572,-0.3083,-0.02606,0.7188,0.4158,-0.1349,0.2603,-0.07513,0.5737,0.795,0.342,-0.0315,-0.3887,-0.006725,-0.0498,0.09,0.3425,-0.1797,-0.4834,1.075,0.377,0.09985,-0.1913,0.4988,-0.05182,0.10254,3.074,0.4622,-0.2399,-8.414,-0.3865,0.2173,0.6313,0.1239,-0.1049,0.5015,0.5566,-0.3079,7.03,-0.8003,0.682,0.2235,0.09515,1.208,1.113,0.1241,0.3347,0.154,0.2385,0.2408,-0.02094,-0.085,-0.3167,0.2024,-0.1438,-0.1981,-0.0715,-0.6533,-0.04056,0.2213,-0.2345,1.495,-0.06635,-0.5347,0.507,-2.957,-0.3801,1.011,0.0411,0.1769,-0.4304,-0.828,-0.567,0.00223,0.0628,0.1744,0.2644,0.4055,-0.2878,-0.2896,-0.4167,-0.1054,-0.8994,-0.6587,0.2778,-0.246,0.08936,0.6846,-0.1406,0.5083,-0.02884,1.105,-0.4055,0.2786,0.05713,0.2305,-0.2191,0.3606,0.914,-0.1643,-0.0996,0.0324,-0.3213,-0.329,-1.911,-0.1284,-0.0421,0.401,0.251,0.09546,0.5034,-0.2198,-0.01083,-1.714,0.10535,-0.4653,0.0817,-0.2026,-0.708,-0.416,0.5376,0.08527,0.5947,-0.628,-0.04877,0.1814,0.163,-0.3704,-0.4197,-0.3591,0.2852,-0.04575,-0.795,-0.132,-0.4417,-0.2197,-0.3865,1.08,-0.00763,0.04785,0.4714,-0.4065,0.06192,-0.08795,0.2465,0.1242,-0.1001,-0.421,0.11017,-0.2338,-0.2703,2.588,-0.6616,0.2401,-0.2137,0.05246,-0.2913,-0.4766
0,0.1412,0.2213,-0.2427,0.1897,0.0491,0.01444,-0.1599,1.254,-0.25,0.7847,-0.661,-0.6123,-0.2207,-0.158,0.2241,0.06775,-0.3796,0.0844,0.3823,-0.2712,-0.2654,0.825,0.1633,-0.9443,0.1531,-0.6733,-2.076,-0.2041,-0.2937,0.223,-0.2932,0.3088,-0.3533,0.4812,-0.5977,-0.3225,0.02333,0.8057,0.2808,-0.1509,0.1976,-0.05063,0.492,0.7476,0.3674,-0.02281,-0.404,-0.03748,-0.1884,0.104,0.448,-0.1124,-0.5234,1.087,0.348,0.1166,-0.1893,0.4412,-0.09125,0.1439,3.027,0.4343,-0.2307,-8.57,-0.3774,0.2048,0.691,0.1451,-0.07056,0.495,0.5376,-0.3472,7.04,-0.803,0.7915,0.212,0.092,1.163,1.185,0.0544,0.3127,0.1803,0.1979,0.2627,0.02325,-0.011185,-0.2773,0.1726,-0.08496,-0.2025,-0.1528,-0.676,-0.1098,0.2515,-0.286,1.486,0.002129,-0.5337,0.518,-2.936,-0.3157,0.9155,-0.005398,0.1461,-0.297,-0.832,-0.5684,0.03564,0.13,0.1848,0.2793,0.4026,-0.2377,-0.3306,-0.409,-0.04016,-0.931,-0.6357,0.3062,-0.2062,0.01033,0.634,-0.1394,0.4624,-0.02422,1.0205,-0.4326,0.2537,0.12384,0.2646,-0.237,0.365,0.878,-0.2233,-0.1462,0.02617,-0.2922,-0.4346,-1.828,-0.1627,0.0259,0.4048,0.2656,0.2625,0.517,-0.2747,0.11633,-1.577,0.1066,-0.4805,0.06415,-0.1996,-0.809,-0.3787,0.4382,0.001214,0.6353,-0.602,-0.01382,0.2301,0.2559,-0.364,-0.3665,-0.383,0.322,-0.02359,-0.8286,-0.1465,-0.5166,-0.1675,-0.392,0.931,0.07275,0.1581,0.529,-0.3782,0.0405,-0.02238,0.2207,0.06274,-0.1181,-0.4055,-0.01572,-0.2268,-0.1564,2.477,-0.662,0.2644,-0.2233,0.05133,-0.1859,-0.4775
1,0.06854,0.1821,-0.389,0.661,0.1837,0.2174,-0.5415,-0.1644,-0.2456,0.2788,1.034,-0.3716,0.095,0.2788,-0.5376,0.3171,0.2544,0.3318,0.4504,-0.647,-0.503,-2.121,-0.502,-0.2128,1.027,1.071,2.604,-0.1929,0.2269,0.1724,0.3,1.067,-0.3232,0.5815,-0.682,0.03928,0.3555,0.7046,-0.7554,0.1058,-0.03958,0.05518,-0.1749,0.1711,0.4917,-0.087,0.4187,0.571,0.1553,0.7207,0.93,-0.49,-0.1246,0.3696,-0.2761,-0.6714,0.0706,0.2043,-1.26,-0.0536,-1.879,0.4268,-0.0167,-7.67,-0.8965,0.891,0.354,-0.373,-0.0988,0.6235,-1.179,0.1378,7.09,1.159,0.947,0.2137,0.5825,-0.1665,1.328,0.1346,0.3674,-0.5015,0.65,-0.5513,0.1442,0.1444,-0.31,-0.2195,0.595,-0.0869,-0.3245,0.0303,0.4138,-1.098,0.2993,-0.3804,0.2412,-0.4575,-0.1932,-1.578,-0.505,0.5757,0.08264,-0.5596,-0.527,0.5215,-0.0738,0.2913,-0.044,0.09985,0.4617,-0.0536,-0.5815,-0.08484,-0.628,-0.00429,-0.339,0.4463,0.03506,-0.2532,0.007618,0.6294,-0.7305,0.10266,-0.2607,1.802,-0.3975,0.1112,0.648,-0.0412,-0.2524,1.346,-0.537,-0.761,-0.1602,-0.06696,-0.12146,0.7007,0.461,-0.2445,0.4597,0.2386,1.064,0.1576,0.3872,0.4238,0.2284,-2.027,0.04816,0.006145,0.1626,-0.1895,-1.135,-0.477,-0.04337,0.633,0.666,-0.3745,-0.07623,0.07666,-0.1664,-0.7637,0.2644,-0.45,0.3726,-0.3728,0.791,0.10254,0.298,-0.675,-1.059,0.2186,0.2883,-0.0733,-0.795,0.0928,-0.0866,0.3171,0.675,0.1462,0.6616,0.2957,-0.1183,0.3462,0.0797,-3.412,-0.834,0.10474,-0.05338,-1.021,-0.1516,-0.5444
0,-0.02577,0.332,-0.277,0.165,-0.0128,0.2104,-0.0848,1.121,-0.187,0.766,-0.7593,-0.6724,-0.12067,-0.1881,0.2725,0.1194,-0.3357,0.10266,0.4033,-0.2175,-0.346,0.9277,0.341,-0.811,0.201,-0.7266,-2.084,-0.2788,-0.3042,0.12146,-0.441,0.2324,-0.2129,0.4854,-0.5757,-0.288,-0.01039,0.7383,0.3386,0.01642,0.222,-0.0429,0.6484,0.725,0.303,0.09094,-0.3389,-0.043,-0.08264,0.08154,0.3477,-0.2025,-0.517,1.085,0.3098,0.07916,-0.1528,0.4717,-0.0951,0.1061,2.98,0.4502,-0.2203,-8.44,-0.3936,0.1906,0.6846,0.0848,-0.0337,0.54,0.5967,-0.2678,7.043,-0.8574,0.7656,0.1327,0.03806,1.155,1.085,0.1569,0.4504,0.2285,0.2014,0.1713,-0.0903,-0.03012,-0.3337,0.2576,-0.04105,-0.10223,-0.05527,-0.615,0.00328,0.1826,-0.275,1.535,-0.05713,-0.507,0.482,-3.012,-0.3418,1.004,0.04114,0.1394,-0.3032,-0.888,-0.4949,-0.00829,0.1034,0.2196,0.1981,0.3643,-0.3428,-0.3323,-0.3508,-0.1448,-0.8105,-0.709,0.2976,-0.2703,0.00622,0.649,-0.077,0.509,0.003513,1.133,-0.3518,0.1691,0.0694,0.2944,-0.2703,0.3037,0.9165,-0.2084,-0.0638,-0.1057,-0.4314,-0.3643,-2.023,-0.1936,-0.1377,0.352,0.3428,0.1954,0.6226,-0.3022,0.04556,-1.733,0.02554,-0.45,0.03995,-0.2362,-0.804,-0.3413,0.3774,0.02191,0.6025,-0.71,0.03348,0.2769,0.1267,-0.3552,-0.4119,-0.373,0.335,-0.02835,-0.7236,-0.07806,-0.4038,-0.2358,-0.4126,0.9717,-0.00496,0.154,0.645,-0.3506,0.0835,-0.229,0.2966,0.1145,-0.1259,-0.4526,0.212,-0.266,-0.3496,2.504,-0.5986,0.2927,-0.1146,-0.0324,-0.2042,-0.556
1,0.1628,-0.1265,-0.203,0.5586,0.1536,0.1992,-0.7446,-0.1307,-0.3235,0.2102,1.048,-0.3672,-0.1549,0.1545,-0.597,0.1401,0.324,0.3232,0.3682,-0.569,-0.3967,-2.047,-0.678,-0.5044,0.9517,1.174,2.281,-0.2798,0.0489,0.2272,0.4578,1.232,-0.2224,0.4736,-0.634,0.04807,0.255,0.649,-0.849,0.02144,0.04672,-0.05994,-0.1892,0.3176,0.4126,0.1106,0.3352,0.4429,0.1362,0.752,0.837,-0.3552,-0.067,0.1747,-0.421,-0.6147,0.1351,0.1396,-1.104,-0.1334,-1.75,0.5146,-0.03363,-7.723,-0.7617,0.9585,0.1846,-0.4314,0.00868,0.4204,-1.382,0.08954,7.223,1.199,0.882,0.381,0.407,-0.0701,1.436,-0.03146,0.1076,-0.41,0.653,-0.2227,0.247,0.1724,-0.3486,-0.04932,0.407,-0.1631,-0.314,-0.1779,0.2874,-1.069,0.2742,-0.4358,0.0808,-0.2705,-0.0804,-1.671,-0.6133,0.5073,-0.0711,-0.573,-0.4607,0.5605,-0.0339,0.1902,-0.2373,0.0362,0.615,0.1881,-0.623,-0.10095,-0.62,-0.07385,-0.38,0.5986,-0.09235,-0.1381,-0.0679,0.5356,-0.7983,0.2355,-0.2847,1.858,-0.4072,0.01906,0.714,0.06305,-0.1761,1.142,-0.3987,-0.5674,-0.03586,0.1346,-0.0585,0.789,0.7104,-0.2443,0.6187,0.282,0.9214,0.1669,0.06256,0.587,0.2993,-1.905,0.1366,0.0633,0.4443,-0.1909,-1.35,-0.3015,0.1774,0.7437,0.4326,-0.03217,-0.2266,-0.0326,-0.0605,-0.5977,0.05862,-0.2886,0.3179,-0.325,0.5586,0.226,0.2002,-0.7305,-0.847,0.3762,0.4224,-0.01656,-1.058,0.1064,-0.1865,0.4338,0.646,0.2578,0.689,0.1814,-0.2001,0.636,0.275,-3.445,-0.836,0.1788,-0.2404,-0.801,-0.12134,-0.6167
1,0.2366,0.04285,-0.3633,0.5566,0.10504,0.1181,-0.651,-0.06158,-0.2656,0.197,1.067,-0.4858,0.03934,0.2842,-0.57,0.247,0.2349,0.4014,0.4536,-0.7,-0.534,-2.168,-0.4023,-0.5337,1.127,1.217,2.734,-0.2156,0.231,0.2335,0.4905,1.119,-0.2673,0.5693,-0.772,0.10297,0.3657,0.67,-0.763,0.05707,0.04343,0.06207,-0.4634,0.3018,0.3682,-0.1178,0.5103,0.6997,0.2764,0.931,0.883,-0.696,-0.1697,0.5225,-0.3535,-0.692,0.11194,0.386,-1.239,-0.1521,-1.991,0.4893,-0.09827,-7.445,-0.8813,1.073,0.389,-0.4421,-0.02618,0.5776,-1.357,0.02907,6.85,1.283,1.009,0.2062,0.6216,-0.1638,1.39,0.1247,0.3706,-0.4856,0.5815,-0.537,0.325,0.078,-0.2583,-0.264,0.59,-0.01514,-0.2123,-0.1074,0.403,-1.026,0.3074,-0.321,0.1505,-0.4634,-0.1846,-1.526,-0.59,0.683,-0.006107,-0.489,-0.5737,0.4915,-0.1971,0.3813,-0.14,0.04092,0.367,-0.0819,-0.7354,-0.05383,-0.6553,0.106,-0.366,0.449,0.01645,-0.289,0.06,0.658,-0.761,0.226,-0.2449,1.759,-0.4614,0.05026,0.645,-0.2391,-0.198,1.35,-0.4885,-0.748,-0.0902,0.03986,-0.01855,0.6255,0.5796,-0.2786,0.602,0.2289,1.064,0.2289,0.3042,0.495,0.2484,-1.841,0.2252,0.04947,0.1473,-0.2607,-1.181,-0.4736,0.1562,0.755,0.629,-0.3252,-0.1813,0.1678,-0.2544,-0.817,0.05334,-0.2932,0.3445,-0.4094,0.6255,0.1974,0.2834,-0.6284,-1.226,0.1656,0.2827,-0.03818,-1.063,-0.03058,-0.2094,0.4553,0.716,0.1998,0.7373,0.2369,-0.04846,0.436,0.1715,-3.453,-0.917,0.319,-0.2808,-1.079,-0.2273,-0.513
0,-0.1615,0.3606,-0.2922,0.1627,0.06223,0.392,0.14,1.076,-0.01947,0.807,-0.757,-0.779,-0.05066,-0.251,0.2437,0.1666,-0.291,0.113,0.4458,-0.3396,-0.4138,1.082,0.4187,-0.819,0.2288,-0.718,-2.059,-0.1979,-0.1982,0.0856,-0.4236,0.2432,-0.2164,0.553,-0.458,-0.3655,-0.05298,0.756,0.37,0.04596,0.2145,0.02148,0.529,0.7583,0.2212,0.1898,-0.3618,-0.02689,-0.00422,0.1494,0.3083,-0.2869,-0.4646,1.207,0.3064,0.1632,-0.1844,0.4617,-0.06094,0.138,2.992,0.4065,-0.3186,-8.336,-0.3594,0.157,0.7188,0.06274,-0.1367,0.6313,0.6226,-0.254,6.93,-0.8843,0.808,0.2527,-0.1239,1.059,1.007,0.1891,0.5845,0.1533,0.2366,0.1516,-0.1693,-0.0859,-0.3694,0.2617,-0.03314,-0.04935,0.1052,-0.534,0.01747,-0.0598,-0.2727,1.555,-0.01785,-0.46,0.5933,-3.092,-0.4958,1.111,0.0912,0.2467,-0.426,-0.8813,-0.383,-0.0147,0.1142,0.129,0.1191,0.2805,-0.4827,-0.3472,-0.447,-0.12384,-0.781,-0.719,0.3804,-0.4155,0.1412,0.69,-0.1139,0.349,0.02007,1.282,-0.2817,0.02751,0.07806,0.1268,-0.312,0.2448,0.94,-0.3052,-0.1522,-0.202,-0.553,-0.273,-2.076,-0.214,-0.1702,0.3882,0.2969,0.305,0.8066,-0.2783,0.0765,-1.742,-0.1758,-0.521,-0.0566,-0.1814,-0.907,-0.246,0.4153,0.1594,0.7563,-0.901,0.03836,0.463,0.1799,-0.5054,-0.2654,-0.2852,0.3467,-0.06464,-0.6147,-0.02586,-0.3,-0.3994,-0.4617,0.773,-0.0912,0.0871,0.6147,-0.2673,0.0802,-0.3706,0.3442,0.2014,-0.11896,-0.4185,0.1605,-0.1644,-0.4568,2.41,-0.7007,0.2803,-0.0637,-0.1409,-0.1156,-0.651
1,0.09503,0.0385,-0.336,0.5913,0.1649,0.2059,-0.624,-0.1868,-0.2069,0.2324,1.109,-0.5693,-0.0439,0.427,-0.6255,0.2023,0.3018,0.3271,0.4963,-0.688,-0.4792,-2.166,-0.5186,-0.3682,1.172,1.139,2.646,-0.2502,0.0638,0.2812,0.4114,1.279,-0.3213,0.6387,-0.7656,-0.03186,0.511,0.824,-0.9004,0.0669,-0.01622,0.1133,-0.2805,0.2563,0.5957,-0.02715,0.2678,0.589,0.1696,0.831,0.9795,-0.4731,-0.0668,0.2808,-0.4873,-0.665,-0.002346,0.3257,-1.359,-0.0659,-1.904,0.5186,0.03796,-7.4,-0.9785,0.985,0.3176,-0.5225,-0.02403,0.548,-1.316,0.0628,6.66,1.196,0.942,0.2234,0.6245,-0.1926,1.444,0.10706,0.3833,-0.357,0.6484,-0.53,0.1902,0.0987,-0.3374,-0.318,0.684,-0.182,-0.3904,-0.0477,0.4124,-1.149,0.3564,-0.3936,0.07104,-0.493,-0.1298,-1.603,-0.6055,0.6924,-0.01418,-0.7827,-0.5005,0.59,0.06024,0.405,-0.1099,0.09155,0.541,0.11774,-0.489,-0.219,-0.7305,-0.07263,-0.4998,0.509,-0.05133,-0.1993,0.05014,0.654,-0.6562,0.1437,-0.4192,1.951,-0.5103,0.09515,0.688,-0.01346,-0.2812,1.186,-0.4285,-0.83,-0.2098,0.085,0.02063,0.7124,0.5977,-0.2483,0.555,0.2659,1.059,0.228,0.2788,0.598,0.4084,-2.08,0.1508,0.1698,0.299,-0.1969,-1.291,-0.535,0.2302,0.84,0.653,-0.1493,-0.0992,0.06903,-0.1146,-0.839,0.1284,-0.3967,0.3838,-0.3342,0.7515,0.1805,0.1261,-0.719,-1.09,0.3057,0.4368,-0.05557,-0.992,0.0807,-0.03452,0.3745,0.842,0.1647,0.6562,0.2444,-0.277,0.383,0.0649,-3.492,-0.864,0.1643,-0.3171,-1.107,-0.1536,-0.6177
1,0.1992,0.1274,-0.3606,0.516,0.12415,0.08154,-0.6025,-0.1658,-0.1768,0.2129,1.128,-0.5527,0.07947,0.385,-0.5264,0.2874,0.2922,0.3674,0.563,-0.7056,-0.52,-2.254,-0.4104,-0.4065,1.113,1.135,2.785,-0.2483,0.2852,0.2463,0.3394,1.0625,-0.3318,0.6226,-0.685,-0.04813,0.5303,0.766,-0.853,-0.01703,0.02731,0.1142,-0.3782,0.2566,0.5493,-0.1537,0.3757,0.6357,0.2202,0.9214,1.029,-0.6777,-0.131,0.3787,-0.3247,-0.6797,0.01927,0.4778,-1.377,-0.07275,-2.04,0.4658,-0.1011,-7.312,-1.003,1.04,0.3594,-0.5176,-0.0774,0.5835,-1.297,-0.04843,6.707,1.254,0.9053,0.2195,0.6646,-0.2438,1.44,0.2108,0.4624,-0.293,0.592,-0.5254,0.2316,-0.0307,-0.277,-0.3088,0.677,-0.05917,-0.296,-0.10986,0.334,-1.099,0.4521,-0.3513,0.1284,-0.5767,-0.2664,-1.503,-0.546,0.7363,0.01674,-0.772,-0.582,0.506,-0.1057,0.4246,-0.0727,0.02092,0.2961,-0.07025,-0.692,-0.1267,-0.649,0.10706,-0.4558,0.4062,0.0004764,-0.21,0.03915,0.7676,-0.7285,0.04858,-0.2732,1.923,-0.4456,0.1383,0.629,-0.1914,-0.2446,1.297,-0.4875,-0.93,-0.08124,0.06885,0.1595,0.6895,0.575,-0.1906,0.5005,0.275,1.015,0.2734,0.2429,0.4915,0.2944,-2.105,0.2043,0.12213,0.1677,-0.21,-1.226,-0.619,0.1987,0.7153,0.6606,-0.3123,-0.094,0.0977,-0.2106,-0.8306,0.1394,-0.372,0.464,-0.308,0.714,0.1366,0.2864,-0.6514,-1.153,0.2052,0.347,-0.02763,-0.903,0.10657,-0.1277,0.428,0.801,0.1655,0.728,0.255,-0.0978,0.4846,0.00581,-3.475,-0.846,0.244,-0.3357,-1.132,-0.1692,-0.5474
0,0.148,0.204,-0.2104,0.2559,0.04572,0.002293,-0.2238,1.329,-0.285,0.7734,-0.662,-0.5576,-0.2903,-0.11975,0.2096,0.011566,-0.4229,0.06155,0.3438,-0.2803,-0.2108,0.8374,0.05212,-1.025,0.0955,-0.593,-2.09,-0.1667,-0.197,0.1902,-0.1825,0.3281,-0.3726,0.4172,-0.4834,-0.2593,0.02434,0.6724,0.219,-0.3232,0.09973,-0.07764,0.47,0.77,0.3486,-0.01388,-0.4292,-0.0492,-0.1654,0.02234,0.3145,-0.00204,-0.4568,1.123,0.3135,0.0855,-0.2263,0.4514,0.02144,0.1503,2.94,0.3867,-0.2463,-8.67,-0.3557,0.1595,0.6235,0.134,-0.1296,0.4219,0.467,-0.3835,7.324,-0.641,0.639,0.2261,0.1558,1.221,1.2,0.02225,0.2544,0.1757,0.1942,0.3025,0.07574,-0.04987,-0.2185,0.1715,-0.187,-0.2355,-0.1472,-0.77,-0.09155,0.282,-0.2238,1.384,-0.00929,-0.4897,0.4993,-2.74,-0.362,0.897,0.0431,0.154,-0.3545,-0.7485,-0.491,-0.02708,0.0827,0.1942,0.3142,0.4543,-0.2346,-0.2917,-0.4675,0.03668,-0.864,-0.4985,0.3208,-0.2294,0.04684,0.621,-0.1995,0.351,-0.03604,0.962,-0.4148,0.2542,0.1508,0.1968,-0.1887,0.392,0.863,-0.1926,-0.1621,0.1123,-0.247,-0.4084,-1.649,-0.104,0.05832,0.4204,0.1959,0.1498,0.388,-0.194,0.04654,-1.507,0.1561,-0.452,0.10205,-0.1355,-0.799,-0.427,0.4556,0.1064,0.4998,-0.4438,-0.10834,0.0993,0.32,-0.2421,-0.3225,-0.3289,0.264,-0.0478,-0.833,-0.2537,-0.5537,-0.12335,-0.2668,0.9185,0.045,0.1072,0.445,-0.398,-0.0696,0.06976,0.11383,0.12274,-0.03992,-0.323,-0.02975,-0.1304,-0.1345,2.363,-0.662,0.0997,-0.1819,0.04236,-0.2229,-0.3171
0,0.1174,0.2198,-0.268,0.2355,-0.01627,0.0564,-0.1727,1.352,-0.2244,0.7637,-0.723,-0.5996,-0.2472,-0.11566,0.2318,0.03778,-0.4019,0.11444,0.3315,-0.198,-0.2703,0.9307,0.17,-1.025,0.1553,-0.656,-2.174,-0.2306,-0.253,0.1798,-0.2651,0.321,-0.342,0.4387,-0.5547,-0.3228,-0.01955,0.6577,0.326,-0.2296,0.1632,-0.0901,0.4998,0.779,0.3132,-0.06033,-0.3604,-0.01817,-0.10846,0.09076,0.3271,-0.1036,-0.4543,1.12,0.3115,0.08356,-0.1775,0.4312,-0.06024,0.1081,3.012,0.4263,-0.1708,-8.54,-0.3503,0.1945,0.628,0.1456,-0.07355,0.444,0.5,-0.3252,7.188,-0.6836,0.671,0.2463,0.1571,1.211,1.208,0.0899,0.2869,0.1665,0.2272,0.2734,0.03577,-0.1047,-0.2369,0.2343,-0.1504,-0.1774,-0.1495,-0.7285,-0.02856,0.2788,-0.2219,1.481,-0.042,-0.4834,0.4407,-2.834,-0.3306,0.969,0.03053,0.1605,-0.3853,-0.8228,-0.5537,-0.0155,0.07416,0.1708,0.2734,0.4,-0.28,-0.3147,-0.442,-0.04324,-0.8604,-0.6206,0.3145,-0.2212,0.0628,0.656,-0.1897,0.453,-0.0393,1.009,-0.428,0.289,0.108,0.2365,-0.2086,0.3967,0.912,-0.1655,-0.1371,0.0974,-0.3257,-0.3735,-1.749,-0.1547,0.02841,0.437,0.2152,0.10315,0.4556,-0.2244,0.00562,-1.586,0.1355,-0.4805,0.08984,-0.1633,-0.7485,-0.3882,0.4844,0.0842,0.5215,-0.515,-0.05923,0.1442,0.1945,-0.3066,-0.404,-0.282,0.2605,-0.0682,-0.8354,-0.1643,-0.526,-0.1553,-0.3728,0.972,-0.01686,0.11163,0.4153,-0.4111,0.02972,0.04578,0.1816,0.09204,-0.04922,-0.3733,0.0754,-0.2086,-0.2135,2.469,-0.631,0.1365,-0.1814,0.04785,-0.282,-0.4094
0,0.1552,0.2345,-0.1665,0.2097,0.0843,-0.0652,-0.2108,1.278,-0.301,0.781,-0.6885,-0.522,-0.281,-0.0972,0.2484,0.02454,-0.3389,-0.004375,0.3926,-0.2803,-0.2068,0.7573,0.1003,-1.101,0.1796,-0.6167,-2.092,-0.1986,-0.244,0.1615,-0.2379,0.2905,-0.3772,0.4385,-0.5244,-0.3071,0.013885,0.8057,0.1897,-0.216,0.1154,-0.06082,0.4539,0.746,0.4102,-0.00841,-0.4155,-0.0702,-0.223,0.01141,0.3733,-0.04196,-0.4578,1.077,0.3171,0.07294,-0.131,0.394,0.01342,0.1746,2.938,0.4167,-0.1759,-8.68,-0.4055,0.1417,0.6226,0.1482,-0.1298,0.3987,0.489,-0.3962,7.23,-0.741,0.6997,0.2252,0.121,1.231,1.302,0.01758,0.2893,0.1946,0.1969,0.266,0.06055,0.03023,-0.2512,0.139,-0.10614,-0.227,-0.1582,-0.689,-0.1637,0.283,-0.2546,1.392,0.0478,-0.4834,0.4797,-2.807,-0.345,0.817,0.02202,0.1305,-0.2642,-0.77,-0.4773,-0.01582,0.1837,0.2803,0.3032,0.4824,-0.1875,-0.3303,-0.416,-0.004272,-0.814,-0.6006,0.307,-0.1875,-0.0712,0.568,-0.1454,0.3755,-0.04636,0.9478,-0.4285,0.2255,0.1477,0.2754,-0.2184,0.3796,0.872,-0.1781,-0.1395,0.0647,-0.3362,-0.4077,-1.74,-0.1332,0.02086,0.3716,0.2756,0.1731,0.3667,-0.2317,0.089,-1.49,0.1202,-0.4775,0.05792,-0.2,-0.768,-0.411,0.2576,-0.06104,0.516,-0.4563,-0.049,0.1316,0.2788,-0.2428,-0.3464,-0.3481,0.3079,0.005817,-0.801,-0.2169,-0.5737,-0.08014,-0.3154,0.8706,0.01949,0.1982,0.5815,-0.3435,-0.002407,0.002337,0.1736,0.06537,-0.0649,-0.3857,-0.0242,-0.1469,-0.1051,2.455,-0.5996,0.1564,-0.07556,0.0419,-0.1626,-0.3923
1,0.4019,-0.0958,-0.2297,0.4888,0.1405,0.0897,-0.587,-0.006966,-0.3533,0.127,1.052,-0.4749,-0.02065,0.12305,-0.5464,0.2288,0.2717,0.3362,0.3096,-0.61,-0.48,-2.135,-0.409,-0.517,1.057,1.26,2.553,-0.2377,0.172,0.1888,0.4565,1.065,-0.1897,0.4775,-0.823,0.1409,0.2568,0.5444,-0.7466,0.007492,0.0277,-0.011154,-0.4443,0.3457,0.3171,-0.09174,0.6255,0.5513,0.2406,0.909,0.898,-0.6113,-0.2917,0.4294,-0.3389,-0.74,0.1462,0.2634,-1.181,-0.1835,-1.984,0.502,-0.06946,-7.53,-0.792,1.037,0.3325,-0.4336,0.008026,0.4333,-1.406,0.05377,7.086,1.239,1.04,0.2874,0.6587,-0.1159,1.409,0.01819,0.2546,-0.5293,0.4482,-0.484,0.382,0.1716,-0.271,-0.1335,0.5454,0.07697,-0.2993,-0.1138,0.2964,-1.003,0.2174,-0.2998,0.12195,-0.3545,-0.1405,-1.474,-0.5195,0.608,-0.06287,-0.5605,-0.5586,0.453,-0.2329,0.417,-0.1278,0.01168,0.3787,-0.09235,-0.937,0.09753,-0.535,0.0333,-0.3003,0.4297,0.0526,-0.2556,0.01471,0.6177,-0.936,0.3044,-0.1414,1.806,-0.5103,0.03287,0.713,-0.1797,-0.2173,1.322,-0.4392,-0.627,0.03323,0.0551,-0.10706,0.7036,0.625,-0.2246,0.4692,0.2869,0.9717,0.2698,0.2173,0.5576,0.1305,-1.751,0.259,0.05655,0.2094,-0.285,-1.114,-0.4502,0.1395,0.7275,0.493,-0.2252,-0.2761,0.1719,-0.205,-0.761,0.0642,-0.2269,0.3696,-0.358,0.5728,0.2703,0.3364,-0.6704,-1.213,0.1566,0.2607,0.02878,-1.011,-0.02663,-0.267,0.594,0.609,0.1991,0.762,0.2208,-0.03061,0.4758,0.2595,-3.498,-0.7896,0.2927,-0.1906,-0.9067,-0.2207,-0.4333
1,0.4946,-0.2288,-0.132,0.3167,0.1519,-0.1859,-0.581,0.05194,-0.3608,0.1649,0.9946,-0.3481,-0.11115,0.1534,-0.4336,0.0774,0.2267,0.3467,0.3071,-0.5737,-0.478,-2.566,-0.3816,-0.9053,1.049,1.31,2.504,-0.0795,0.342,0.2676,0.4868,1.119,-0.1339,0.3875,-0.9883,0.0393,0.4114,0.7505,-0.7954,-0.11945,-0.068,-0.1617,-0.4946,0.42,0.4856,-0.09436,0.4487,0.565,0.2263,0.9053,1.04,-0.619,-0.1888,0.323,-0.1763,-0.7173,0.0497,0.3909,-1.202,-0.2101,-2.12,0.3423,0.0401,-7.51,-0.7505,0.9883,0.4185,-0.546,0.04718,0.3486,-1.323,-0.1059,6.996,1.269,0.8857,0.3079,0.746,-0.0008817,1.741,0.06323,0.2253,-0.4321,0.427,-0.479,0.4941,0.204,-0.1982,-0.1288,0.662,0.03256,-0.3496,-0.1375,0.0613,-0.8564,0.385,-0.4285,0.1653,-0.54,-0.1794,-1.34,-0.471,0.349,-0.166,-0.658,-0.3884,0.4553,-0.2705,0.3694,-0.06107,0.006107,0.3167,0.0904,-0.67,0.2009,-0.5366,0.0446,-0.2627,0.347,-0.07367,-0.05655,-0.1808,0.672,-0.71,0.3188,-0.2368,1.494,-0.563,0.0808,0.6562,-0.1236,-0.0806,1.46,-0.4429,-0.604,0.0226,0.1721,0.036,0.561,0.6914,-0.3967,0.555,0.4202,0.687,0.2861,0.05234,0.534,0.1748,-1.884,0.3215,0.07135,0.2488,-0.2169,-0.9634,-0.425,0.0751,0.5874,0.5884,-0.1738,-0.1401,0.1562,-0.04126,-0.6245,-0.03001,-0.3103,0.2854,-0.2747,0.313,0.189,0.1495,-0.4673,-1.249,0.2866,0.2197,0.11694,-0.8696,-0.0964,-0.1857,0.7783,0.6475,0.1525,0.7554,0.1663,-0.00919,0.4644,0.2852,-3.59,-0.92,0.2195,-0.2764,-0.753,-0.2627,-0.3083
0,0.1121,0.3,-0.1675,0.1503,0.11066,-0.0768,-0.365,1.354,-0.2917,0.857,-0.667,-0.4565,-0.315,-0.2144,0.1803,0.0508,-0.3132,0.02087,0.553,-0.2595,-0.3052,0.88,0.02171,-1.034,0.1432,-0.5454,-2.262,-0.1075,-0.1677,0.108,-0.1499,0.2798,-0.1488,0.4392,-0.4531,-0.2734,0.1332,0.7007,0.3955,-0.2727,0.2399,-0.1032,0.4658,0.78,0.3462,0.03372,-0.3262,-0.2086,-0.191,0.02722,0.416,-0.02574,-0.3967,1.117,0.4187,0.1064,-0.1901,0.4897,-0.005344,0.1973,2.967,0.302,-0.3403,-8.61,-0.473,0.2227,0.465,0.251,-0.16,0.4753,0.323,-0.4805,7.207,-0.7837,0.7163,0.2964,0.0367,1.193,1.209,-0.00236,0.1569,0.1969,0.1486,0.3916,0.0324,-0.0507,-0.2566,0.05634,-0.3792,-0.344,0.03111,-0.744,-0.0859,0.1798,-0.1769,1.325,0.1517,-0.5166,0.457,-2.861,-0.2764,1.038,0.09314,0.298,-0.4797,-0.7646,-0.599,-0.1344,0.0849,0.2632,0.2214,0.4167,-0.254,-0.3345,-0.4233,-0.04172,-0.8076,-0.5664,0.275,-0.328,-0.1153,0.6836,-0.2,0.2969,0.01614,0.915,-0.332,0.292,-0.00276,0.02962,-0.2108,0.4048,0.9165,-0.2178,0.0785,0.0458,-0.3604,-0.2617,-1.646,-0.005283,0.1989,0.3503,0.201,0.1528,0.1854,-0.302,-0.0566,-1.55,0.12054,-0.3572,0.0594,-0.1777,-0.712,-0.513,0.3635,-0.08527,0.5107,-0.4902,-0.229,0.0458,0.211,-0.1037,-0.3455,-0.2406,0.4307,0.07336,-0.673,-0.3315,-0.4114,-0.1714,-0.3396,0.734,-0.0969,0.1442,0.4412,-0.1039,0.1829,-0.03204,0.1765,0.0358,-0.03053,-0.3374,-0.0606,0.1288,-0.2725,2.521,-0.665,0.317,-0.05396,0.0881,-0.2216,-0.3813
1,0.1431,0.2659,-0.1586,0.4128,0.03525,-0.00988,-0.7925,-0.3093,-0.2507,0.1998,1.1455,-0.3616,-0.10864,0.4722,-0.5327,0.04468,0.3442,0.4666,0.581,-0.777,-0.453,-2.406,-0.251,-0.5005,1.17,0.9834,2.65,-0.2869,0.02658,0.2825,0.3281,0.9663,-0.0966,0.3276,-0.869,-0.1726,0.706,0.9844,-1.233,-0.0296,-0.09955,0.0563,0.0164,0.0801,0.613,-0.03186,0.2002,0.4688,0.02397,0.761,1.06,-0.5356,-0.0928,0.0815,-0.3086,-0.4954,-0.04422,0.4011,-1.217,-0.0004776,-2.135,0.2664,-0.02226,-7.508,-0.7607,0.862,0.4458,-0.5894,-0.01353,0.4795,-1.016,0.02258,6.895,1.09,0.824,0.0725,0.659,-0.1759,1.716,0.1462,0.3865,-0.12195,0.5024,-0.3203,0.03836,0.1957,-0.2573,-0.3425,0.579,-0.1011,-0.4783,-0.3396,0.0716,-0.961,0.4067,-0.386,0.05975,-0.5825,-0.1372,-1.486,-0.5596,0.4128,0.08453,-0.8667,-0.4346,0.6357,-0.01715,0.4463,-0.2455,-0.00799,0.4517,0.1603,-0.468,-0.1362,-0.6875,0.2295,-0.299,0.5874,-0.1229,-0.08374,-0.1665,0.7344,-0.5513,-0.08124,-0.46,1.702,-0.2917,0.000747,0.554,0.1445,-0.277,1.512,-0.652,-0.5977,0.032,0.0653,0.2202,0.5728,0.4521,-0.1675,0.4475,0.2622,1.01,0.1622,0.2389,0.455,0.4722,-2.037,0.0652,0.2834,0.259,-0.1284,-1.3125,-0.3845,-0.00863,0.6445,0.813,-0.258,0.1097,0.06104,-0.02248,-0.6797,0.2502,-0.596,0.1952,-0.192,0.676,0.08295,0.06573,-0.5747,-0.97,0.2426,0.2925,-0.03888,-0.6025,0.1976,-0.1145,0.02641,0.9688,0.279,0.7583,0.2369,-0.0501,0.5933,0.1282,-3.398,-0.76,0.10565,-0.3225,-1.151,0.08673,-0.5483
0,0.1583,0.3818,0.05115,0.527,0.1549,-0.2194,-0.4988,1.376,-0.3828,0.833,-0.6064,-0.3762,-0.3813,-0.2273,0.1835,0.02489,-0.2098,-0.05566,0.4531,-0.254,-0.0921,0.677,-0.08453,-1.03,0.125,-0.538,-2.006,-0.02863,-0.2112,-0.03946,-0.1536,0.302,-0.3184,0.385,-0.4907,-0.1274,0.118,0.652,0.09534,-0.2283,0.1293,-0.04233,0.405,0.6133,0.4434,0.0716,-0.2673,-0.2151,-0.1476,-0.0987,0.4026,0.2057,-0.3171,0.9937,0.1962,-0.1191,-0.2288,0.3281,0.08716,0.1726,2.594,0.2274,-0.2445,-8.914,-0.3782,0.0782,0.2854,0.4001,-0.2472,0.409,0.374,-0.4404,7.773,-0.6245,0.4814,0.1864,0.1636,1.051,1.166,-0.1292,0.02846,0.02675,0.10785,0.3145,0.062,0.08124,-0.2002,0.01743,-0.4104,-0.4624,-0.05124,-0.715,0.0289,0.1382,-0.0941,1.033,0.1453,-0.433,0.3394,-2.56,-0.1442,0.6987,0.02145,0.1927,-0.4094,-0.731,-0.4421,-0.2157,0.1039,0.2805,0.314,0.507,-0.1619,-0.227,-0.368,0.1808,-0.694,-0.2563,0.1146,-0.2666,-0.2074,0.4976,-0.07996,0.3857,0.01819,0.9014,-0.3306,0.1661,0.0716,0.06976,-0.00557,0.3735,0.695,-0.172,0.0895,0.0333,-0.03772,-0.2593,-1.323,0.02818,0.1714,0.227,0.278,0.02582,-0.01747,-0.18,-0.05444,-1.398,0.2349,-0.3398,0.1326,-0.12286,-0.7607,-0.4507,0.11523,0.02826,0.2883,-0.2502,-0.323,-0.06525,0.2288,0.1523,-0.2024,-0.297,0.4302,0.11914,-0.6523,-0.3467,-0.4165,-0.2477,-0.1506,0.686,-0.1708,0.2012,0.4402,-0.0397,-0.0148,0.00685,0.009254,0.06006,-0.0295,-0.302,-0.2288,0.3074,-0.259,2.254,-0.669,0.249,0.1417,0.086,-0.1852,-0.2676
1,0.1138,0.1504,-0.1932,0.522,0.0727,0.1084,-0.749,-0.2559,-0.2908,0.2861,1.2705,-0.3384,0.0447,0.2566,-0.6265,0.04587,0.2898,0.3865,0.4773,-0.6875,-0.4739,-2.195,-0.5063,-0.489,1.058,0.9463,2.473,-0.3809,-0.2084,0.1581,0.3262,1.131,-0.10925,0.3022,-0.945,-0.1895,0.5435,0.8125,-1.068,0.006935,0.007042,-0.001205,-0.1268,0.1318,0.5293,-0.05493,0.4014,0.4048,-0.01576,0.799,0.906,-0.348,-0.07825,0.1929,-0.3682,-0.4294,0.1685,0.2244,-1.276,-0.1024,-1.864,0.3503,0.06134,-7.77,-0.7153,0.9414,0.3938,-0.3386,0.1418,0.5576,-1.013,0.1471,7.074,1.097,0.909,0.2227,0.5083,-0.1936,1.558,0.11755,0.236,-0.2241,0.5957,-0.3335,0.08704,0.1431,-0.349,-0.224,0.689,-0.02371,-0.503,-0.1462,0.3008,-0.923,0.3079,-0.2203,-0.02716,-0.4045,-0.264,-1.538,-0.4854,0.3408,0.1664,-0.685,-0.477,0.532,-0.1436,0.2496,-0.1985,-0.003096,0.524,-0.000996,-0.5586,-0.12036,-0.57,0.0869,-0.4126,0.453,0.01422,-0.1754,0.00998,0.5215,-0.8076,0.08923,-0.3582,1.813,-0.346,0.0931,0.583,0.0339,-0.2815,1.371,-0.5195,-0.5386,-0.05698,0.0208,0.0248,0.565,0.451,-0.1116,0.523,0.24,1.062,0.1654,0.2307,0.4458,0.4312,-1.773,0.06415,0.1365,0.345,-0.08,-1.445,-0.3403,-0.05527,0.669,0.7485,-0.1238,0.01862,0.0892,-0.192,-0.61,0.4312,-0.4568,0.313,-0.3916,0.672,0.074,0.1443,-0.553,-1.005,0.1871,0.3442,0.02574,-0.827,0.0973,-0.2378,0.2969,0.8413,0.2983,0.7993,0.2397,-0.2363,0.509,0.0934,-3.344,-0.7217,0.05127,-0.1562,-1.062,0.03235,-0.505
0,-0.02458,0.4138,-0.2168,0.2117,-0.004147,0.0684,-0.1203,1.372,-0.0974,0.804,-0.753,-0.597,-0.1616,-0.1653,0.1053,0.02856,-0.2583,0.1652,0.4636,-0.2354,-0.4395,1.007,0.297,-1.042,0.282,-0.814,-2.365,-0.2751,-0.271,0.07623,-0.4465,0.259,-0.02501,0.4158,-0.5093,-0.4722,-0.0389,0.6465,0.4905,0.0696,0.3206,-0.1021,0.545,0.612,0.1925,-0.1066,-0.2512,-0.12195,-0.07166,0.1448,0.3975,-0.2673,-0.2634,1.155,0.325,-0.01492,-0.0316,0.2983,-0.1377,0.1268,3.082,0.2478,-0.04636,-8.41,-0.3916,0.2397,0.5283,0.2551,-0.00701,0.5664,0.5737,-0.2634,7.066,-0.8623,0.8345,0.316,0.04578,1.114,1.183,0.06433,0.265,0.1278,0.263,0.1587,-0.1149,-0.138,-0.414,0.244,-0.2544,-0.22,-0.01799,-0.6514,0.09265,0.2292,-0.243,1.55,0.1104,-0.4136,0.264,-2.982,-0.0661,1.056,0.002674,0.2905,-0.4722,-0.9185,-0.643,0.01182,0.02052,0.1987,0.1437,0.3096,-0.323,-0.3567,-0.4114,-0.2194,-0.7915,-0.751,0.2542,-0.2803,-0.0892,0.599,-0.1371,0.531,-0.01086,1.006,-0.4248,0.3752,-0.03568,0.2423,-0.2168,0.479,1.001,-0.1738,0.108,-0.01768,-0.5024,-0.3284,-1.788,-0.1478,0.12,0.3247,0.4365,0.02481,0.464,-0.3896,-0.04092,-1.649,0.01889,-0.3823,-0.01492,-0.1554,-0.659,-0.2372,0.3098,-0.03717,0.5684,-0.6562,-0.0847,0.253,0.02214,-0.2216,-0.4575,-0.104,0.3286,-0.1333,-0.5933,-0.04562,-0.427,-0.3354,-0.5156,0.6685,-0.2299,0.221,0.4475,-0.167,0.2803,-0.1321,0.204,0.00564,0.00406,-0.288,0.2155,-0.01477,-0.4187,2.549,-0.5645,0.2035,-0.000786,0.01365,-0.2444,-0.5957
1,0.2678,0.1836,-0.212,0.408,0.0709,-0.01313,-0.6914,-0.2386,-0.208,0.2104,1.25,-0.3943,0.10614,0.2041,-0.598,0.12256,0.2268,0.3755,0.4915,-0.7217,-0.498,-2.273,-0.317,-0.5117,1.056,1.034,2.543,-0.3247,0.06183,0.1929,0.3328,0.9526,-0.04874,0.2998,-0.859,-0.1771,0.5034,0.853,-0.99,-0.1427,0.04813,0.0238,-0.2837,0.2145,0.414,-0.0922,0.414,0.4863,0.0943,0.913,0.9585,-0.591,-0.2228,0.369,-0.2744,-0.3984,0.07605,0.3906,-1.236,-0.1377,-2.004,0.3726,-0.1455,-7.688,-0.7295,0.9766,0.4253,-0.367,0.1646,0.491,-1.1875,0.067,7.023,1.204,0.9595,0.1637,0.6177,-0.11957,1.573,0.2107,0.3647,-0.1709,0.392,-0.335,0.12317,0.0935,-0.2236,-0.3025,0.701,0.0809,-0.4463,-0.2844,0.1785,-0.9023,0.284,-0.2095,0.07605,-0.4402,-0.2439,-1.552,-0.4604,0.4683,0.1821,-0.6807,-0.447,0.5034,-0.1421,0.342,-0.132,0.01166,0.2705,-0.1216,-0.6724,-0.07513,-0.5737,0.1854,-0.2903,0.4348,0.09436,-0.2443,0.02872,0.5596,-0.834,-0.01237,-0.23,1.599,-0.369,0.0499,0.5957,-0.15,-0.3262,1.405,-0.4475,-0.631,-0.08905,0.04904,0.05853,0.4724,0.553,-0.0897,0.525,0.3145,1.007,0.3984,0.3098,0.3813,0.3306,-1.723,0.1306,0.08777,0.187,-0.1709,-1.32,-0.4453,0.02264,0.5854,0.767,-0.2012,0.04617,0.1844,-0.1777,-0.716,0.3706,-0.385,0.3672,-0.3271,0.544,0.01208,0.1619,-0.583,-1.121,-0.003124,0.363,0.007328,-0.7725,0.003674,-0.1942,0.426,0.847,0.27,0.8525,0.2537,-0.1785,0.48,0.2277,-3.479,-0.7793,0.1656,-0.248,-1.129,0.01678,-0.4207
1,0.3706,-0.1421,-0.2072,0.2263,0.0986,-0.1328,-0.7725,-0.10284,-0.4055,0.2874,0.949,-0.2192,-0.1327,-0.03806,-0.3384,-0.03537,0.1635,0.29,0.1809,-0.505,-0.3914,-2.498,-0.45,-0.5435,0.822,1.246,2.006,-0.0944,0.1469,0.11786,0.3108,0.984,0.05743,0.1528,-0.8203,0.1608,0.2092,0.585,-0.5815,-0.10315,-0.0894,-0.28,-0.4807,0.298,0.276,0.06067,0.5903,0.4233,0.1777,0.7314,0.9,-0.3445,-0.3066,0.276,-0.09326,-0.646,0.10144,0.1628,-1.129,-0.2878,-1.758,0.3293,0.10645,-8.08,-0.4717,0.8804,0.2527,-0.3882,0.1583,0.3435,-1.371,0.03934,7.625,1.107,0.909,0.2515,0.71,0.1978,1.392,0.05792,0.0553,-0.4666,0.3801,-0.1406,0.3623,0.1627,-0.1079,-0.04282,0.618,0.10034,-0.3726,-0.1436,0.02806,-0.6675,0.3188,-0.2798,0.2869,-0.2433,-0.2007,-1.652,-0.2505,0.3423,0.00524,-0.3342,-0.2141,0.4937,-0.2477,0.0747,-0.2477,0.04715,0.3357,0.10156,-0.7314,0.1859,-0.3691,-0.003263,-0.02122,0.509,-0.05203,-0.2047,-0.0596,0.4238,-0.7734,0.301,-0.00966,1.215,-0.3262,0.04745,0.526,0.04898,-0.08203,1.5205,-0.3804,-0.3962,0.03017,0.0648,-0.05234,0.472,0.7446,-0.1772,0.776,0.1934,0.692,0.1792,0.042,0.4187,-0.0967,-1.774,0.3103,0.05212,0.2157,-0.3533,-0.8506,-0.3218,-0.1631,0.3794,0.4534,-0.01399,-0.176,-0.0002296,-0.1849,-0.3186,0.0923,-0.288,0.2769,-0.39,0.3098,0.03986,0.1156,-0.585,-1.066,0.1774,0.1646,0.06964,-0.808,-0.05908,-0.177,0.727,0.5127,0.2175,0.74,0.2786,0.05472,0.5283,0.3635,-3.244,-0.655,0.1438,0.002642,-0.5645,-0.1326,-0.3425
0,-0.1466,0.4492,-0.3203,0.217,0.02792,0.2325,-0.1425,1.16,-0.05807,0.7646,-0.652,-0.6816,-0.1451,-0.2922,0.1869,0.155,-0.267,0.1396,0.526,-0.3296,-0.4487,1.016,0.2893,-0.8853,0.142,-0.7944,-2.205,-0.242,-0.1617,0.10846,-0.3523,0.2405,-0.096,0.5444,-0.4172,-0.3452,-0.08636,0.7593,0.4348,0.1165,0.3333,0.002508,0.583,0.612,0.1584,0.01643,-0.3577,-0.115,-0.08636,0.2166,0.4136,-0.2318,-0.3694,1.154,0.3906,0.1155,-0.0944,0.3967,-0.0874,0.206,3.074,0.3896,-0.281,-8.41,-0.3997,0.2076,0.602,0.2314,-0.1059,0.6523,0.586,-0.2397,6.992,-0.9087,0.8755,0.1836,-0.1987,0.9707,1.061,0.11536,0.4229,0.04514,0.2969,0.3071,-0.229,-0.1073,-0.4062,0.1692,-0.2296,-0.1886,0.09534,-0.5986,-0.03784,0.0507,-0.2922,1.477,0.07214,-0.441,0.4204,-3.115,-0.265,1.087,0.02675,0.3572,-0.4604,-0.88,-0.53,0.03168,0.0809,0.1775,0.1482,0.25,-0.311,-0.4238,-0.4343,-0.1659,-0.821,-0.658,0.3318,-0.3125,-0.000921,0.6147,-0.0967,0.434,0.0532,1.151,-0.2262,0.2228,0.01274,0.219,-0.2546,0.4119,0.875,-0.2275,0.01304,-0.1692,-0.4844,-0.2903,-1.8955,-0.1209,0.07263,0.2876,0.3743,0.1682,0.5923,-0.3828,0.04892,-1.674,-0.1366,-0.4077,-0.1203,-0.1782,-0.855,-0.1833,0.3687,-0.02713,0.752,-0.901,-0.06097,0.389,0.1534,-0.3857,-0.3896,-0.2008,0.407,-0.01293,-0.534,-0.0813,-0.2983,-0.4893,-0.467,0.654,-0.12225,0.0839,0.5654,-0.1034,0.1968,-0.3604,0.299,0.07733,-0.0532,-0.3447,0.155,0.078,-0.4058,2.467,-0.691,0.3315,-0.0646,-0.0839,-0.081,-0.7085
1,-0.03485,0.2274,-0.2595,0.5967,0.08746,0.2238,-0.7236,-0.2285,-0.248,0.4116,1.159,-0.32,0.00759,0.2656,-0.4998,0.0062,0.2544,0.399,0.4685,-0.5205,-0.4775,-2.207,-0.578,-0.1991,0.969,0.849,2.283,-0.2979,-0.321,0.1157,0.1869,1.27,-0.1431,0.3757,-0.9727,-0.2646,0.5264,0.8286,-0.9893,0.05478,-0.1829,-0.0808,-0.02391,0.08594,0.703,0.02315,0.4224,0.3289,-0.02187,0.667,0.8984,-0.1761,-0.0002894,0.1909,-0.4595,-0.4236,0.0732,-0.008995,-1.449,-0.1059,-1.72,0.3345,0.1841,-7.85,-0.76,0.878,0.2983,-0.2444,0.2708,0.5713,-0.928,0.2251,7.22,1.043,0.951,0.125,0.5815,-0.1991,1.415,0.06824,0.09503,-0.2944,0.6475,-0.3677,0.05292,0.1738,-0.2769,-0.10364,0.7856,0.00566,-0.611,0.01831,0.4214,-0.953,0.3516,-0.1293,0.0802,-0.554,-0.324,-1.559,-0.2343,0.4082,0.2085,-0.738,-0.514,0.4512,-0.1807,0.175,-0.09436,0.05167,0.5986,0.1127,-0.391,-0.1683,-0.4902,-0.11975,-0.346,0.4688,-0.05768,-0.1024,-0.1467,0.3645,-0.7593,0.0794,-0.3848,1.641,-0.339,0.1339,0.5645,0.3289,-0.2241,1.346,-0.502,-0.5747,-0.2117,-0.0506,-0.2014,0.5767,0.4636,-0.2028,0.5576,0.2678,1.206,0.0843,0.21,0.366,0.3264,-2.045,0.05765,0.1236,0.4614,-0.0387,-1.302,-0.2905,-0.1416,0.681,0.6655,-0.1006,0.1346,-0.0809,-0.2124,-0.3962,0.4202,-0.527,0.3848,-0.3994,0.7217,0.0593,0.0356,-0.5864,-0.9146,0.2534,0.2832,0.1703,-0.743,0.1265,-0.1299,0.341,0.7246,0.2391,0.645,0.2695,-0.2966,0.3723,-0.1587,-3.295,-0.532,-0.06903,-0.05484,-0.986,0.014496,-0.5063
0,0.067,0.3855,-0.1403,0.284,0.1754,-0.1455,-0.2323,1.322,-0.1573,0.7646,-0.611,-0.5425,-0.2205,-0.1993,0.1351,0.1202,-0.274,0.1332,0.523,-0.395,-0.2917,0.8594,0.1277,-1.13,0.1538,-0.7095,-2.174,-0.1954,-0.1035,0.0903,-0.2854,0.2396,-0.2032,0.4143,-0.3833,-0.333,-0.01103,0.768,0.2074,-0.0676,0.12305,-0.03195,0.4521,0.5425,0.2317,-0.01469,-0.398,-0.1215,-0.2466,0.12476,0.3928,-0.07587,-0.3594,1.182,0.3284,-0.002293,-0.1326,0.293,-0.05182,0.1908,2.938,0.3096,-0.2969,-8.69,-0.3433,0.12366,0.5625,0.2554,-0.1203,0.4941,0.5244,-0.3655,7.31,-0.6743,0.8696,0.2124,-0.09436,1.076,1.265,-0.05356,0.2054,0.0843,0.2096,0.362,-0.0577,0.01578,-0.2883,0.1711,-0.2717,-0.3157,-0.06915,-0.7437,-0.1055,0.1348,-0.2947,1.38,0.2827,-0.42,0.3862,-2.832,-0.1261,0.867,-0.02965,0.3013,-0.384,-0.841,-0.5083,0.004055,0.06067,0.2349,0.2294,0.3503,-0.1913,-0.3396,-0.4253,0.06824,-0.7275,-0.5225,0.257,-0.255,-0.1997,0.5947,-0.1054,0.3254,0.02847,0.932,-0.3057,0.1952,0.1104,0.2115,-0.1943,0.5156,0.769,-0.2812,-0.04868,-0.03964,-0.4023,-0.382,-1.672,-0.1709,0.2139,0.3623,0.396,0.1763,0.4534,-0.4111,0.05817,-1.386,-0.0424,-0.379,-0.08435,-0.0965,-0.8315,-0.196,0.1324,-0.0746,0.6562,-0.582,-0.1685,0.285,0.291,-0.1732,-0.3389,-0.1974,0.3806,-0.03214,-0.6797,-0.1976,-0.4092,-0.345,-0.3086,0.526,-0.09357,0.1512,0.4783,-0.1267,0.1155,-0.1075,0.0937,0.03812,-0.01761,-0.2986,-0.03735,0.1399,-0.1231,2.393,-0.654,0.2064,0.0553,0.004276,-0.07916,-0.568
1,0.216,-0.01413,-0.237,0.4211,0.063,-0.01,-0.758,-0.1532,-0.312,0.1722,1.176,-0.3162,-0.0253,0.04562,-0.5044,0.03256,0.2046,0.3435,0.3613,-0.55,-0.4766,-2.264,-0.4631,-0.5205,0.869,1.093,2.34,-0.2896,0.0165,0.1708,0.292,1.132,-0.03964,0.2737,-0.921,-0.0339,0.4316,0.6777,-0.896,-0.157,-0.02307,-0.0876,-0.2125,0.2474,0.4033,-0.004242,0.4692,0.4258,0.1259,0.846,0.8647,-0.4265,-0.188,0.2654,-0.1967,-0.4758,0.08826,0.2927,-1.239,-0.2263,-1.821,0.3464,-0.01605,-7.906,-0.6387,0.966,0.4114,-0.3286,0.246,0.4888,-1.21,0.05972,7.316,1.185,0.9233,0.2124,0.594,0.003944,1.49,0.1599,0.2096,-0.264,0.4744,-0.1451,0.2357,0.0863,-0.2231,-0.1503,0.645,0.11346,-0.386,-0.2372,0.2068,-0.7993,0.3406,-0.1879,0.1182,-0.4036,-0.2428,-1.591,-0.4421,0.3713,0.0865,-0.504,-0.3555,0.4456,-0.2446,0.124,-0.1726,0.05298,0.4216,-0.002754,-0.669,-0.04105,-0.4563,0.002138,-0.2688,0.463,0.05484,-0.2329,-0.03775,0.479,-0.8433,0.1411,-0.185,1.5205,-0.3591,0.05585,0.57,-0.0239,-0.2423,1.43,-0.4243,-0.481,0.006153,0.0682,-0.008896,0.509,0.5664,-0.0937,0.6523,0.2886,0.893,0.3018,0.1192,0.4521,0.1973,-1.764,0.1614,0.09576,0.311,-0.1827,-1.252,-0.359,-0.007538,0.535,0.5996,-0.1366,-0.04047,0.02628,-0.2041,-0.5103,0.2524,-0.4453,0.3318,-0.3293,0.4246,0.002668,0.1749,-0.543,-1.031,0.2175,0.327,0.0626,-0.841,-0.02083,-0.2517,0.532,0.7354,0.2349,0.8057,0.2207,-0.05667,0.5264,0.2217,-3.387,-0.771,0.0877,-0.1604,-0.8945,-0.1284,-0.3777
0,0.2073,0.2297,-0.07916,0.2266,0.0503,-0.1068,-0.1887,1.321,-0.2744,0.777,-0.753,-0.4902,-0.1853,-0.1766,0.0693,0.02542,-0.3064,0.03952,0.3916,-0.3174,-0.2947,0.9326,0.08826,-1.06,0.2766,-0.61,-2.146,-0.1173,-0.2563,0.1092,-0.164,0.08325,-0.2068,0.3464,-0.575,-0.3137,0.02621,0.6885,0.3047,-0.1753,0.2654,-0.08264,0.4512,0.65,0.1642,-0.1207,-0.396,-0.1602,-0.1296,0.06213,0.4204,-0.0709,-0.425,1.073,0.3232,0.1438,-0.1594,0.3596,0.0697,0.1647,2.914,0.311,-0.252,-8.74,-0.3118,0.1934,0.5537,0.2252,-0.1814,0.433,0.4553,-0.386,7.32,-0.774,0.643,0.3186,0.1024,1.199,1.254,0.09515,0.2986,0.1833,0.1619,0.2389,-0.001705,0.02031,-0.2803,0.0712,-0.2983,-0.3445,-0.02368,-0.785,-0.1028,0.3384,-0.3,1.247,0.02509,-0.3916,0.547,-2.861,-0.3293,0.765,0.05746,0.3816,-0.298,-0.6606,-0.402,-0.06195,0.0449,0.1692,0.3772,0.409,-0.1943,-0.3008,-0.4463,0.04913,-0.8047,-0.6626,0.2081,-0.3586,0.02985,0.58,-0.1123,0.4778,-0.00979,0.912,-0.3901,0.232,0.03702,0.06415,-0.252,0.4243,0.8877,-0.0537,0.0577,0.06305,-0.292,-0.476,-1.607,-0.00835,0.1471,0.3967,0.1349,0.1531,0.4043,-0.3042,0.1247,-1.336,0.05432,-0.2957,0.09973,-0.07776,-0.714,-0.3389,0.2632,0.04596,0.549,-0.4768,-0.1615,0.1686,0.2852,-0.283,-0.2448,-0.3015,0.2056,0.003431,-0.714,-0.217,-0.3833,-0.1494,-0.407,0.729,-0.07104,0.0552,0.349,-0.2812,-0.03925,-0.03044,0.2407,-0.04907,0.0735,-0.3738,-0.01272,-0.0605,-0.06824,2.406,-0.7905,0.2391,-0.1293,0.0507,-0.173,-0.3196
1,0.1084,-0.0678,-0.2073,0.417,-0.06396,0.1918,-0.76,-0.1543,-0.3818,0.3164,1.158,-0.24,-0.1235,0.05252,-0.4614,-0.05707,0.2056,0.3733,0.2764,-0.4639,-0.4429,-2.234,-0.523,-0.3694,0.7607,1.096,2.107,-0.3145,-0.0806,0.1337,0.28,1.121,-0.04883,0.1337,-0.9136,-0.01773,0.3657,0.4653,-0.7344,-0.11285,-0.02173,-0.2092,-0.1621,0.342,0.4065,0.033,0.4668,0.4084,0.1675,0.715,0.8643,-0.2384,-0.1575,0.1489,-0.1821,-0.4387,0.11163,0.1526,-1.243,-0.1919,-1.638,0.3164,0.04678,-8.086,-0.6,0.9995,0.335,-0.2751,0.2207,0.52,-1.098,0.1132,7.57,0.966,0.8213,0.1826,0.5303,0.03845,1.271,0.1802,0.1444,-0.3083,0.5474,-0.1764,0.2195,0.02763,-0.2327,0.03885,0.534,0.101,-0.273,-0.1501,0.2489,-0.81,0.348,-0.2089,-0.03592,-0.3164,-0.2036,-1.686,-0.5083,0.329,0.11487,-0.4175,-0.361,0.4314,-0.3762,-0.0431,-0.1962,0.04712,0.5396,0.03687,-0.75,0.06235,-0.4155,-0.10455,-0.2712,0.5024,-0.075,-0.1821,0.01414,0.4028,-0.8657,0.1964,-0.1753,1.524,-0.334,0.1015,0.4907,0.1126,-0.1326,1.372,-0.4026,-0.35,0.0723,0.05807,-0.0228,0.603,0.655,-0.1016,0.6577,0.1769,0.7793,0.1566,0.04904,0.4895,0.1343,-1.887,0.2303,0.0661,0.4783,-0.1663,-1.229,-0.2216,0.0797,0.6074,0.4426,-0.1476,-0.0528,-0.091,-0.2186,-0.405,0.232,-0.4556,0.26,-0.438,0.456,0.0458,0.2463,-0.407,-0.8965,0.313,0.2573,0.1332,-0.8623,0.03262,-0.3643,0.4963,0.625,0.2837,0.738,0.2622,0.007195,0.5737,0.0908,-3.244,-0.7026,0.04706,-0.1506,-0.671,-0.01921,-0.387
1,0.2737,0.2314,-0.1433,0.3975,0.04233,-0.0946,-0.6616,-0.2434,-0.2021,0.1746,1.1875,-0.3958,0.05093,0.3528,-0.5625,0.11194,0.2952,0.4392,0.5444,-0.7974,-0.497,-2.445,-0.2185,-0.56,1.108,1.023,2.693,-0.2898,0.1641,0.2617,0.3147,0.878,-0.07465,0.2642,-0.86,-0.1914,0.631,0.955,-1.138,-0.12006,-0.01994,0.056,-0.2588,0.167,0.519,-0.149,0.2979,0.5103,0.1125,0.8857,1.061,-0.688,-0.223,0.2307,-0.2163,-0.428,-0.01382,0.4612,-1.239,-0.0693,-2.15,0.2654,-0.1247,-7.555,-0.752,0.89,0.4675,-0.5273,0.0524,0.4585,-1.098,-0.02513,6.883,1.152,0.8335,0.1153,0.7373,-0.1165,1.717,0.2883,0.4482,-0.1189,0.3794,-0.4053,0.1186,0.1027,-0.1926,-0.3489,0.6924,-0.02159,-0.3997,-0.3577,0.07367,-0.907,0.3572,-0.2634,0.06366,-0.5347,-0.2185,-1.437,-0.5396,0.4167,0.1375,-0.793,-0.4138,0.586,-0.06714,0.4148,-0.1389,-0.01242,0.278,-0.0585,-0.609,-0.0609,-0.5674,0.3184,-0.2559,0.4426,-0.02983,-0.1622,-0.0793,0.684,-0.682,-0.06744,-0.3062,1.621,-0.3555,0.02654,0.6074,-0.0922,-0.2966,1.527,-0.534,-0.645,-0.0534,0.05862,0.252,0.4915,0.5293,-0.1378,0.4795,0.3347,0.8936,0.352,0.3167,0.4001,0.4177,-1.916,0.1257,0.158,0.1809,-0.194,-1.246,-0.4722,0.06335,0.598,0.749,-0.3193,0.0948,0.1646,-0.03516,-0.7476,0.2888,-0.482,0.3057,-0.285,0.5806,0.02606,0.11316,-0.5264,-1.128,0.0627,0.2598,0.02214,-0.6357,0.02956,-0.1499,0.3384,0.9287,0.2445,0.8,0.2615,-0.0794,0.4744,0.2598,-3.455,-0.8374,0.207,-0.331,-1.177,0.05917,-0.4482
1,0.1486,-0.0028,-0.0702,0.3455,-0.1064,0.1316,-0.806,-0.1716,-0.4788,0.307,1.086,-0.2424,-0.2152,0.02325,-0.3022,-0.1313,0.2144,0.4438,0.3247,-0.531,-0.4316,-2.52,-0.317,-0.372,0.9165,1.005,2.07,-0.2542,-0.12286,0.1438,0.2338,1.0,0.0677,0.03934,-1.02,0.07117,0.2751,0.5156,-0.7783,0.014984,-0.08954,-0.204,-0.11365,0.1998,0.4636,0.03867,0.5303,0.3633,0.1627,0.5312,0.815,-0.185,-0.1964,0.034,-0.1642,-0.5376,0.0877,0.1853,-1.173,-0.1897,-1.6875,0.1393,0.1438,-8.23,-0.509,0.863,0.4248,-0.3213,0.354,0.4302,-0.9634,0.0665,7.676,0.763,0.801,-0.08295,0.6904,0.03592,1.394,0.0903,0.10565,-0.2883,0.47,-0.303,0.1439,0.2081,-0.1366,0.08514,0.6045,0.1404,-0.3257,-0.1511,0.2683,-0.669,0.4116,-0.1727,0.0779,-0.3298,-0.3235,-1.677,-0.3022,0.2668,0.01819,-0.5537,-0.1589,0.4128,-0.4663,-0.0431,-0.175,0.1683,0.5034,0.1368,-0.69,0.08105,-0.2505,-0.1246,-0.03238,0.5723,-0.2397,-0.141,-0.2585,0.2932,-0.598,0.2651,-0.1802,1.321,-0.3152,0.013016,0.4814,0.3762,-0.02255,1.458,-0.4211,-0.3086,-0.01203,0.00785,-0.0531,0.518,0.6255,-0.3047,0.4973,0.1552,0.8687,0.06125,0.04584,0.4968,0.08594,-1.901,0.2048,0.04883,0.398,-0.2659,-1.098,-0.0982,-0.105,0.4219,0.3765,-0.1771,0.0775,-0.0358,-0.207,-0.2191,0.01994,-0.4846,0.2493,-0.3564,0.4873,0.08154,0.1649,-0.3257,-0.7876,0.2666,0.03204,0.445,-0.5425,0.05826,-0.2135,0.3337,0.547,0.114,0.6147,0.2573,0.1758,0.5317,0.02077,-3.113,-0.4731,0.0824,-0.02037,-0.686,0.0912,-0.3552
0,0.0675,0.37,-0.1443,0.24,0.1377,0.0366,-0.1868,1.225,-0.3054,0.8423,-0.7075,-0.4993,-0.1888,-0.139,0.0819,0.03427,-0.2261,-0.00999,0.4954,-0.3433,-0.3262,0.9175,0.04346,-0.883,0.1519,-0.7188,-2.195,-0.1178,-0.2026,0.08136,-0.3777,0.2448,-0.2177,0.4207,-0.454,-0.2964,0.0924,0.7007,0.3394,-0.05463,0.3572,-0.03394,0.593,0.6206,0.3252,-0.0235,-0.4368,-0.218,-0.1829,-0.018,0.3547,-0.12463,-0.3691,0.9985,0.2866,-0.0091,-0.1439,0.3706,-0.00318,0.2014,3.023,0.3108,-0.183,-8.59,-0.4697,0.1543,0.504,0.2244,-0.0583,0.5566,0.571,-0.3806,7.223,-0.896,0.675,0.2898,0.12445,1.161,1.231,0.1171,0.3828,0.189,0.186,0.1128,-0.0821,0.004986,-0.4153,0.09845,-0.2487,-0.3274,0.01558,-0.618,-0.03525,0.225,-0.2407,1.36,0.002377,-0.4717,0.44,-2.87,-0.2164,0.878,0.0751,0.2202,-0.3672,-0.7295,-0.48,-0.05048,0.12177,0.257,0.2905,0.3777,-0.2428,-0.2908,-0.3442,-0.0961,-0.8496,-0.653,0.213,-0.3547,0.005455,0.624,-0.0687,0.339,0.03128,1.087,-0.4258,0.3264,0.02951,0.1501,-0.2458,0.3452,0.8765,-0.1798,0.0891,-0.0756,-0.263,-0.3687,-1.789,0.0773,-0.001228,0.2656,0.337,0.1017,0.346,-0.27,0.00506,-1.743,0.0209,-0.2432,0.0392,-0.08997,-0.7427,-0.531,0.2324,-0.02692,0.4297,-0.5547,-0.1786,0.0628,0.2317,-0.1627,-0.2314,-0.3984,0.4124,0.0002073,-0.521,-0.1465,-0.3743,-0.2583,-0.2966,0.856,-0.06683,0.1439,0.6304,-0.2283,0.1034,-0.2261,0.1973,-0.0295,-0.00296,-0.317,0.002583,0.0929,-0.3809,2.496,-0.645,0.189,-0.006424,-0.01883,-0.1619,-0.428
1,0.194,-0.03275,-0.2355,0.289,0.00982,0.05847,-0.859,-0.139,-0.283,0.2842,1.277,-0.2559,-0.1399,0.1569,-0.4714,-0.0101,0.2112,0.4915,0.3718,-0.5913,-0.5127,-2.44,-0.4053,-0.734,1.014,1.104,2.281,-0.2163,0.08136,0.1724,0.3733,1.23,0.01886,0.2979,-0.898,-0.04196,0.377,0.754,-0.816,-0.1304,0.01086,-0.1285,-0.2695,0.3865,0.5044,-0.04865,0.5117,0.544,0.1741,0.8022,0.8613,-0.4363,-0.11835,0.237,-0.3027,-0.546,0.11707,0.3389,-1.253,-0.2144,-1.98,0.4368,-0.03516,-7.688,-0.7046,1.031,0.4026,-0.3826,0.256,0.514,-1.186,0.0688,7.08,1.174,1.003,0.0854,0.5776,0.0305,1.627,0.0804,0.1483,-0.4546,0.4814,-0.271,0.2094,0.03812,-0.1584,-0.175,0.663,0.07983,-0.3936,-0.10376,0.1973,-0.911,0.3997,-0.2155,0.1714,-0.4043,-0.296,-1.511,-0.422,0.5566,0.00819,-0.6333,-0.4868,0.4421,-0.4165,0.178,-0.1924,0.0708,0.4556,0.04346,-0.656,0.01037,-0.539,-0.1013,-0.274,0.5513,-0.1118,-0.2054,-0.06018,0.4678,-0.746,0.1136,-0.2241,1.468,-0.413,0.11554,0.6064,0.0748,-0.04852,1.526,-0.4463,-0.569,0.00431,0.03857,-0.1218,0.676,0.6,-0.3032,0.6514,0.2698,0.9443,0.1921,0.11383,0.4966,0.08716,-1.954,0.2622,0.09283,0.31,-0.10724,-1.218,-0.2983,-0.01163,0.641,0.629,-0.1857,0.002691,0.0353,-0.1997,-0.5107,0.10876,-0.4075,0.3237,-0.3691,0.4983,0.1148,0.1763,-0.5747,-1.113,0.2418,0.2206,0.128,-0.946,0.0801,-0.10785,0.494,0.757,0.3054,0.737,0.2925,-0.03488,0.628,0.06726,-3.475,-0.7515,0.1335,-0.1777,-0.8633,-0.08264,-0.573
0,0.1885,0.2537,-0.04538,0.2281,-0.00409,-0.1307,-0.1594,1.386,-0.2563,0.787,-0.8125,-0.4453,-0.2338,-0.1493,0.05176,-0.01768,-0.3533,0.01143,0.3535,-0.2693,-0.295,0.875,0.1505,-1.109,0.3088,-0.6304,-2.15,-0.1565,-0.3062,0.11237,-0.2267,0.07385,-0.1569,0.3186,-0.6587,-0.344,0.02182,0.652,0.3162,-0.17,0.1841,-0.142,0.5444,0.6274,0.1838,-0.1509,-0.3188,-0.1654,-0.09216,-0.01888,0.4453,-0.09106,-0.3132,1.054,0.2798,0.0628,-0.11456,0.365,0.05328,0.1559,2.89,0.2439,-0.1294,-8.7,-0.3118,0.2041,0.6094,0.1929,-0.1487,0.3955,0.4895,-0.362,7.375,-0.803,0.5625,0.275,0.1702,1.222,1.359,0.07983,0.2961,0.2169,0.1962,0.1659,0.0496,0.09845,-0.263,0.1087,-0.294,-0.3127,-0.04926,-0.8003,-0.04242,0.4512,-0.2668,1.27,0.01892,-0.4363,0.4653,-2.8,-0.2722,0.7407,-0.0101,0.3315,-0.2944,-0.732,-0.3716,-0.05887,0.06744,0.1863,0.3533,0.4453,-0.1527,-0.3276,-0.4587,-0.10126,-0.7754,-0.6953,0.1671,-0.2969,-0.081,0.557,-0.08154,0.545,-0.08606,0.8276,-0.4604,0.2573,0.04013,0.1373,-0.2191,0.462,0.9424,0.02907,0.09985,0.0678,-0.333,-0.4849,-1.6045,-0.1293,0.1175,0.417,0.1572,0.0952,0.3567,-0.3516,0.1282,-1.358,0.1562,-0.2969,0.10724,-0.0714,-0.658,-0.31,0.2288,0.0237,0.4897,-0.446,-0.1189,0.1532,0.2632,-0.2017,-0.3223,-0.2766,0.10144,-0.02399,-0.7427,-0.19,-0.4568,-0.05127,-0.454,0.7593,-0.1125,0.1635,0.3962,-0.3,0.01532,-0.002422,0.2128,-0.0931,0.04507,-0.3372,0.0896,-0.10754,-0.0959,2.383,-0.7124,0.1747,-0.0961,0.0987,-0.1587,-0.2566
0,0.1223,0.3403,-0.10596,0.3118,0.03787,-0.02,-0.2102,1.279,-0.2727,0.798,-0.7573,-0.512,-0.2283,-0.1065,0.1027,-0.00598,-0.2898,0.0773,0.4314,-0.2974,-0.2896,0.8584,0.0821,-0.9253,0.2235,-0.6304,-2.129,-0.1572,-0.2793,0.1225,-0.2489,0.1804,-0.264,0.3513,-0.551,-0.3083,0.11676,0.684,0.272,-0.1576,0.2454,-0.07074,0.485,0.6343,0.2783,-0.05157,-0.399,-0.1155,-0.1823,0.0171,0.405,-0.02429,-0.417,1.084,0.3677,0.0723,-0.2051,0.3628,-0.03336,0.1598,2.955,0.2659,-0.1902,-8.73,-0.3809,0.15,0.5254,0.208,-0.1544,0.4478,0.509,-0.4219,7.332,-0.792,0.6504,0.321,0.1693,1.163,1.155,0.0661,0.2573,0.1993,0.1617,0.2238,-0.02391,0.0123,-0.323,0.08344,-0.2878,-0.2883,-0.0423,-0.7495,-0.07904,0.2988,-0.2585,1.316,-0.00395,-0.4297,0.4763,-2.85,-0.276,0.8003,0.09045,0.279,-0.3303,-0.6934,-0.4722,-0.0543,0.04147,0.1947,0.3267,0.4478,-0.172,-0.2988,-0.404,0.02193,-0.8047,-0.614,0.1989,-0.2988,0.00912,0.5986,-0.0864,0.4148,-0.01095,0.9443,-0.4111,0.2524,0.00824,0.123,-0.2373,0.3955,0.882,-0.1083,-0.011116,0.0682,-0.272,-0.4844,-1.624,0.009964,0.1202,0.3486,0.2264,0.11426,0.3894,-0.2484,0.081,-1.474,0.04312,-0.2944,0.1089,-0.12366,-0.67,-0.3784,0.2722,0.03075,0.5166,-0.497,-0.135,0.1053,0.246,-0.2006,-0.2262,-0.3105,0.2566,-0.02824,-0.6895,-0.2277,-0.442,-0.151,-0.3328,0.803,-0.07404,0.0973,0.4373,-0.2751,0.01175,-0.06433,0.2081,0.004345,0.06915,-0.3062,-0.02254,-0.09674,-0.1837,2.445,-0.722,0.1638,-0.1039,0.04398,-0.16,-0.3494
0,0.02757,0.3628,-0.1956,0.2283,0.04236,0.003754,-0.1461,1.379,-0.1461,0.7866,-0.7603,-0.56,-0.1954,-0.1849,0.1087,0.0384,-0.3018,0.1345,0.4358,-0.2705,-0.3997,0.992,0.2465,-1.059,0.2578,-0.7373,-2.303,-0.2374,-0.2573,0.08795,-0.3767,0.2147,-0.08813,0.3967,-0.5586,-0.4097,-0.03915,0.687,0.424,0.01576,0.2908,-0.0997,0.539,0.64,0.1783,-0.1077,-0.291,-0.1401,-0.08826,0.1228,0.3904,-0.2052,-0.3044,1.139,0.334,0.001826,-0.05585,0.312,-0.088,0.1285,3.074,0.2837,-0.1492,-8.47,-0.3606,0.2534,0.5645,0.2397,-0.04227,0.522,0.534,-0.306,7.137,-0.83,0.83,0.3052,0.07153,1.132,1.218,0.04453,0.2842,0.1263,0.2496,0.1971,-0.05295,-0.06384,-0.3726,0.2122,-0.2732,-0.2491,-0.02386,-0.6963,0.004,0.249,-0.266,1.493,0.1122,-0.4219,0.362,-2.955,-0.1165,0.9653,0.006573,0.3132,-0.4192,-0.868,-0.5957,-0.02583,0.04498,0.1982,0.2195,0.3596,-0.289,-0.3298,-0.404,-0.1617,-0.769,-0.7476,0.2524,-0.3123,-0.1011,0.5957,-0.1298,0.5234,0.02425,0.9707,-0.4226,0.3213,-0.000942,0.2085,-0.2603,0.467,0.9604,-0.1293,0.1007,-0.02141,-0.4734,-0.3735,-1.777,-0.116,0.1387,0.359,0.3635,0.0832,0.4575,-0.3997,0.00954,-1.542,0.01982,-0.3616,-0.002722,-0.1409,-0.6772,-0.2522,0.2603,-0.0307,0.556,-0.636,-0.1326,0.2386,0.08905,-0.237,-0.4092,-0.1663,0.3284,-0.0971,-0.65,-0.10455,-0.409,-0.2905,-0.4683,0.702,-0.1884,0.1896,0.4536,-0.2078,0.1866,-0.1062,0.2223,-0.039,0.02022,-0.3264,0.1721,-0.01385,-0.289,2.537,-0.6323,0.2235,-0.0315,0.0215,-0.2352,-0.552
0,-0.0799,0.3674,-0.2703,0.1582,0.0357,0.205,-0.1334,1.289,-0.1146,0.7993,-0.723,-0.602,-0.178,-0.213,0.1744,0.1038,-0.2742,0.1214,0.4685,-0.2888,-0.4534,1.068,0.2832,-0.9507,0.2363,-0.7017,-2.281,-0.224,-0.2189,0.05243,-0.3176,0.2329,-0.03065,0.4856,-0.4941,-0.399,-0.0453,0.691,0.5244,0.05655,0.3647,-0.06152,0.541,0.7085,0.1836,-0.02594,-0.2842,-0.1473,-0.0501,0.1763,0.3992,-0.2566,-0.3345,1.17,0.4202,0.1254,-0.0832,0.3955,-0.06915,0.1462,3.078,0.3489,-0.2646,-8.38,-0.3787,0.2595,0.5576,0.227,-0.1335,0.617,0.524,-0.293,7.0,-0.9126,0.843,0.3152,-0.0971,1.05,1.072,0.0889,0.3481,0.0876,0.272,0.28,-0.1321,-0.1189,-0.4275,0.1952,-0.3218,-0.2009,0.0873,-0.59,-0.01029,0.0999,-0.2803,1.514,0.06934,-0.4463,0.4595,-3.107,-0.2703,1.112,0.05154,0.3616,-0.5513,-0.8584,-0.6367,0.011284,0.04538,0.1855,0.1674,0.28,-0.404,-0.3125,-0.4233,-0.211,-0.7974,-0.7544,0.3062,-0.3657,0.003258,0.661,-0.1708,0.4583,0.05756,1.1045,-0.2954,0.2734,-0.03964,0.12335,-0.2328,0.423,0.938,-0.1603,0.105,-0.08563,-0.5205,-0.282,-1.849,-0.0764,0.06113,0.3196,0.3293,0.11523,0.5317,-0.371,-0.001684,-1.638,-0.05844,-0.4055,-0.03494,-0.201,-0.695,-0.269,0.4023,0.004578,0.656,-0.8115,-0.1327,0.296,0.0759,-0.3555,-0.3967,-0.2012,0.3394,-0.05084,-0.552,-0.0942,-0.267,-0.3354,-0.516,0.697,-0.1981,0.07837,0.446,-0.11206,0.2083,-0.2654,0.3008,0.05136,-0.03574,-0.366,0.1748,-0.01328,-0.3809,2.564,-0.6606,0.334,-0.05844,-0.02722,-0.216,-0.6104
1,0.0711,0.3452,-0.2512,0.5557,-0.02292,0.1674,-0.666,-0.1996,-0.1595,0.3018,1.225,-0.3823,0.10724,0.3748,-0.5923,0.1368,0.234,0.4133,0.557,-0.68,-0.5513,-2.19,-0.326,-0.3445,1.162,0.8706,2.584,-0.2747,-0.1211,0.1389,0.2229,0.9854,-0.1115,0.417,-0.843,-0.2693,0.581,0.8657,-0.9917,0.03677,-0.004692,0.02193,-0.1521,0.125,0.5645,-0.1432,0.461,0.499,0.09656,0.794,0.989,-0.588,-0.05865,0.3896,-0.3503,-0.4353,0.06696,0.3494,-1.319,-0.05804,-1.988,0.3188,0.02797,-7.71,-0.8525,0.9067,0.4004,-0.279,0.1425,0.6265,-0.9326,0.1675,6.96,1.112,0.8813,0.0701,0.643,-0.2489,1.474,0.26,0.3914,-0.2428,0.5444,-0.5117,-0.02629,0.0912,-0.2954,-0.329,0.7007,0.0503,-0.43,-0.1058,0.3936,-0.958,0.3135,-0.1635,0.03497,-0.5625,-0.3374,-1.603,-0.432,0.5425,0.2123,-0.7295,-0.6094,0.499,-0.1432,0.347,-0.0972,0.08704,0.3535,-0.12,-0.4585,-0.2045,-0.601,0.02951,-0.3308,0.4055,0.0432,-0.2335,0.0398,0.4834,-0.7163,-0.05405,-0.334,1.641,-0.3162,0.09973,0.5454,-0.03296,-0.2241,1.451,-0.507,-0.62,-0.1559,-0.006226,0.01666,0.496,0.481,-0.2085,0.4731,0.2106,1.181,0.1943,0.367,0.395,0.4307,-1.927,0.1242,0.08307,0.1821,-0.1404,-1.307,-0.4253,-0.007454,0.665,0.781,-0.3623,0.1598,0.1534,-0.237,-0.668,0.4192,-0.4307,0.289,-0.3464,0.744,0.0553,0.1228,-0.4626,-1.13,0.03625,0.229,0.0651,-0.747,0.0804,-0.1284,0.2219,0.892,0.2742,0.764,0.2954,-0.1886,0.3674,-0.05127,-3.377,-0.734,0.05573,-0.185,-1.254,0.0652,-0.4648
1,0.06555,0.3752,-0.2202,0.5454,-0.02419,0.0808,-0.843,-0.329,-0.1932,0.2844,1.21,-0.3206,-0.00329,0.4485,-0.55,0.1313,0.2346,0.4827,0.6157,-0.679,-0.5166,-2.227,-0.3306,-0.376,1.141,0.8237,2.549,-0.2986,-0.0857,0.1816,0.2495,0.959,-0.1611,0.3955,-0.7812,-0.3193,0.663,0.968,-1.053,0.002787,-0.01988,0.0821,0.039,0.0636,0.6333,-0.08203,0.3254,0.511,0.004017,0.7573,1.089,-0.5166,-0.0886,0.2954,-0.2686,-0.4216,0.05206,0.348,-1.284,0.0598,-1.975,0.2634,-0.03146,-7.7,-0.8306,0.8696,0.3567,-0.3384,-0.010544,0.622,-0.916,0.138,7.0,1.09,0.8794,0.0575,0.59,-0.2139,1.502,0.1956,0.3743,-0.2142,0.5747,-0.3643,-0.0896,0.10144,-0.2964,-0.3875,0.573,-0.04742,-0.4446,-0.1595,0.2401,-0.9937,0.3018,-0.3125,0.0989,-0.5674,-0.2656,-1.604,-0.4475,0.5103,0.21,-0.7505,-0.581,0.574,-0.1096,0.3333,-0.21,0.04205,0.3838,-0.007214,-0.3953,-0.2239,-0.6553,0.1484,-0.3684,0.502,-0.02065,-0.1531,-0.039,0.574,-0.6855,-0.134,-0.3872,1.629,-0.2003,0.1359,0.5454,0.0909,-0.2305,1.5,-0.628,-0.6426,-0.12366,0.05695,0.1268,0.572,0.431,-0.1552,0.514,0.2302,1.144,0.102,0.3376,0.376,0.4763,-1.95,0.05908,0.138,0.1564,-0.12103,-1.334,-0.3582,-0.04993,0.6104,0.906,-0.3975,0.199,0.1193,-0.1837,-0.674,0.3792,-0.4824,0.2632,-0.313,0.7153,0.0196,0.1088,-0.515,-0.98,0.1292,0.2861,-0.01917,-0.6787,0.2161,-0.1104,0.0639,0.922,0.3242,0.7773,0.26,-0.1759,0.4436,0.003197,-3.29,-0.781,0.07324,-0.2227,-1.158,0.0674,-0.5845
0,-0.10645,0.475,-0.2698,0.1815,0.0009756,0.1824,-0.0934,1.223,-0.03146,0.8467,-0.729,-0.6094,-0.1128,-0.2227,0.1464,0.09125,-0.2622,0.145,0.4692,-0.2747,-0.4417,1.015,0.336,-0.904,0.1837,-0.8184,-2.312,-0.1962,-0.1934,0.07874,-0.4072,0.231,-0.074,0.4866,-0.4575,-0.4727,-0.03467,0.7217,0.518,0.06018,0.367,-0.0357,0.5757,0.603,0.1936,-0.0178,-0.3389,-0.09467,-0.09143,0.1725,0.4463,-0.317,-0.303,1.181,0.405,0.1305,-0.07947,0.3552,-0.1393,0.1647,3.05,0.317,-0.1681,-8.375,-0.3967,0.2069,0.564,0.2583,-0.11676,0.6587,0.642,-0.198,7.004,-0.9204,0.86,0.278,-0.1224,1.023,1.058,0.1605,0.373,0.0667,0.2556,0.2148,-0.2438,-0.1301,-0.4155,0.1831,-0.2534,-0.1709,0.04297,-0.539,0.02043,0.10706,-0.2812,1.505,0.12445,-0.4614,0.3882,-3.098,-0.2064,1.065,0.0747,0.3464,-0.5093,-0.896,-0.5835,0.02126,0.08307,0.1659,0.1246,0.245,-0.2864,-0.3408,-0.451,-0.1968,-0.792,-0.7183,0.3025,-0.3303,-0.007343,0.6406,-0.1516,0.4224,0.0186,1.033,-0.3215,0.3162,-0.02724,0.1732,-0.2299,0.456,0.941,-0.2067,0.0569,-0.11725,-0.551,-0.288,-1.897,-0.1293,0.0468,0.314,0.3591,0.1161,0.59,-0.3975,0.0005865,-1.732,-0.0922,-0.4373,-0.07104,-0.1306,-0.703,-0.2119,0.3584,-0.0321,0.7554,-0.8765,-0.02159,0.3323,0.0889,-0.3792,-0.3523,-0.1974,0.3447,-0.06793,-0.539,-0.0294,-0.3413,-0.4026,-0.499,0.6587,-0.187,0.09,0.5503,-0.1146,0.295,-0.2786,0.2654,0.06964,-0.01985,-0.288,0.1632,0.0237,-0.4575,2.492,-0.6387,0.2462,-0.0396,-0.0497,-0.161,-0.6714
1,0.1145,0.1136,-0.1559,0.4731,-0.149,0.186,-0.6885,-0.1149,-0.2688,0.2856,1.291,-0.3264,-0.10535,0.3484,-0.448,0.03592,0.266,0.4602,0.4722,-0.489,-0.479,-2.303,-0.3135,-0.4507,1.145,0.9146,2.424,-0.324,-0.247,0.10547,0.263,1.113,-0.08813,0.2834,-0.9756,-0.2625,0.472,0.6426,-0.9937,-0.01563,-0.0691,-0.1118,-0.08673,0.2913,0.654,-0.1105,0.5923,0.4565,0.10077,0.7104,0.9644,-0.3723,-0.05048,0.2041,-0.3677,-0.4749,0.1528,0.2622,-1.32,-0.1289,-1.992,0.2942,0.1407,-7.82,-0.8335,0.873,0.3743,-0.2786,0.2324,0.5234,-0.9272,0.1578,7.152,1.052,0.839,0.05405,0.6206,-0.1721,1.49,0.1656,0.2013,-0.279,0.56,-0.3733,0.07355,0.07513,-0.2316,-0.1272,0.6787,0.1057,-0.4768,-0.10785,0.3723,-0.859,0.3547,-0.1142,-0.0336,-0.4915,-0.3682,-1.511,-0.423,0.496,0.1046,-0.8213,-0.554,0.4243,-0.3696,0.2249,-0.11725,0.1481,0.4978,0.02762,-0.564,-0.1487,-0.515,-0.1114,-0.327,0.433,-0.05136,-0.1439,-0.1112,0.3403,-0.7495,0.00678,-0.322,1.528,-0.3958,0.09485,0.566,0.1802,-0.1282,1.492,-0.424,-0.4915,-0.05237,0.0473,-0.0834,0.6597,0.5684,-0.2454,0.4202,0.187,1.103,0.06165,0.1517,0.537,0.304,-1.929,0.187,0.0661,0.413,-0.1469,-1.296,-0.2935,0.0048,0.677,0.5806,-0.2443,0.1903,0.03876,-0.2284,-0.488,0.2416,-0.4326,0.2434,-0.32,0.709,0.1528,0.1117,-0.3013,-1.079,0.1951,0.1476,0.2773,-0.8433,0.129,-0.2303,0.2915,0.877,0.2472,0.731,0.2426,-0.0493,0.3809,-0.1418,-3.344,-0.589,-0.02104,-0.1406,-0.989,0.01584,-0.3982
0,0.1075,0.2715,-0.0787,0.2756,0.1506,-0.1183,-0.10895,1.432,-0.203,0.822,-0.711,-0.4565,-0.223,-0.146,0.04425,0.04028,-0.304,0.0365,0.4219,-0.3835,-0.2996,0.9253,0.04352,-1.155,0.272,-0.6436,-2.19,-0.0762,-0.2249,0.0562,-0.257,0.2048,-0.1581,0.3892,-0.501,-0.3765,-0.00116,0.701,0.316,-0.0867,0.1769,-0.07745,0.4585,0.6514,0.2418,-0.1322,-0.3745,-0.1823,-0.1826,0.0369,0.4434,-0.03424,-0.2517,1.118,0.2659,0.02852,-0.152,0.2805,0.0533,0.1727,2.926,0.233,-0.2085,-8.695,-0.326,0.16,0.5527,0.2678,-0.1941,0.4736,0.5146,-0.3884,7.312,-0.7954,0.759,0.3645,0.0706,1.157,1.343,-0.0418,0.2028,0.0804,0.2092,0.2228,0.01836,0.03116,-0.3394,0.09467,-0.298,-0.3884,-0.03574,-0.6733,-0.05176,0.2428,-0.2396,1.296,0.168,-0.4402,0.4666,-2.809,-0.1902,0.829,0.003622,0.3525,-0.4016,-0.7573,-0.4148,-0.03079,0.06714,0.1644,0.335,0.4302,-0.197,-0.2983,-0.4905,-0.04248,-0.802,-0.672,0.2383,-0.3489,-0.06046,0.5664,-0.1311,0.41,-0.02461,0.911,-0.4333,0.293,0.03488,0.1108,-0.2057,0.4585,0.897,-0.1544,0.06586,0.03818,-0.3796,-0.4187,-1.624,-0.0827,0.1849,0.381,0.2573,0.1229,0.4375,-0.3303,0.0999,-1.41,0.03787,-0.3245,0.01816,-0.06177,-0.697,-0.309,0.1252,0.05707,0.571,-0.4944,-0.1926,0.1927,0.3052,-0.1813,-0.2311,-0.2566,0.2622,-0.04297,-0.678,-0.1757,-0.4275,-0.2157,-0.4353,0.597,-0.1592,0.1483,0.389,-0.1896,0.06058,-0.03014,0.1454,-0.05923,0.01259,-0.2786,-0.04916,0.02359,-0.1731,2.39,-0.752,0.1321,0.01917,0.09467,-0.156,-0.393
1,0.275,-0.0495,0.05106,0.3328,-0.0894,-0.02036,-0.6313,-0.1475,-0.349,0.325,1.004,-0.313,-0.246,0.11993,-0.3542,-0.128,0.2391,0.4717,0.3208,-0.5386,-0.4373,-2.707,-0.128,-0.617,1.055,0.9834,2.15,-0.2312,-0.0625,0.2183,0.3054,0.9087,0.0482,-0.02724,-1.149,-0.1443,0.4456,0.6836,-0.847,-0.11774,-0.1544,-0.1587,-0.1998,0.3167,0.552,-0.02058,0.4446,0.3933,0.1288,0.5664,0.947,-0.2815,-0.1467,0.02562,-0.2251,-0.4905,0.00853,0.2026,-1.153,-0.184,-1.842,0.0634,0.1627,-8.17,-0.428,0.8076,0.5317,-0.4167,0.2983,0.2783,-0.9854,0.03983,7.51,0.7793,0.7266,-0.01542,0.806,0.1381,1.709,0.1153,0.1636,-0.231,0.4177,-0.3499,0.1462,0.2499,-0.1356,-0.04968,0.622,0.1186,-0.3955,-0.1748,0.1644,-0.668,0.3738,-0.2382,0.1229,-0.4668,-0.2485,-1.509,-0.306,0.1256,-0.01299,-0.732,-0.09863,0.525,-0.3074,0.11444,-0.101,0.1085,0.4834,0.1879,-0.563,0.04303,-0.3447,-0.04785,-0.01736,0.4646,-0.279,-0.0496,-0.3486,0.36,-0.4253,0.2705,-0.3003,1.108,-0.3926,0.00842,0.5435,0.3242,0.04376,1.545,-0.3997,-0.2957,-0.05276,0.10547,-0.0341,0.364,0.688,-0.3926,0.3809,0.3103,0.681,0.1759,0.1321,0.4658,0.2151,-1.877,0.127,0.0189,0.38,-0.1884,-0.987,-0.0573,-0.07965,0.523,0.4907,-0.1487,0.1636,0.0288,-0.074,-0.3667,0.01074,-0.4976,0.10657,-0.318,0.3777,0.1079,0.0254,-0.2722,-0.92,0.2087,0.006947,0.441,-0.5093,-0.02228,-0.0569,0.4583,0.6216,0.003412,0.634,0.2683,0.1575,0.3416,0.1355,-3.225,-0.591,0.0137,-0.11365,-0.683,0.1255,-0.248
1,-0.02313,0.2556,-0.2656,0.4734,-0.11914,0.1904,-0.7603,-0.283,-0.2257,0.3357,1.262,-0.2385,-0.0645,0.2979,-0.4915,0.02077,0.1925,0.4775,0.5503,-0.5854,-0.499,-2.322,-0.353,-0.315,1.04,0.8643,2.389,-0.3032,-0.1531,0.1581,0.1865,1.132,-0.08826,0.3132,-0.92,-0.2766,0.576,0.8037,-0.991,-0.0225,-0.08905,-0.0399,0.05637,0.1731,0.6924,-0.04657,0.407,0.477,0.06976,0.643,0.944,-0.372,0.002108,0.1884,-0.2732,-0.402,0.0758,0.2617,-1.375,-0.0759,-1.8955,0.2074,0.09296,-7.84,-0.856,0.8887,0.402,-0.2842,0.282,0.6323,-0.8467,0.1727,7.13,1.005,0.836,-0.03256,0.6455,-0.115,1.506,0.252,0.2542,-0.2313,0.5654,-0.3618,-0.06097,0.0681,-0.234,-0.1713,0.7188,0.0422,-0.474,-0.11145,0.3938,-0.901,0.4287,-0.10925,0.02957,-0.5747,-0.3862,-1.604,-0.3633,0.458,0.219,-0.763,-0.4785,0.4448,-0.3025,0.0901,-0.09576,0.1492,0.459,0.006878,-0.4094,-0.1714,-0.4907,-0.0957,-0.3174,0.545,-0.03458,-0.1338,-0.1214,0.3643,-0.661,-0.143,-0.3298,1.486,-0.3596,0.11145,0.539,0.2595,-0.2332,1.473,-0.4658,-0.536,-0.1771,-0.01712,-0.01898,0.606,0.5205,-0.2135,0.5117,0.2117,1.163,0.0845,0.2306,0.4841,0.303,-2.107,0.09015,0.009056,0.334,-0.0985,-1.288,-0.3179,0.0204,0.5796,0.683,-0.3313,0.2798,-0.0018835,-0.1909,-0.477,0.328,-0.5596,0.284,-0.3806,0.6577,0.0147,0.04932,-0.3467,-0.901,0.2223,0.2391,0.2424,-0.6636,0.1028,-0.1018,0.2394,0.8447,0.2722,0.7188,0.3088,-0.1272,0.414,-0.1461,-3.357,-0.603,-0.07404,-0.1481,-1.059,0.04446,-0.4807
1,0.2405,0.3152,-0.289,0.5337,0.014885,-0.0356,-0.648,-0.1273,-0.1277,0.2258,1.196,-0.3787,0.1283,0.2703,-0.5337,0.10895,0.2056,0.4282,0.5156,-0.574,-0.5063,-2.236,-0.283,-0.3809,1.065,0.94,2.516,-0.3408,-0.09314,0.1742,0.2272,1.064,-0.1582,0.4185,-0.854,-0.287,0.5312,0.8076,-0.93,-0.1421,0.00665,0.008736,-0.2944,0.1985,0.4954,-0.1173,0.54,0.5376,0.05746,0.918,1.028,-0.525,-0.1586,0.4214,-0.258,-0.4844,0.09576,0.2974,-1.391,-0.1367,-1.927,0.324,-0.02577,-7.74,-0.7983,0.9434,0.3484,-0.2502,0.1606,0.5137,-1.17,0.0807,7.113,1.2295,1.032,0.1846,0.632,-0.1613,1.474,0.11975,0.2019,-0.2428,0.4773,-0.2961,0.1593,0.04367,-0.2198,-0.3015,0.703,0.1705,-0.5596,-0.2291,0.279,-0.9053,0.3022,-0.09515,0.1875,-0.509,-0.368,-1.564,-0.2443,0.572,0.1501,-0.716,-0.5967,0.443,-0.2517,0.3777,-0.0936,0.0297,0.1769,-0.1025,-0.584,-0.1515,-0.5513,0.1125,-0.304,0.3838,0.11884,-0.2025,-0.0712,0.4978,-0.818,-0.02036,-0.2498,1.487,-0.3892,0.128,0.5347,-0.1219,-0.335,1.471,-0.4438,-0.6484,-0.139,0.1118,-0.005993,0.4731,0.551,-0.1763,0.578,0.312,1.13,0.3154,0.27,0.3655,0.279,-1.753,0.1571,0.01202,0.1815,-0.1864,-1.171,-0.3904,-0.08606,0.5234,0.7407,-0.2284,0.1506,0.1348,-0.2673,-0.6196,0.3616,-0.332,0.379,-0.3472,0.5254,0.0437,0.0897,-0.535,-1.1875,0.03964,0.2751,0.05887,-0.8716,0.0517,-0.0908,0.486,0.842,0.2219,0.816,0.2717,-0.2,0.3274,0.06143,-3.338,-0.656,0.0893,-0.1715,-1.101,-0.1102,-0.4084
0,-0.03265,0.4658,-0.1654,0.3098,0.0822,0.02495,-0.178,1.307,-0.0659,0.774,-0.693,-0.5215,-0.24,-0.1915,0.11255,0.04312,-0.3271,0.1663,0.5093,-0.3535,-0.3713,0.949,0.1892,-1.046,0.2004,-0.7446,-2.318,-0.1995,-0.1753,0.05975,-0.3542,0.3022,-0.1506,0.4421,-0.4482,-0.4475,0.00543,0.8145,0.3333,-0.05502,0.2493,-0.068,0.4941,0.5933,0.2512,-0.0572,-0.3884,-0.1313,-0.1276,0.0998,0.417,-0.1247,-0.2717,1.195,0.3213,-0.00522,-0.1262,0.2837,-0.1181,0.2151,3.059,0.2627,-0.2412,-8.555,-0.3755,0.1644,0.5366,0.2617,-0.0789,0.531,0.5366,-0.3323,7.18,-0.7876,0.824,0.3018,-0.00625,1.092,1.173,0.05658,0.2374,0.1241,0.1914,0.272,-0.1583,-0.09607,-0.3682,0.1935,-0.2517,-0.2927,-0.05722,-0.687,-0.04843,0.1364,-0.2194,1.434,0.149,-0.412,0.401,-2.906,-0.0935,0.9717,0.08124,0.2494,-0.4573,-0.8296,-0.5244,-0.05295,0.07513,0.1907,0.192,0.391,-0.207,-0.3794,-0.4534,-0.05826,-0.777,-0.6123,0.2856,-0.2625,-0.06555,0.531,-0.05835,0.3582,0.01701,0.9546,-0.3655,0.2406,-0.002663,0.2106,-0.2502,0.432,0.9146,-0.2207,-0.03534,-0.013565,-0.4302,-0.3843,-1.692,-0.0819,0.1766,0.3542,0.2917,0.1615,0.5024,-0.3699,-0.00217,-1.559,-0.0719,-0.3894,0.004017,-0.1064,-0.7856,-0.2368,0.2449,0.02661,0.632,-0.645,-0.0839,0.2712,0.2229,-0.2278,-0.3313,-0.1542,0.3655,-0.0808,-0.6685,-0.1417,-0.487,-0.362,-0.3784,0.6455,-0.1638,0.1511,0.4692,-0.1455,0.2075,-0.0894,0.204,0.0712,0.04214,-0.2644,-0.0227,0.10754,-0.2854,2.441,-0.6616,0.1772,-0.01646,-0.00625,-0.191,-0.58
1,0.1437,0.2437,-0.1869,0.358,0.009445,-0.04022,-0.721,-0.2456,-0.2045,0.2188,1.222,-0.334,-0.08606,0.4917,-0.5522,0.01502,0.312,0.454,0.5747,-0.729,-0.4822,-2.459,-0.2386,-0.5806,1.177,0.966,2.658,-0.2211,-0.01165,0.25,0.2905,1.12,-0.0839,0.358,-0.9644,-0.274,0.6978,0.9746,-1.211,-0.01663,-0.10944,-0.00424,-0.04767,0.11743,0.6763,-0.1223,0.255,0.4553,0.05988,0.817,1.072,-0.5684,-0.03354,0.07446,-0.36,-0.4917,0.02081,0.3997,-1.29,-0.04083,-2.193,0.2654,0.0366,-7.426,-0.8213,0.897,0.4849,-0.5435,0.0827,0.5044,-0.9043,0.05667,6.78,1.098,0.859,0.0677,0.6953,-0.1498,1.75,0.214,0.3896,-0.1793,0.489,-0.3872,0.06635,0.1531,-0.2429,-0.3213,0.7417,-0.064,-0.505,-0.2117,0.1272,-0.953,0.46,-0.2737,0.06052,-0.611,-0.241,-1.45,-0.522,0.4336,0.0685,-0.915,-0.4995,0.5884,-0.11414,0.4226,-0.1328,0.02946,0.4536,0.1461,-0.4656,-0.1274,-0.652,0.0934,-0.3616,0.4827,-0.0776,-0.1074,-0.1646,0.624,-0.585,-0.12317,-0.4424,1.637,-0.3882,0.07623,0.5576,0.1486,-0.265,1.564,-0.585,-0.6167,-0.02295,0.02925,0.146,0.593,0.451,-0.2285,0.4648,0.2411,1.054,0.1711,0.192,0.523,0.4138,-2.129,0.1027,0.2212,0.305,-0.1069,-1.296,-0.4026,0.002417,0.6665,0.8286,-0.3142,0.1721,0.0998,-0.0558,-0.635,0.2708,-0.6025,0.2296,-0.2493,0.7104,0.1148,0.08356,-0.4734,-1.07,0.2268,0.2206,0.08594,-0.6704,0.1628,-0.0918,0.139,1.018,0.2776,0.7544,0.2522,-0.06915,0.585,0.03098,-3.475,-0.753,0.00956,-0.2952,-1.167,0.03714,-0.5327
1,0.2113,0.00506,-0.2,0.368,0.00899,0.1737,-0.7534,-0.09296,-0.349,0.2737,1.299,-0.2883,-0.0993,0.1451,-0.507,0.009415,0.1754,0.3923,0.3408,-0.626,-0.5376,-2.29,-0.4133,-0.6567,1.071,1.073,2.404,-0.2483,-0.0443,0.1016,0.3584,1.181,0.0574,0.3289,-0.995,-0.04886,0.3506,0.671,-0.856,-0.03964,0.01663,-0.1192,-0.233,0.391,0.5005,-0.10474,0.612,0.4568,0.1875,0.8057,0.8276,-0.46,-0.10675,0.2952,-0.3694,-0.5073,0.17,0.3643,-1.247,-0.2184,-1.979,0.4395,-0.0234,-7.72,-0.7563,1.0625,0.4832,-0.311,0.283,0.5435,-1.059,0.10767,7.05,1.11,1.003,0.04236,0.588,-0.12164,1.545,0.1544,0.266,-0.3953,0.502,-0.3982,0.1884,0.0858,-0.2354,-0.167,0.7134,0.1521,-0.3613,-0.03827,0.3337,-0.877,0.386,-0.1461,0.008934,-0.4336,-0.2969,-1.493,-0.4946,0.534,0.0434,-0.64,-0.5654,0.3696,-0.3992,0.2228,-0.1232,0.1259,0.4695,-0.02054,-0.7515,0.007767,-0.543,-0.1595,-0.2935,0.4155,0.0347,-0.2815,0.01403,0.3782,-0.848,0.1284,-0.1982,1.585,-0.4177,0.0775,0.5938,0.004025,-0.07056,1.454,-0.3945,-0.52,-0.02345,-0.02191,-0.18,0.6206,0.58,-0.256,0.5293,0.2391,1.027,0.1904,0.199,0.511,0.1917,-1.856,0.24,0.0641,0.3337,-0.1357,-1.351,-0.326,0.02905,0.714,0.5854,-0.2612,0.02925,0.1263,-0.2319,-0.529,0.1907,-0.3982,0.3303,-0.4,0.618,0.1377,0.2236,-0.4463,-1.165,0.1519,0.1703,0.1963,-0.9067,0.03433,-0.2954,0.4011,0.802,0.3152,0.7393,0.2815,-0.03873,0.548,-0.02075,-3.492,-0.7275,0.0833,-0.1656,-0.949,-0.02112,-0.4268
0,-0.05838,0.4863,-0.2378,0.2385,0.10443,0.2057,-0.166,1.151,-0.2191,0.8433,-0.729,-0.54,-0.1698,-0.1973,0.1439,0.08844,-0.2328,0.0614,0.495,-0.2756,-0.372,0.9736,0.1703,-0.7607,0.12213,-0.751,-2.24,-0.1409,-0.1559,0.04535,-0.423,0.2568,-0.1605,0.5073,-0.3953,-0.3367,0.0601,0.675,0.4492,-0.01974,0.3633,-0.02365,0.641,0.6577,0.3064,0.05286,-0.3918,-0.1869,-0.1625,0.04578,0.3782,-0.191,-0.386,1.071,0.3586,0.04346,-0.1195,0.439,-0.09283,0.1848,3.021,0.3599,-0.2332,-8.48,-0.478,0.146,0.522,0.2375,-0.0967,0.6045,0.603,-0.2913,7.145,-0.916,0.7563,0.266,0.0099,1.057,1.055,0.1586,0.3777,0.1277,0.2056,0.1556,-0.228,-0.0823,-0.4177,0.1289,-0.3005,-0.2374,0.04294,-0.5225,0.0177,0.10724,-0.238,1.407,0.06003,-0.4902,0.4106,-3.002,-0.231,1.028,0.1277,0.2062,-0.4734,-0.8193,-0.513,-0.02058,0.1157,0.299,0.2036,0.3042,-0.2634,-0.2974,-0.376,-0.1687,-0.811,-0.659,0.319,-0.3384,0.02405,0.6753,-0.1567,0.2915,0.0748,1.122,-0.3252,0.331,-0.0002437,0.1161,-0.2449,0.3591,0.8955,-0.2166,0.0517,-0.1647,-0.4373,-0.2598,-1.888,0.0317,-0.0429,0.2683,0.3252,0.10254,0.465,-0.3008,-0.0613,-1.858,-0.0746,-0.3486,0.00522,-0.1489,-0.738,-0.4485,0.3096,-0.04453,0.544,-0.7407,-0.117,0.1456,0.1505,-0.262,-0.2344,-0.3318,0.4617,0.0157,-0.459,-0.0882,-0.3325,-0.342,-0.3208,0.8105,-0.1368,0.0816,0.6987,-0.1389,0.2288,-0.3083,0.2343,0.0573,-0.0217,-0.286,0.08374,0.08795,-0.5205,2.465,-0.603,0.1971,-0.009605,-0.0512,-0.1781,-0.562
1,0.364,0.06494,-0.1609,0.325,0.0765,-0.1126,-0.619,-0.1484,-0.217,0.1351,1.238,-0.3325,0.0674,0.1013,-0.538,0.1147,0.2316,0.363,0.4197,-0.6816,-0.51,-2.357,-0.274,-0.6313,1.008,1.103,2.463,-0.2983,0.1516,0.1609,0.3022,0.9517,0.05612,0.2625,-0.8823,-0.11176,0.3777,0.813,-0.9287,-0.1698,0.03394,-0.01799,-0.349,0.2583,0.3616,-0.1566,0.4824,0.4592,0.1515,0.9414,0.95,-0.617,-0.2603,0.3357,-0.2188,-0.4385,0.111,0.372,-1.19,-0.2001,-2.021,0.3574,-0.1747,-7.746,-0.647,0.982,0.435,-0.4092,0.1575,0.4075,-1.258,0.0086,7.125,1.187,0.9717,0.1808,0.647,-0.01909,1.632,0.193,0.2966,-0.2239,0.346,-0.2284,0.2212,0.0901,-0.1764,-0.2258,0.7344,0.1526,-0.4346,-0.296,0.0851,-0.8735,0.3306,-0.1619,0.1853,-0.4136,-0.2489,-1.499,-0.4275,0.4548,0.1133,-0.619,-0.433,0.4653,-0.1888,0.32,-0.06158,0.06525,0.2119,-0.10834,-0.809,-0.005558,-0.4956,0.1594,-0.1692,0.371,0.117,-0.2632,-0.0909,0.5044,-0.853,0.02274,-0.16,1.471,-0.438,-0.003082,0.6167,-0.1537,-0.3018,1.447,-0.3816,-0.59,-0.04935,0.05093,-0.00787,0.492,0.6084,-0.1109,0.581,0.3755,0.903,0.4277,0.2423,0.3694,0.1908,-1.731,0.1572,0.0417,0.1877,-0.2216,-1.193,-0.42,-0.04053,0.5034,0.6626,-0.1871,0.03534,0.1708,-0.1346,-0.6514,0.2556,-0.35,0.3882,-0.351,0.48,0.0314,0.2048,-0.5537,-1.217,-0.054,0.2786,0.1016,-0.7573,-0.010506,-0.2015,0.549,0.8193,0.2206,0.83,0.2524,-0.0758,0.518,0.3176,-3.475,-0.735,0.1832,-0.1714,-0.9907,-0.01266,-0.369
0,-0.1855,0.49,-0.2832,0.2374,0.05466,0.297,-0.2136,1.049,-0.1708,0.7524,-0.6777,-0.703,-0.191,-0.273,0.3064,0.158,-0.2467,0.1047,0.5605,-0.3005,-0.3833,0.95,0.2944,-0.7124,0.02777,-0.726,-2.105,-0.2715,-0.1091,0.04794,-0.3647,0.2266,-0.1743,0.503,-0.3555,-0.1771,0.04965,0.7344,0.3462,0.04218,0.248,0.03564,0.6157,0.6343,0.2542,0.2162,-0.3933,-0.1087,-0.123,0.0973,0.3096,-0.1536,-0.51,1.119,0.4338,0.08594,-0.1962,0.51,-0.0904,0.1682,3.012,0.4067,-0.3477,-8.484,-0.4426,0.1172,0.556,0.1134,-0.0888,0.627,0.562,-0.347,7.168,-0.825,0.747,0.06354,-0.08234,1.0205,0.925,0.11084,0.4707,0.1428,0.1394,0.3262,-0.2079,0.003523,-0.3035,0.2037,-0.2438,-0.1588,0.1279,-0.63,-0.09766,0.0008826,-0.2825,1.428,0.0514,-0.4734,0.4355,-3.021,-0.353,1.059,0.08057,0.2603,-0.4019,-0.856,-0.521,-0.03662,0.1145,0.291,0.07806,0.2827,-0.3838,-0.3455,-0.282,-0.04733,-0.675,-0.5103,0.2876,-0.2742,-0.04977,0.6865,-0.0573,0.3223,0.1095,1.159,-0.1664,0.05518,0.01836,0.22,-0.2441,0.3044,0.867,-0.287,-0.03018,-0.2211,-0.4626,-0.2712,-1.962,-0.03088,-0.0511,0.2947,0.328,0.1832,0.554,-0.3167,-0.03867,-1.731,-0.1454,-0.3438,-0.04926,-0.2347,-0.8535,-0.31,0.3726,-0.0719,0.6313,-0.8496,-0.10175,0.2805,0.0944,-0.2744,-0.3618,-0.2382,0.537,0.04343,-0.572,-0.1401,-0.2979,-0.4868,-0.2864,0.754,-0.0647,0.1232,0.7676,-0.1213,0.1046,-0.3555,0.2225,0.1705,-0.05557,-0.3538,0.2325,0.0733,-0.4004,2.379,-0.657,0.316,-0.01035,-0.1265,-0.09015,-0.6777
1,0.3577,0.2039,-0.1329,0.443,0.03717,-0.08356,-0.671,-0.03082,-0.2512,0.1862,1.198,-0.316,-0.05533,0.2484,-0.4438,0.0752,0.294,0.4258,0.4521,-0.5967,-0.4912,-2.41,-0.2135,-0.622,1.114,1.061,2.516,-0.2384,0.0494,0.1656,0.2903,1.102,-0.06793,0.3408,-0.9414,-0.1644,0.421,0.7227,-0.9893,-0.1097,-0.0583,-0.0438,-0.3918,0.2854,0.5513,-0.1079,0.595,0.5244,0.0951,0.9053,0.97,-0.6113,-0.1682,0.3567,-0.238,-0.546,0.11206,0.36,-1.267,-0.2003,-2.135,0.2803,-0.00781,-7.684,-0.7183,0.871,0.3887,-0.365,0.1243,0.3875,-1.183,-0.01453,7.13,1.198,0.982,0.1486,0.693,-0.1466,1.602,0.07166,0.1371,-0.349,0.3984,-0.3357,0.2534,0.10675,-0.1444,-0.25,0.65,0.1592,-0.498,-0.2244,0.199,-0.906,0.3625,-0.0904,0.2301,-0.5273,-0.3567,-1.391,-0.31,0.5576,0.05823,-0.78,-0.614,0.3894,-0.3323,0.403,-0.12366,0.08704,0.2113,-0.03766,-0.6963,0.002527,-0.518,0.1124,-0.1415,0.4653,0.06464,-0.1892,-0.2032,0.5312,-0.7993,-0.01897,-0.2218,1.438,-0.4358,0.05774,0.613,-0.04758,-0.1904,1.535,-0.4402,-0.6274,-0.0748,0.073,-0.05038,0.6,0.624,-0.2418,0.5073,0.3186,1.045,0.2465,0.153,0.442,0.1804,-1.741,0.2131,0.012436,0.2134,-0.2206,-1.097,-0.3813,-0.09625,0.543,0.612,-0.1921,0.0663,0.1305,-0.195,-0.5283,0.1542,-0.3503,0.3508,-0.3108,0.5215,0.1664,0.09985,-0.4426,-1.254,0.04816,0.11304,0.1614,-0.827,0.06525,-0.11163,0.4922,0.7847,0.2107,0.7544,0.3042,-0.06354,0.4412,0.08575,-3.389,-0.6147,0.1192,-0.1307,-0.9814,-0.06122,-0.3438
1,0.3682,-0.0642,-0.11646,0.353,0.02727,-0.11285,-0.603,-0.0599,-0.2312,0.1837,1.0205,-0.3005,-0.0331,0.05164,-0.4834,-0.0162,0.241,0.4316,0.305,-0.4521,-0.469,-2.408,-0.289,-0.73,0.933,1.109,2.195,-0.2976,0.09125,0.1926,0.2654,1.015,0.01493,0.1218,-0.9526,-0.11816,0.4636,0.6445,-0.807,-0.297,-0.0986,-0.1521,-0.3352,0.363,0.3586,-0.03023,0.495,0.4548,0.1542,0.87,0.9097,-0.4512,-0.1647,0.2622,-0.2015,-0.505,0.0637,0.2472,-1.217,-0.2732,-1.895,0.221,0.003883,-7.945,-0.478,0.9478,0.4316,-0.4238,0.2133,0.2888,-1.298,0.01677,7.46,1.228,0.835,0.2808,0.695,0.1587,1.64,0.1318,0.121,-0.1796,0.3826,-0.1359,0.3237,0.0374,-0.1792,-0.1145,0.6455,0.1714,-0.4695,-0.2922,0.1526,-0.7383,0.365,-0.1562,0.1437,-0.421,-0.2096,-1.453,-0.3572,0.3015,0.0783,-0.5527,-0.3245,0.4507,-0.1783,0.1758,-0.1537,0.03973,0.2651,0.01877,-0.7236,0.0716,-0.4617,0.0679,-0.1227,0.391,0.0406,-0.1537,-0.1242,0.5127,-0.8,0.1692,-0.1698,1.279,-0.4512,0.007782,0.578,-0.09424,-0.2063,1.451,-0.333,-0.4268,-0.01474,0.1793,-0.04727,0.414,0.7314,-0.1923,0.6455,0.4038,0.644,0.3225,0.1346,0.4067,0.119,-1.722,0.1703,0.05255,0.3428,-0.1848,-1.056,-0.2556,-0.01561,0.59,0.511,-0.04453,-0.01491,0.03122,-0.1359,-0.5044,0.1786,-0.313,0.2316,-0.4197,0.2253,0.0679,0.05945,-0.4512,-1.132,0.142,0.2385,0.06964,-0.844,-0.05515,-0.205,0.698,0.681,0.1924,0.81,0.234,0.01065,0.4333,0.2693,-3.379,-0.7153,0.0571,-0.1754,-0.7393,-0.1335,-0.2566
0,0.1337,0.3118,-0.05856,0.27,-0.001361,-0.0909,-0.1998,1.32,-0.233,0.783,-0.812,-0.4812,-0.2333,-0.1581,0.05304,-0.00606,-0.3203,0.06097,0.3987,-0.283,-0.2957,0.872,0.1667,-1.043,0.2751,-0.658,-2.174,-0.2028,-0.274,0.12244,-0.2646,0.1058,-0.1796,0.3394,-0.5884,-0.3345,0.03726,0.666,0.301,-0.1733,0.2129,-0.0944,0.5586,0.604,0.2,-0.1103,-0.3586,-0.1392,-0.1218,0.0001084,0.3728,-0.0988,-0.3215,1.062,0.2603,0.04095,-0.1371,0.3804,0.01453,0.1469,2.947,0.2507,-0.1534,-8.7,-0.3389,0.1846,0.593,0.1915,-0.1063,0.4097,0.493,-0.3604,7.36,-0.803,0.5923,0.2411,0.1774,1.215,1.303,0.0774,0.2944,0.2267,0.1932,0.1841,-0.009,0.0743,-0.2878,0.11664,-0.3154,-0.2944,-0.05142,-0.808,-0.01154,0.3909,-0.258,1.296,0.02432,-0.4385,0.4312,-2.83,-0.2522,0.778,0.011765,0.2983,-0.2778,-0.731,-0.375,-0.0613,0.04755,0.2137,0.3105,0.4436,-0.1428,-0.3618,-0.4265,-0.0842,-0.7363,-0.6353,0.1743,-0.2625,-0.10486,0.5605,-0.0613,0.496,-0.0697,0.872,-0.4436,0.2512,0.0384,0.157,-0.1956,0.433,0.9473,-0.002438,0.05927,0.06055,-0.325,-0.4966,-1.621,-0.0999,0.11066,0.387,0.2037,0.10364,0.36,-0.3225,0.11206,-1.432,0.1198,-0.2932,0.10767,-0.0844,-0.6836,-0.3286,0.2465,0.01049,0.4563,-0.461,-0.11304,0.1317,0.2551,-0.1864,-0.3442,-0.2607,0.1642,-0.03333,-0.7295,-0.1809,-0.4758,-0.117,-0.377,0.764,-0.1061,0.1656,0.4463,-0.3027,0.0431,-0.04376,0.1857,-0.05826,0.03693,-0.3025,0.10706,-0.0689,-0.1139,2.406,-0.6787,0.1531,-0.08575,0.04736,-0.11597,-0.3303
0,-0.1975,0.4746,-0.326,0.1909,0.01611,0.3245,-0.0867,1.149,-0.0298,0.834,-0.721,-0.681,-0.1344,-0.2988,0.2484,0.1791,-0.2489,0.1364,0.5127,-0.2468,-0.4731,1.068,0.3542,-0.807,0.1339,-0.776,-2.197,-0.2216,-0.1185,0.04202,-0.3682,0.2405,-0.1256,0.5376,-0.4346,-0.4097,-0.03476,0.6978,0.5146,0.06335,0.3562,-0.01114,0.5938,0.6714,0.1953,0.1042,-0.3115,-0.11237,-0.06647,0.2053,0.4395,-0.3162,-0.3447,1.196,0.4546,0.1832,-0.0935,0.4368,-0.0965,0.155,3.031,0.3684,-0.278,-8.33,-0.4263,0.1903,0.58,0.2386,-0.1538,0.7124,0.6025,-0.2264,6.98,-0.9336,0.802,0.2468,-0.2249,0.9194,0.948,0.1835,0.4832,0.052,0.294,0.2522,-0.2372,-0.12,-0.3833,0.2155,-0.2944,-0.1125,0.172,-0.5107,-0.01546,-0.002851,-0.2917,1.493,0.06305,-0.5054,0.4585,-3.127,-0.3274,1.131,0.0779,0.3604,-0.548,-0.892,-0.5854,0.0205,0.11005,0.1506,0.07825,0.208,-0.3782,-0.3342,-0.4292,-0.1947,-0.774,-0.6997,0.354,-0.36,0.01692,0.7134,-0.1417,0.3677,0.08887,1.161,-0.1906,0.2207,-0.03123,0.1021,-0.2168,0.424,0.8735,-0.2189,0.08527,-0.2292,-0.588,-0.2048,-1.97,-0.10785,-0.04333,0.307,0.2886,0.1655,0.633,-0.3965,-0.012184,-1.745,-0.1387,-0.4404,-0.11365,-0.1738,-0.7964,-0.2152,0.396,-0.02759,0.75,-1.003,-0.04703,0.3748,0.0924,-0.4128,-0.3464,-0.2334,0.41,-0.01653,-0.507,-0.06744,-0.2288,-0.445,-0.5083,0.6855,-0.2114,0.04324,0.589,-0.06146,0.2334,-0.3772,0.304,0.1183,-0.04837,-0.3538,0.2333,0.03638,-0.549,2.473,-0.692,0.3594,-0.0271,-0.0905,-0.1305,-0.691
0,-0.2043,0.4983,-0.2642,0.2268,0.0669,0.2482,-0.1874,1.163,-0.0788,0.7812,-0.7837,-0.6885,-0.1921,-0.2083,0.2874,0.10333,-0.2559,0.1937,0.569,-0.3472,-0.407,0.9854,0.352,-0.8516,0.1404,-0.706,-2.256,-0.2659,-0.10266,0.021,-0.3652,0.2175,-0.1048,0.5024,-0.3777,-0.2593,-0.00224,0.765,0.3909,0.04288,0.2744,0.02388,0.5366,0.641,0.2218,0.176,-0.3916,-0.10144,-0.05484,0.1299,0.307,-0.2162,-0.3943,1.201,0.4092,0.03717,-0.2148,0.465,-0.1114,0.1273,3.084,0.3574,-0.2979,-8.4,-0.3965,0.1222,0.5566,0.1154,-0.0886,0.6323,0.5117,-0.3499,7.04,-0.8403,0.8296,0.1671,-0.0561,1.037,0.983,0.08636,0.4097,0.12024,0.1571,0.3032,-0.1766,-0.05304,-0.3474,0.2318,-0.2793,-0.1832,0.1113,-0.635,-0.0568,0.01557,-0.2761,1.504,0.0935,-0.4946,0.425,-3.057,-0.2656,1.124,0.0819,0.3108,-0.4387,-0.8765,-0.542,-0.01533,0.01063,0.2183,0.06146,0.3032,-0.3652,-0.3171,-0.3672,-0.0568,-0.6343,-0.58,0.2551,-0.2996,-0.0281,0.688,-0.004284,0.3997,0.07947,1.121,-0.1947,0.07947,-0.05814,0.2041,-0.1968,0.3206,0.9165,-0.2593,0.003174,-0.171,-0.5015,-0.3062,-1.918,-0.07886,-0.00823,0.3079,0.354,0.1927,0.5977,-0.3416,-0.04166,-1.731,-0.1631,-0.3298,-0.0932,-0.2452,-0.7363,-0.2625,0.3655,-0.004673,0.69,-0.8696,-0.1251,0.3076,0.11176,-0.2659,-0.4194,-0.2065,0.452,-0.0005074,-0.6294,-0.0887,-0.3455,-0.5293,-0.3586,0.7266,-0.166,0.06354,0.6514,-0.11584,0.2053,-0.3396,0.2338,0.1515,-0.0531,-0.336,0.2393,0.0302,-0.4233,2.537,-0.648,0.3289,-0.0405,-0.12476,-0.1327,-0.6924
1,0.2607,0.02917,-0.2012,0.4248,0.04974,0.0606,-0.6987,-0.0934,-0.2905,0.2109,1.233,-0.326,0.04315,0.0944,-0.4956,0.08344,0.205,0.3726,0.359,-0.6167,-0.504,-2.209,-0.3855,-0.616,0.9976,1.116,2.447,-0.283,0.0605,0.0997,0.384,1.014,-0.01787,0.2615,-0.935,-0.0572,0.3982,0.6313,-0.8735,-0.1848,0.0289,-0.078,-0.3423,0.384,0.3691,-0.05582,0.594,0.473,0.1802,0.8735,0.8486,-0.522,-0.2,0.386,-0.2244,-0.4216,0.1244,0.3782,-1.184,-0.2339,-1.961,0.3997,-0.1482,-7.793,-0.6504,0.9883,0.4185,-0.2986,0.1985,0.489,-1.211,0.0491,7.223,1.229,0.9185,0.2122,0.5444,-0.09534,1.507,0.1497,0.2433,-0.3005,0.4224,-0.279,0.2676,0.05505,-0.2125,-0.1868,0.59,0.1434,-0.3257,-0.2151,0.245,-0.8413,0.2856,-0.1556,0.03485,-0.414,-0.2137,-1.527,-0.5186,0.4543,0.1512,-0.539,-0.4932,0.427,-0.3398,0.2236,-0.1729,0.03085,0.3591,-0.1487,-0.793,0.0433,-0.538,0.0728,-0.2479,0.4229,0.0974,-0.2915,0.07355,0.5327,-0.913,0.1224,-0.107,1.557,-0.3472,0.04236,0.592,-0.2432,-0.1699,1.415,-0.429,-0.5015,0.04785,0.04962,-0.0553,0.5415,0.5757,-0.10516,0.5205,0.3013,0.901,0.342,0.226,0.4304,0.2152,-1.617,0.2026,0.04953,0.2573,-0.1598,-1.297,-0.374,0.02696,0.6577,0.62,-0.2035,-0.0788,0.1285,-0.2267,-0.608,0.3193,-0.374,0.3303,-0.3372,0.4438,0.03897,0.2654,-0.4724,-1.163,0.077,0.2527,0.01114,-0.9478,-0.0084,-0.3538,0.513,0.754,0.2812,0.821,0.226,-0.06445,0.4973,0.135,-3.428,-0.8257,0.1882,-0.2006,-0.9688,-0.08496,-0.3303
0,-0.0986,0.4312,-0.2773,0.1945,0.0647,0.2211,-0.07733,1.2295,-0.09485,0.821,-0.741,-0.6084,-0.1831,-0.2073,0.2194,0.1233,-0.2732,0.1104,0.4866,-0.2837,-0.4333,1.036,0.2832,-0.8823,0.195,-0.7217,-2.25,-0.1881,-0.1792,0.04468,-0.363,0.2595,-0.1109,0.533,-0.4666,-0.4128,-0.002214,0.732,0.484,0.0491,0.3225,-0.01834,0.5664,0.6665,0.2488,0.014435,-0.327,-0.1377,-0.11,0.1562,0.4321,-0.2239,-0.3457,1.176,0.4214,0.1147,-0.1127,0.3867,-0.1024,0.1648,3.035,0.3623,-0.2451,-8.39,-0.43,0.1981,0.5674,0.238,-0.1504,0.649,0.6074,-0.281,7.04,-0.917,0.838,0.2983,-0.09625,0.995,1.027,0.136,0.3904,0.0748,0.2327,0.2642,-0.2013,-0.09283,-0.4019,0.1862,-0.296,-0.1671,0.07416,-0.521,-0.0508,0.04373,-0.2705,1.473,0.10034,-0.479,0.4583,-3.092,-0.2786,1.081,0.0699,0.3035,-0.542,-0.879,-0.596,0.0333,0.11664,0.204,0.1411,0.28,-0.3564,-0.3105,-0.4448,-0.193,-0.7817,-0.7354,0.3296,-0.346,0.00066,0.669,-0.1575,0.353,0.05035,1.105,-0.2727,0.2383,-0.0393,0.1322,-0.2373,0.4062,0.8955,-0.2124,0.05493,-0.1467,-0.561,-0.2688,-1.896,-0.08795,0.006725,0.336,0.319,0.1334,0.5757,-0.3442,-0.01435,-1.722,-0.1203,-0.4167,-0.0502,-0.1831,-0.709,-0.2876,0.3596,-0.01045,0.699,-0.889,-0.0759,0.315,0.1311,-0.3523,-0.3008,-0.2421,0.393,-0.01152,-0.537,-0.08344,-0.2942,-0.3618,-0.4836,0.6943,-0.201,0.06976,0.5693,-0.0865,0.2229,-0.2986,0.301,0.0784,-0.02565,-0.325,0.1476,0.0171,-0.4417,2.488,-0.6553,0.2664,-0.01805,-0.04953,-0.1742,-0.6387
0,-0.1693,0.4595,-0.3296,0.1998,-0.0229,0.278,-0.1092,1.179,-0.06683,0.796,-0.8027,-0.708,-0.1236,-0.2732,0.252,0.1302,-0.255,0.2036,0.5005,-0.2471,-0.512,1.123,0.4058,-0.859,0.2025,-0.839,-2.271,-0.3093,-0.2152,0.02014,-0.397,0.1357,-0.01886,0.4875,-0.4524,-0.3235,-0.04572,0.6978,0.4639,0.1729,0.3252,-0.0363,0.5913,0.577,0.11945,0.1376,-0.264,-0.1188,0.01648,0.2133,0.3752,-0.3516,-0.4219,1.2,0.3918,0.08765,-0.05518,0.3926,-0.1361,0.1016,3.043,0.3608,-0.153,-8.305,-0.3674,0.1664,0.54,0.2106,-0.01656,0.669,0.596,-0.1868,7.004,-0.8706,0.803,0.216,-0.1216,0.9688,0.982,0.1975,0.4722,0.0732,0.2432,0.2236,-0.2263,-0.1203,-0.3567,0.3025,-0.2507,-0.1155,0.139,-0.6245,0.03955,0.11945,-0.365,1.529,0.02878,-0.4165,0.3708,-3.11,-0.2512,1.152,0.05972,0.3845,-0.4658,-0.915,-0.592,-0.004745,0.01385,0.1696,0.07275,0.2365,-0.407,-0.3838,-0.3572,-0.1437,-0.6973,-0.6772,0.291,-0.3162,0.01721,0.6636,-0.09265,0.53,0.0798,1.155,-0.1641,0.1489,-0.03406,0.2106,-0.2137,0.4285,0.895,-0.167,0.1197,-0.2075,-0.5786,-0.2522,-1.965,-0.1276,-0.02505,0.3125,0.3652,0.0873,0.6387,-0.4263,-0.02425,-1.687,-0.1523,-0.3667,-0.1168,-0.249,-0.7666,-0.1587,0.395,0.005344,0.7173,-0.919,-0.123,0.4084,0.01216,-0.3513,-0.4814,-0.1289,0.3718,-0.0387,-0.5356,-0.000373,-0.2915,-0.56,-0.536,0.716,-0.221,0.0579,0.5664,-0.1294,0.1732,-0.3704,0.2927,0.1528,-0.001189,-0.4016,0.3567,0.0137,-0.49,2.484,-0.6567,0.3655,-0.06573,-0.12463,-0.1965,-0.7075
1,0.3684,-0.01118,-0.1635,0.255,0.02882,-0.1006,-0.658,-0.001343,-0.2474,0.2113,1.224,-0.3062,-0.1282,0.2625,-0.4473,-0.01561,0.2842,0.4421,0.3823,-0.5693,-0.5083,-2.541,-0.2311,-0.8335,1.147,1.108,2.432,-0.1643,0.03754,0.1692,0.3228,1.243,0.02539,0.297,-1.038,-0.1522,0.4207,0.7646,-0.916,-0.0781,-0.1008,-0.186,-0.3914,0.3801,0.554,-0.1084,0.5845,0.517,0.1542,0.912,0.958,-0.533,-0.1238,0.2397,-0.3535,-0.605,0.1335,0.323,-1.279,-0.2605,-2.201,0.3374,0.0698,-7.535,-0.7104,0.96,0.484,-0.4475,0.2524,0.3538,-1.181,0.02837,6.97,1.217,1.016,0.124,0.7163,0.00528,1.792,0.06003,0.1309,-0.38,0.385,-0.343,0.3206,0.08453,-0.128,-0.189,0.8315,0.1566,-0.545,-0.124,0.1458,-0.866,0.444,-0.10333,0.1942,-0.4844,-0.3389,-1.348,-0.2742,0.5327,-0.05713,-0.805,-0.5356,0.407,-0.3726,0.3828,-0.1066,0.08124,0.3274,0.0766,-0.711,0.04645,-0.535,-0.04172,-0.2229,0.394,-0.010544,-0.1816,-0.2054,0.4429,-0.718,0.08215,-0.263,1.343,-0.5317,0.0901,0.621,0.09753,-0.1437,1.586,-0.3882,-0.616,-0.06232,0.09454,-0.1569,0.609,0.653,-0.3848,0.559,0.3118,1.002,0.2249,0.0988,0.5146,0.089,-1.905,0.2446,0.0747,0.2964,-0.1707,-1.09,-0.2996,-0.0894,0.644,0.6143,-0.1311,0.0753,0.132,-0.2026,-0.4822,0.06696,-0.355,0.2812,-0.3464,0.5024,0.2046,0.06775,-0.4578,-1.322,0.1362,0.1178,0.2378,-0.8965,0.0319,-0.05823,0.581,0.8286,0.2021,0.7495,0.2808,-0.01727,0.4949,0.0533,-3.543,-0.644,0.0366,-0.1335,-0.896,-0.1375,-0.4019
1,0.07336,0.327,-0.2401,0.5615,-0.11487,0.165,-0.6187,-0.1504,-0.1986,0.3079,1.202,-0.2612,0.0615,0.3376,-0.525,0.10425,0.2147,0.4446,0.514,-0.577,-0.515,-2.21,-0.2698,-0.3206,1.149,0.836,2.55,-0.2932,-0.1816,0.10156,0.1943,1.005,-0.1309,0.342,-0.922,-0.2773,0.512,0.731,-0.943,0.03152,-0.02225,-0.04196,-0.11176,0.1749,0.59,-0.1703,0.584,0.522,0.0832,0.724,1.005,-0.5356,-0.03207,0.3335,-0.2493,-0.4187,0.127,0.3245,-1.331,-0.077,-1.958,0.2289,0.1103,-7.86,-0.8086,0.853,0.3933,-0.2075,0.1279,0.6187,-0.8843,0.1472,7.156,1.051,0.8325,0.0876,0.6206,-0.2388,1.451,0.2303,0.2583,-0.283,0.6094,-0.4421,0.04944,0.0714,-0.2798,-0.2573,0.653,0.1273,-0.4397,-0.1092,0.4055,-0.866,0.33,-0.0703,0.0415,-0.547,-0.371,-1.551,-0.3987,0.4946,0.2251,-0.704,-0.6255,0.4592,-0.2925,0.2668,-0.0701,0.118,0.3535,-0.10443,-0.504,-0.1642,-0.5527,-0.01153,-0.292,0.3916,0.0482,-0.2333,-0.07086,0.4478,-0.7236,-0.06055,-0.3108,1.507,-0.356,0.1349,0.5376,0.02249,-0.2041,1.543,-0.504,-0.5215,-0.1266,0.007305,-0.02457,0.543,0.4724,-0.2474,0.4158,0.1995,1.15,0.1112,0.3086,0.3691,0.3816,-1.849,0.1403,-0.02438,0.2218,-0.1525,-1.224,-0.3767,-0.0668,0.6143,0.698,-0.3743,0.221,0.1062,-0.2722,-0.5933,0.378,-0.4626,0.2507,-0.382,0.7046,0.0813,0.1222,-0.2742,-1.147,0.1195,0.1351,0.1504,-0.779,0.08856,-0.1976,0.2472,0.8853,0.234,0.7344,0.2734,-0.101,0.29,-0.1313,-3.287,-0.649,0.0239,-0.0983,-1.117,0.02444,-0.3687
1,0.2676,-0.04007,-0.1714,0.2644,0.00927,0.0824,-0.784,-0.0959,-0.4175,0.2148,1.19,-0.2329,-0.1531,0.00362,-0.3867,-0.01039,0.192,0.4475,0.2905,-0.604,-0.505,-2.393,-0.2954,-0.6885,1.003,1.165,2.244,-0.216,0.1322,0.1078,0.353,1.045,0.1417,0.2417,-0.924,0.1202,0.2576,0.5854,-0.688,-0.0666,0.003885,-0.1515,-0.3037,0.408,0.3445,-0.0226,0.6167,0.5186,0.246,0.7485,0.765,-0.5166,-0.2119,0.2927,-0.1858,-0.5513,0.12384,0.377,-1.122,-0.2429,-1.95,0.3574,-0.0986,-7.91,-0.5586,0.988,0.4395,-0.3574,0.2462,0.4573,-1.234,0.02275,7.387,1.067,0.9517,0.0357,0.62,0.0602,1.533,0.07904,0.1543,-0.4395,0.4028,-0.2688,0.2634,0.0733,-0.1273,-0.11615,0.564,0.1625,-0.2754,-0.1455,0.2065,-0.8325,0.3699,-0.1742,0.2303,-0.3564,-0.2426,-1.557,-0.4072,0.5083,0.02467,-0.489,-0.4438,0.3784,-0.448,0.1522,-0.2052,0.1403,0.3643,-0.0487,-0.807,0.1055,-0.4697,-0.04123,-0.0629,0.532,-0.0382,-0.3018,-0.0776,0.4292,-0.757,0.202,-0.1156,1.371,-0.3481,0.02621,0.5444,0.0353,-0.06555,1.5,-0.433,-0.4668,0.04675,0.0326,-0.1561,0.589,0.626,-0.2693,0.5854,0.2644,0.894,0.1967,0.1609,0.4229,0.00975,-1.768,0.24,0.03708,0.2003,-0.2343,-1.093,-0.2551,-0.03326,0.565,0.489,-0.204,-0.0683,0.0634,-0.2366,-0.459,0.01982,-0.3765,0.2864,-0.3652,0.4333,0.10956,0.2408,-0.4692,-1.109,0.1525,0.1357,0.1764,-0.8105,0.01811,-0.2122,0.4612,0.6694,0.2483,0.6953,0.2993,0.118,0.583,0.1048,-3.357,-0.684,0.2158,-0.1068,-0.7983,-0.07465,-0.3926
1,0.1859,-0.2465,-0.258,-0.0337,-0.0758,-0.08514,-0.592,-0.0239,-0.2678,0.4321,0.5825,0.01944,-0.3418,-0.1986,-0.013885,-0.1886,-0.0605,0.265,-0.05832,-0.2974,-0.2108,-2.545,-0.1516,-0.6816,0.739,1.267,1.169,0.01958,0.4187,-0.07776,0.4797,0.7056,0.3499,0.1777,-0.609,0.2124,-0.00495,0.4722,-0.0823,-0.202,-0.379,-0.511,-0.5244,0.592,-0.04852,0.1438,0.5347,0.4133,0.3135,0.3962,0.755,-0.1925,-0.02478,0.2803,-0.1843,-0.745,-0.07135,0.1056,-1.036,-0.1067,-1.213,0.2233,0.03348,-8.41,-0.09717,0.8,0.1349,-0.2556,0.2876,0.2413,-1.32,0.0863,8.18,0.9463,0.6343,-0.0421,0.6406,0.6943,1.139,0.057,0.1149,-0.557,0.4497,-0.05777,0.4775,0.075,0.10406,0.17,0.4404,0.1477,-0.2189,-0.02718,0.05734,-0.4932,0.431,-0.485,0.3735,-0.11475,0.03317,-1.89,-0.11725,0.1373,-0.0963,-0.0651,0.002344,0.534,-0.09033,-0.26,-0.138,0.2008,0.2015,0.3113,-0.6963,0.3787,-0.4717,-0.2185,0.3994,0.621,-0.2815,-0.2354,-0.05875,0.0385,-0.5425,0.4082,0.0715,0.515,-0.3035,0.0627,0.2002,0.3088,0.1166,1.516,-0.2646,-0.1202,-0.1437,0.1727,-0.2058,0.3193,0.901,-0.4722,0.907,-0.0751,0.2666,0.1505,-0.001468,0.1772,-0.1656,-1.701,0.4275,-0.0659,0.1166,-0.5015,-0.5376,-0.2006,-0.03555,0.3887,0.00572,0.0557,-0.0984,-0.0467,-0.08295,-0.0902,-0.1945,-0.01342,0.1249,-0.4429,-0.02238,-0.1113,-0.111,-0.304,-0.8945,0.07697,-0.10474,0.1777,-0.7085,-0.1779,-0.1431,0.9463,0.3667,0.2803,0.3972,0.3047,0.1458,0.6387,0.462,-2.73,-0.595,0.07196,0.05597,-0.3271,-0.1394,-0.2512
0,-0.01907,0.4578,-0.1534,0.3003,0.0765,0.1318,-0.10175,1.183,-0.247,0.832,-0.69,-0.5684,-0.2076,-0.1316,0.1659,0.0888,-0.2646,0.06122,0.4739,-0.3608,-0.3672,0.856,0.1327,-0.7627,0.1016,-0.7476,-2.098,-0.1433,-0.2382,0.06757,-0.379,0.2026,-0.2886,0.4446,-0.493,-0.3633,0.0866,0.7334,0.2974,0.01662,0.3123,-0.02103,0.5605,0.5933,0.326,-0.03296,-0.4153,-0.1592,-0.2312,0.0763,0.495,-0.07666,-0.4495,1.062,0.3896,0.07666,-0.1456,0.3489,-0.09186,0.2292,2.996,0.327,-0.2502,-8.6,-0.4658,0.11584,0.528,0.2467,-0.1719,0.579,0.67,-0.3535,7.21,-0.9243,0.759,0.2947,0.03003,1.035,1.053,0.07367,0.3735,0.09155,0.1921,0.2059,-0.1542,0.03192,-0.4014,0.1451,-0.2355,-0.2286,0.0584,-0.5405,-0.1272,0.1301,-0.3096,1.364,0.01657,-0.454,0.4287,-2.92,-0.2637,0.8916,0.0681,0.2452,-0.3936,-0.768,-0.559,0.00942,0.1323,0.1938,0.263,0.3765,-0.271,-0.3022,-0.338,-0.04764,-0.846,-0.6772,0.2157,-0.2808,0.02847,0.629,-0.1027,0.3594,0.05402,1.1,-0.316,0.2377,0.02245,0.162,-0.2378,0.3862,0.8115,-0.2076,0.03867,-0.0948,-0.3516,-0.3418,-1.87,0.0124,-0.03397,0.307,0.3152,0.1589,0.5107,-0.2717,0.0735,-1.7,-0.0807,-0.348,-0.007683,-0.1295,-0.75,-0.3408,0.185,-0.0346,0.6387,-0.7524,-0.09247,0.2128,0.2148,-0.2566,-0.1661,-0.317,0.4463,-0.00983,-0.4988,-0.1333,-0.3013,-0.294,-0.346,0.7837,-0.11914,0.16,0.679,-0.1593,0.0621,-0.2632,0.2292,0.04248,0.0316,-0.3167,0.01604,0.01385,-0.4004,2.432,-0.686,0.218,-0.01361,0.00942,-0.07764,-0.5615
1,0.3416,0.22,-0.151,0.4548,0.054,-0.168,-0.843,-0.24,-0.297,0.2329,1.177,-0.354,-0.09753,0.286,-0.525,0.0741,0.343,0.4902,0.579,-0.8022,-0.5293,-2.49,-0.2076,-0.714,1.177,1.05,2.611,-0.3313,0.1161,0.336,0.3804,0.984,-0.0812,0.2334,-0.8794,-0.06174,0.614,0.911,-1.125,-0.02925,-0.01039,0.02573,-0.2494,0.1414,0.5015,-0.01706,0.4011,0.603,-0.03748,0.878,0.984,-0.6133,-0.1797,0.2496,-0.1724,-0.5605,0.0767,0.471,-1.161,-0.10706,-2.156,0.1997,-0.0485,-7.594,-0.69,0.9214,0.4578,-0.513,0.02588,0.4202,-1.203,-0.0388,6.95,1.102,0.9443,0.1119,0.6377,-0.1554,1.874,0.0216,0.1986,-0.2144,0.485,-0.2766,0.204,0.2175,-0.1859,-0.3582,0.5864,0.0423,-0.4658,-0.4026,0.1324,-0.9033,0.3792,-0.2585,0.166,-0.52,-0.2546,-1.384,-0.3486,0.484,-0.0318,-0.7373,-0.4277,0.54,-0.1913,0.4216,-0.3152,0.00441,0.2437,0.002808,-0.6025,-0.0805,-0.5864,0.3423,-0.1542,0.6196,-0.02559,-0.0984,-0.3245,0.6943,-0.6494,0.00937,-0.3223,1.492,-0.3333,0.03143,0.6807,0.04233,-0.2115,1.594,-0.588,-0.6216,-0.04095,0.1337,0.1664,0.54,0.57,-0.318,0.5703,0.3047,1.094,0.2091,0.1866,0.3972,0.3325,-1.759,0.1771,0.1127,0.1103,-0.1771,-1.239,-0.3025,-0.0956,0.4668,0.678,-0.1432,0.0787,0.1556,-0.1637,-0.5845,0.03806,-0.4111,0.2134,-0.3284,0.4907,0.1161,-0.01002,-0.5444,-1.134,0.09436,0.2189,0.07513,-0.7188,0.07416,-0.12305,0.2422,0.791,0.2216,0.7607,0.3086,-0.005966,0.56,0.205,-3.365,-0.704,0.1864,-0.2169,-1.021,0.0292,-0.4727
0,-0.00894,0.4182,-0.2153,0.2233,0.02576,0.0933,-0.0812,1.293,-0.08545,0.783,-0.7607,-0.6,-0.1387,-0.1937,0.1471,0.04462,-0.2754,0.12305,0.4355,-0.2417,-0.4263,0.97,0.3115,-0.9766,0.2448,-0.784,-2.299,-0.2427,-0.2251,0.0629,-0.414,0.2123,-0.0958,0.4478,-0.5596,-0.4497,-0.04544,0.692,0.463,0.0452,0.3162,-0.0729,0.55,0.6094,0.1932,-0.04333,-0.3062,-0.1266,-0.06885,0.158,0.4077,-0.2722,-0.3079,1.163,0.3542,0.0377,-0.05646,0.3347,-0.1255,0.129,3.04,0.3047,-0.10754,-8.48,-0.3687,0.1984,0.585,0.2338,-0.0412,0.576,0.5933,-0.2593,7.09,-0.862,0.821,0.2866,-0.02394,1.093,1.135,0.1195,0.3447,0.1284,0.239,0.1584,-0.12225,-0.0914,-0.3862,0.2214,-0.234,-0.1869,-0.013016,-0.611,0.0281,0.2114,-0.2805,1.519,0.07697,-0.4492,0.3584,-3.006,-0.1442,0.9688,0.04257,0.3057,-0.431,-0.897,-0.5723,0.01364,0.0659,0.1857,0.1466,0.3147,-0.2852,-0.318,-0.405,-0.1857,-0.751,-0.7725,0.2834,-0.2961,-0.04828,0.5913,-0.0999,0.5176,0.02075,0.9854,-0.4001,0.3125,-0.04266,0.2017,-0.2174,0.4316,0.975,-0.1617,0.07135,-0.0701,-0.5093,-0.3655,-1.829,-0.1348,0.05273,0.3323,0.341,0.1102,0.529,-0.378,0.00826,-1.608,-0.03503,-0.3857,0.0003452,-0.142,-0.6875,-0.2262,0.2952,-0.03894,0.623,-0.743,-0.0486,0.301,0.0862,-0.2913,-0.4062,-0.1865,0.318,-0.0739,-0.6094,-0.0529,-0.409,-0.3232,-0.515,0.7056,-0.1884,0.1365,0.5107,-0.1917,0.2178,-0.16,0.2458,0.01227,0.012665,-0.3215,0.2003,-0.04776,-0.3657,2.494,-0.635,0.2266,-0.03708,-0.0063,-0.2135,-0.5664
1,0.1812,0.3298,-0.2961,0.533,0.02435,0.002243,-0.697,-0.1874,-0.1339,0.2585,1.194,-0.359,0.1425,0.3003,-0.6104,0.10406,0.1897,0.4404,0.5425,-0.666,-0.5093,-2.201,-0.3198,-0.425,1.09,0.954,2.564,-0.3242,-0.05423,0.202,0.2817,1.023,-0.1512,0.4102,-0.82,-0.259,0.564,0.8535,-0.9556,-0.1322,0.02989,0.04105,-0.2532,0.1853,0.4883,-0.10126,0.454,0.562,0.06012,0.8936,0.996,-0.543,-0.1465,0.4045,-0.2834,-0.4583,0.07526,0.3616,-1.356,-0.1049,-1.94,0.337,-0.06696,-7.695,-0.7935,0.9785,0.3826,-0.2786,0.1242,0.558,-1.13,0.0924,7.02,1.223,1.006,0.1854,0.602,-0.1752,1.512,0.1552,0.2927,-0.2228,0.501,-0.3452,0.0984,0.05182,-0.2496,-0.3657,0.6797,0.0951,-0.5093,-0.2281,0.2874,-0.932,0.3015,-0.1775,0.1279,-0.496,-0.306,-1.568,-0.3647,0.5356,0.1914,-0.6885,-0.568,0.4858,-0.1714,0.3667,-0.1385,0.0076,0.243,-0.1105,-0.5303,-0.1559,-0.629,0.1553,-0.3552,0.434,0.09674,-0.2183,0.02278,0.5435,-0.8164,-0.02223,-0.2732,1.571,-0.3735,0.1145,0.5522,-0.148,-0.316,1.451,-0.477,-0.651,-0.1459,0.10925,0.03717,0.4653,0.5146,-0.1566,0.5728,0.2927,1.112,0.3098,0.3333,0.3848,0.3672,-1.774,0.1338,0.0414,0.1802,-0.1404,-1.243,-0.4128,-0.02339,0.596,0.804,-0.2408,0.1298,0.1487,-0.2386,-0.695,0.4148,-0.3818,0.3276,-0.368,0.5444,0.04276,0.0928,-0.5586,-1.135,0.0608,0.32,-0.02611,-0.8706,0.03833,-0.1449,0.3953,0.862,0.2766,0.826,0.2776,-0.2255,0.363,0.0838,-3.371,-0.762,0.0941,-0.2386,-1.165,-0.06168,-0.4575
0,-0.2002,0.461,-0.3584,0.2053,0.0855,0.2915,-0.1365,1.068,-0.115,0.756,-0.637,-0.7373,-0.2014,-0.33,0.2292,0.2358,-0.2522,0.1252,0.621,-0.3992,-0.403,0.9937,0.314,-0.8105,0.07294,-0.7544,-2.096,-0.351,-0.1185,0.08453,-0.3184,0.2269,-0.0948,0.519,-0.335,-0.1521,-0.01218,0.7773,0.3215,0.1204,0.2052,0.0796,0.5615,0.634,0.1656,0.262,-0.3694,-0.0919,-0.1594,0.1693,0.3396,-0.1357,-0.5063,1.174,0.41,0.08453,-0.1722,0.443,-0.09283,0.215,3.018,0.4343,-0.4258,-8.445,-0.415,0.1632,0.63,0.1375,-0.04944,0.6455,0.507,-0.3079,7.082,-0.801,0.9087,0.03485,-0.2546,0.9595,1.026,0.04428,0.4377,0.0995,0.1879,0.4026,-0.1677,-0.01967,-0.315,0.1843,-0.2145,-0.1523,0.1065,-0.736,-0.0753,-0.0694,-0.3328,1.455,0.08417,-0.3828,0.4578,-3.072,-0.3003,1.129,-0.03091,0.3318,-0.409,-0.919,-0.4402,0.004627,0.1296,0.283,0.0754,0.2168,-0.4146,-0.398,-0.3662,-0.04123,-0.689,-0.4683,0.348,-0.291,-0.1061,0.6562,-0.06256,0.3467,0.065,1.211,-0.1301,-0.01746,0.094,0.291,-0.2815,0.3293,0.8564,-0.3464,-0.11505,-0.2224,-0.554,-0.2634,-1.907,-0.1477,0.04947,0.3494,0.4023,0.292,0.6333,-0.39,0.01889,-1.62,-0.2089,-0.3955,-0.1687,-0.2537,-0.9883,-0.1764,0.404,-0.06238,0.711,-0.882,-0.10754,0.4346,0.1515,-0.352,-0.4316,-0.141,0.524,0.010056,-0.5806,-0.122,-0.3167,-0.5635,-0.3398,0.589,-0.02454,0.1206,0.687,-0.0853,0.09515,-0.374,0.238,0.167,-0.0994,-0.3225,0.1794,0.14,-0.3135,2.281,-0.695,0.3486,-0.02136,-0.1719,0.000539,-0.7417
1,0.2773,0.0886,-0.1923,0.4182,-0.02136,0.1139,-0.679,0.003815,-0.3508,0.269,1.16,-0.2712,-0.09515,0.09625,-0.4111,0.02303,0.2234,0.4363,0.3374,-0.4736,-0.4915,-2.31,-0.3254,-0.477,1.025,1.088,2.27,-0.2664,-0.04703,0.0793,0.2566,1.16,-0.0336,0.3032,-0.945,-0.05017,0.2698,0.514,-0.729,-0.05493,-0.03943,-0.1443,-0.3774,0.356,0.468,-0.0633,0.737,0.5317,0.1733,0.803,0.8613,-0.4817,-0.204,0.3533,-0.217,-0.5845,0.173,0.2278,-1.296,-0.2686,-1.912,0.325,0.08887,-7.875,-0.7144,0.929,0.3562,-0.257,0.2455,0.449,-1.177,0.07587,7.38,1.11,0.9897,0.1259,0.669,-0.06256,1.398,0.1146,0.05643,-0.443,0.4448,-0.3555,0.256,0.0334,-0.1608,-0.07623,0.6616,0.2117,-0.417,-0.11206,0.319,-0.8325,0.328,-0.01917,0.1577,-0.3892,-0.3945,-1.506,-0.2793,0.5786,0.06903,-0.5967,-0.5723,0.309,-0.4868,0.1921,-0.16,0.145,0.3174,-0.0749,-0.7686,0.06604,-0.425,-0.0805,-0.1566,0.4524,0.04712,-0.2507,-0.0806,0.3774,-0.8594,0.143,-0.1659,1.421,-0.4292,0.09656,0.575,0.02292,-0.1439,1.4795,-0.3262,-0.5376,-0.0752,0.04767,-0.1912,0.643,0.684,-0.26,0.5786,0.2484,1.024,0.1439,0.1431,0.479,0.00846,-1.792,0.269,-0.04068,0.3145,-0.2646,-1.04,-0.314,-0.0432,0.5884,0.4443,-0.1716,0.00461,0.0408,-0.3071,-0.4338,0.1026,-0.297,0.336,-0.4348,0.5146,0.1688,0.1427,-0.4026,-1.186,0.16,0.10895,0.2286,-0.894,0.0002785,-0.176,0.595,0.661,0.2341,0.72,0.321,-0.00986,0.3628,-0.005,-3.324,-0.5415,0.08765,-0.04892,-0.7886,-0.141,-0.3389
1,0.1234,0.2605,-0.2019,0.4514,-0.03323,0.05835,-0.7363,-0.3008,-0.1442,0.233,1.249,-0.3716,0.11206,0.3674,-0.5977,0.1426,0.2227,0.4478,0.56,-0.7686,-0.512,-2.256,-0.263,-0.496,1.124,0.921,2.588,-0.3154,0.03204,0.1965,0.318,0.85,-0.07404,0.2822,-0.7886,-0.2666,0.6177,0.9175,-1.019,-0.09863,0.0655,0.07214,-0.1478,0.1694,0.471,-0.1225,0.34,0.5566,0.1103,0.819,1.024,-0.6494,-0.1328,0.3284,-0.252,-0.356,0.0653,0.4468,-1.243,-0.01019,-2.018,0.308,-0.1339,-7.684,-0.762,0.9395,0.4036,-0.358,0.0738,0.601,-1.039,0.1099,6.965,1.148,0.8276,0.10535,0.5815,-0.1559,1.573,0.2842,0.4656,-0.1378,0.4727,-0.4072,-0.02452,0.04318,-0.2563,-0.3687,0.615,-0.01918,-0.3638,-0.272,0.1996,-0.9224,0.2866,-0.2905,0.01274,-0.4807,-0.2035,-1.602,-0.545,0.4614,0.2291,-0.6987,-0.483,0.5894,-0.1093,0.3496,-0.1602,0.006203,0.3352,-0.139,-0.5283,-0.144,-0.666,0.2118,-0.365,0.451,-0.00467,-0.2291,0.07965,0.5923,-0.754,-0.05566,-0.3125,1.624,-0.2634,0.1061,0.562,-0.127,-0.2439,1.479,-0.563,-0.6055,-0.06232,0.05136,0.1749,0.4614,0.4702,-0.12054,0.4893,0.2434,1.009,0.284,0.4016,0.3582,0.48,-1.828,0.1337,0.11664,0.1427,-0.131,-1.359,-0.4038,0.08466,0.637,0.849,-0.3618,0.1183,0.1885,-0.1444,-0.7856,0.3984,-0.4575,0.2534,-0.311,0.6353,-0.007393,0.1842,-0.5054,-1.049,0.02448,0.3167,-0.04153,-0.7383,0.0834,-0.1691,0.1981,0.937,0.3066,0.8276,0.2351,-0.1606,0.452,0.1372,-3.385,-0.8745,0.1826,-0.313,-1.21,0.0796,-0.51
0,0.1355,0.295,-0.10394,0.191,0.001356,-0.06647,-0.1539,1.347,-0.202,0.7935,-0.8276,-0.4976,-0.1846,-0.1566,0.0611,-0.01486,-0.334,0.07764,0.371,-0.2708,-0.3538,0.936,0.2184,-1.065,0.3113,-0.6743,-2.256,-0.1653,-0.2727,0.1084,-0.261,0.0919,-0.1128,0.329,-0.6284,-0.4185,0.02756,0.6743,0.427,-0.1312,0.2615,-0.1186,0.496,0.662,0.1547,-0.1138,-0.3198,-0.1418,-0.05646,0.06198,0.427,-0.1855,-0.3508,1.121,0.341,0.1031,-0.10376,0.3503,-0.01637,0.1263,2.965,0.2544,-0.1761,-8.61,-0.3013,0.2201,0.5522,0.2236,-0.1118,0.4282,0.4858,-0.3281,7.246,-0.822,0.675,0.32,0.1332,1.222,1.276,0.098,0.2834,0.167,0.1725,0.1488,-0.03238,0.004795,-0.305,0.1224,-0.3142,-0.29,-0.013145,-0.758,-0.02785,0.3647,-0.2896,1.3545,0.03577,-0.4375,0.4658,-2.934,-0.2156,0.865,0.0638,0.3408,-0.345,-0.744,-0.4539,-0.0482,0.0222,0.168,0.277,0.4167,-0.1964,-0.2844,-0.4634,-0.0975,-0.75,-0.7173,0.2001,-0.3342,-0.02101,0.6074,-0.09625,0.544,-0.006413,0.8486,-0.4468,0.3015,-0.008575,0.1215,-0.2288,0.4514,0.98,-0.014175,0.1013,0.05325,-0.4011,-0.4536,-1.668,-0.0788,0.1326,0.4155,0.1976,0.11096,0.4385,-0.3638,0.05725,-1.431,0.07166,-0.3225,0.05237,-0.0976,-0.5977,-0.302,0.3054,0.02278,0.57,-0.5396,-0.12476,0.2004,0.1992,-0.2778,-0.3533,-0.2194,0.166,-0.0455,-0.709,-0.1605,-0.4233,-0.1537,-0.471,0.717,-0.1702,0.10693,0.3936,-0.274,0.11926,-0.01085,0.2285,-0.0712,0.06525,-0.3447,0.1135,-0.1311,-0.153,2.463,-0.725,0.2307,-0.11163,0.06366,-0.2021,-0.356
1,-0.0166,0.2834,-0.3596,0.4973,-0.0395,0.1775,-0.704,-0.2795,-0.152,0.315,1.27,-0.277,0.0989,0.306,-0.6006,0.10815,0.1835,0.4292,0.53,-0.6323,-0.5454,-2.139,-0.384,-0.327,1.043,0.802,2.48,-0.2905,-0.1893,0.1335,0.2013,1.044,-0.07263,0.409,-0.8525,-0.3174,0.549,0.8813,-0.9683,0.01204,0.01409,-0.0186,0.04675,0.09595,0.567,-0.1796,0.3948,0.4287,0.07007,0.743,0.9907,-0.4731,0.01091,0.258,-0.33,-0.3389,0.0981,0.3015,-1.336,-0.053,-1.858,0.3484,0.0616,-7.793,-0.8213,0.9463,0.4263,-0.2207,0.1754,0.708,-0.8633,0.2427,7.02,1.069,0.884,0.06082,0.5674,-0.1816,1.478,0.2925,0.401,-0.2411,0.65,-0.3643,-0.0759,0.06354,-0.3257,-0.2666,0.7354,0.03583,-0.475,-0.04083,0.3684,-0.895,0.3687,-0.1542,0.01938,-0.521,-0.2993,-1.639,-0.45,0.4878,0.2646,-0.68,-0.577,0.5312,-0.161,0.256,-0.0469,0.076,0.4453,-0.0379,-0.4329,-0.2488,-0.599,-0.0705,-0.4385,0.375,0.08765,-0.2598,0.0348,0.3984,-0.7793,-0.098,-0.339,1.6,-0.3196,0.1749,0.5376,0.10187,-0.2443,1.486,-0.542,-0.5283,-0.1411,-0.07196,0.001337,0.5107,0.389,-0.1526,0.496,0.1656,1.16,0.1526,0.3257,0.3352,0.4363,-1.985,0.0911,0.0828,0.2148,-0.1102,-1.388,-0.3787,-0.01086,0.6177,0.827,-0.399,0.2284,0.09686,-0.2141,-0.652,0.4966,-0.552,0.2996,-0.3599,0.7812,0.00876,0.1588,-0.4575,-1.041,0.1279,0.3003,0.057,-0.75,0.1293,-0.1875,0.1226,0.956,0.2988,0.756,0.2415,-0.1827,0.4375,-0.0747,-3.326,-0.732,-0.0431,-0.1681,-1.237,0.0382,-0.5127
1,0.3147,-0.09204,-0.1473,0.1917,-0.0676,0.02896,-0.6284,0.02505,-0.3696,0.2742,0.7935,-0.183,-0.257,-0.2003,-0.1533,-0.0918,0.09644,0.313,0.1032,-0.2502,-0.3533,-2.463,-0.1743,-0.57,0.8013,1.136,1.654,-0.1494,0.2493,-0.01692,0.276,0.9165,0.2417,0.1471,-0.8403,0.1451,0.10077,0.3535,-0.3472,-0.1302,-0.2239,-0.3545,-0.3833,0.4434,0.16,0.1242,0.7427,0.4124,0.301,0.591,0.724,-0.3894,-0.1509,0.3262,-0.1582,-0.7236,0.1439,0.2063,-1.147,-0.294,-1.596,0.2063,0.0741,-8.234,-0.298,0.8765,0.3015,-0.2477,0.3901,0.2632,-1.246,0.06177,8.04,1.03,0.7534,-0.01306,0.684,0.3447,1.216,0.09314,0.0648,-0.4265,0.4075,-0.2048,0.3994,0.06586,0.00185,0.1652,0.5127,0.274,-0.297,-0.1076,0.278,-0.609,0.4053,-0.2109,0.3196,-0.3125,-0.2277,-1.677,-0.1299,0.3022,-0.0512,-0.3044,-0.2642,0.315,-0.3564,-0.06238,-0.1103,0.2413,0.1853,0.05865,-0.8394,0.329,-0.2888,-0.2242,0.2593,0.5103,-0.07935,-0.2444,-0.2032,0.2358,-0.717,0.3633,0.004383,0.932,-0.347,0.05396,0.3887,0.1678,-0.01218,1.491,-0.3044,-0.2583,-0.010704,0.08673,-0.2427,0.4602,0.79,-0.3914,0.6567,0.1614,0.6133,0.1327,-0.00627,0.3096,-0.2494,-1.751,0.365,-0.06085,0.2275,-0.3916,-0.763,-0.2096,-0.0338,0.3965,0.0827,-0.04288,-0.08264,-0.01814,-0.3018,-0.183,-0.1749,-0.1613,0.244,-0.4368,0.1472,0.0425,0.0902,-0.3193,-0.997,0.1304,-0.08435,0.2915,-0.6304,-0.08484,-0.1702,0.836,0.3933,0.1893,0.535,0.303,0.2328,0.5483,0.1738,-3.047,-0.46,0.08984,0.07684,-0.489,-0.2262,-0.176
0,0.11346,0.2812,-0.1794,0.1637,-0.0006275,0.00542,-0.1825,1.341,-0.2063,0.7896,-0.8364,-0.5386,-0.1793,-0.1777,0.08545,0.01256,-0.318,0.06335,0.391,-0.2344,-0.3967,1.013,0.2284,-1.019,0.287,-0.679,-2.303,-0.2017,-0.2761,0.1305,-0.2688,0.135,-0.10175,0.4023,-0.626,-0.394,0.01077,0.674,0.5015,-0.09424,0.3413,-0.12317,0.5425,0.6934,0.1483,-0.11475,-0.3074,-0.1447,-0.02403,0.1119,0.4124,-0.235,-0.388,1.1,0.342,0.09393,-0.08887,0.404,-0.02747,0.10803,3.049,0.3347,-0.182,-8.484,-0.3523,0.2727,0.5645,0.2202,-0.09204,0.4897,0.4763,-0.3228,7.113,-0.863,0.674,0.3,0.0911,1.197,1.242,0.1422,0.3203,0.181,0.2015,0.1637,-0.03592,-0.02977,-0.3423,0.1338,-0.3093,-0.2842,0.01573,-0.7305,0.00532,0.336,-0.266,1.394,-0.015274,-0.4648,0.456,-3.006,-0.2457,0.948,0.01028,0.3328,-0.398,-0.8076,-0.4915,0.005074,0.0197,0.1687,0.261,0.389,-0.2427,-0.3108,-0.4526,-0.1722,-0.8164,-0.7656,0.202,-0.3333,0.01142,0.656,-0.1083,0.594,-0.02446,0.9766,-0.4272,0.3406,-0.03296,0.10565,-0.2362,0.4224,0.9927,-0.03354,0.1466,0.02644,-0.3867,-0.4038,-1.753,-0.0681,0.09467,0.401,0.2175,0.09656,0.411,-0.345,0.02386,-1.545,0.08026,-0.3018,0.04953,-0.1165,-0.625,-0.3528,0.3994,0.00879,0.553,-0.587,-0.1407,0.2002,0.1506,-0.3142,-0.4172,-0.2374,0.2198,-0.02454,-0.69,-0.1455,-0.368,-0.2029,-0.5073,0.8125,-0.135,0.0673,0.3923,-0.267,0.1595,-0.0673,0.276,-0.0599,0.03604,-0.385,0.1501,-0.1043,-0.2146,2.545,-0.716,0.2986,-0.14,0.05133,-0.2245,-0.411
0,-0.141,0.4885,-0.2793,0.1686,0.03284,0.1935,-0.1288,1.218,-0.011185,0.8022,-0.756,-0.631,-0.1389,-0.2122,0.1726,0.1038,-0.2583,0.1528,0.52,-0.2815,-0.439,1.036,0.385,-0.916,0.1951,-0.766,-2.312,-0.2395,-0.1621,0.0547,-0.392,0.2439,-0.06085,0.5366,-0.4773,-0.412,-0.04028,0.7676,0.4905,0.05313,0.3645,-0.01137,0.593,0.641,0.2057,0.04883,-0.3667,-0.08746,-0.05774,0.208,0.3943,-0.3213,-0.3228,1.202,0.3765,0.0886,-0.1259,0.4287,-0.1337,0.1503,3.084,0.3596,-0.2467,-8.32,-0.412,0.2324,0.5967,0.1787,-0.1217,0.6636,0.5825,-0.251,6.934,-0.902,0.8804,0.2444,-0.1307,1.037,1.043,0.1505,0.4219,0.0996,0.224,0.2468,-0.1897,-0.1225,-0.4116,0.1948,-0.2502,-0.1511,0.04596,-0.556,-0.004112,0.0579,-0.2812,1.518,0.11194,-0.5,0.417,-3.127,-0.2542,1.098,0.0676,0.3232,-0.5146,-0.919,-0.541,0.03418,0.0623,0.1782,0.0882,0.2605,-0.329,-0.3262,-0.4502,-0.2167,-0.7466,-0.7266,0.3123,-0.3242,-0.0358,0.6484,-0.11456,0.4136,0.03094,1.102,-0.3164,0.2334,-0.04993,0.1881,-0.2343,0.374,0.9727,-0.2222,0.04898,-0.1332,-0.572,-0.3037,-1.922,-0.1348,0.02512,0.3142,0.347,0.1808,0.606,-0.3708,0.003103,-1.755,-0.1059,-0.394,-0.0474,-0.1772,-0.723,-0.232,0.3794,-0.000797,0.7495,-0.9004,-0.04507,0.3474,0.0976,-0.3884,-0.4114,-0.2122,0.3823,-0.03516,-0.602,-0.03635,-0.3503,-0.448,-0.4822,0.7007,-0.1758,0.06433,0.5737,-0.11646,0.2756,-0.2876,0.3015,0.1045,-0.0392,-0.3262,0.1971,0.02187,-0.426,2.531,-0.6665,0.3096,-0.0474,-0.0918,-0.1473,-0.6973
1,-0.05103,0.3342,-0.254,0.4983,0.005154,0.1414,-1.091,-0.5747,-0.2153,0.334,1.121,-0.3816,-0.0892,0.4792,-0.5522,0.10846,0.299,0.513,0.642,-0.805,-0.4592,-2.162,-0.3835,-0.2316,1.025,0.8687,2.486,-0.4048,-0.127,0.385,0.317,0.8994,-0.2108,0.2476,-0.722,-0.1934,0.9033,1.109,-1.163,-0.00277,-0.075,0.124,0.2673,-0.0887,0.618,0.1808,0.03503,0.4885,-0.1403,0.611,1.101,-0.397,-0.0875,0.1558,-0.2196,-0.3767,-0.1007,0.3652,-1.251,0.12036,-1.805,0.1908,-0.0741,-7.703,-0.686,0.8555,0.3625,-0.5244,-0.1198,0.6265,-1.023,0.1708,6.895,0.973,0.7925,0.0887,0.565,-0.1787,1.647,0.0411,0.356,-0.0374,0.715,-0.1498,-0.1659,0.2108,-0.3428,-0.4226,0.3906,-0.2092,-0.4287,-0.372,0.1812,-0.988,0.3315,-0.4446,-0.02786,-0.5996,-0.03915,-1.768,-0.5425,0.4634,0.203,-0.7075,-0.2778,0.7627,0.1556,0.2766,-0.466,-0.1476,0.477,0.1693,-0.2261,-0.3518,-0.6772,0.2825,-0.43,0.766,-0.153,-0.03345,-0.0996,0.81,-0.5493,-0.10486,-0.506,1.711,-0.0497,0.0834,0.5586,0.2393,-0.2347,1.398,-0.747,-0.5884,-0.03488,0.10095,0.4028,0.4702,0.362,-0.13,0.584,0.195,1.077,0.0794,0.3198,0.2783,0.699,-2.064,0.0007863,0.311,0.1812,-0.1318,-1.448,-0.2332,0.0805,0.592,1.014,-0.292,0.10205,-0.03323,-0.1576,-0.6606,0.335,-0.6113,0.1179,-0.2659,0.685,-0.1149,-0.01942,-0.6875,-0.691,0.2925,0.4426,-0.1683,-0.5454,0.288,-0.02267,-0.2294,0.8276,0.3489,0.7725,0.2045,-0.1313,0.5464,0.121,-3.104,-0.8096,0.1476,-0.4238,-1.164,0.1693,-0.6963
1,0.2961,-0.1771,-0.2039,0.0728,-0.09247,-0.1224,-0.5024,-0.03024,-0.2957,0.3972,0.5386,-0.06903,-0.302,-0.05847,0.01593,-0.1637,0.000756,0.1716,-0.08466,-0.1192,-0.1825,-2.564,-0.213,-0.4768,0.754,1.147,1.395,0.003897,0.2291,-0.0975,0.313,0.7456,0.1776,0.08234,-0.7104,0.0683,0.11896,0.3853,-0.2081,-0.133,-0.4983,-0.4814,-0.53,0.501,0.1453,0.1931,0.6826,0.3972,0.2634,0.4033,0.9365,-0.2037,-0.08093,0.3167,-0.1616,-0.7847,-0.004803,-0.03024,-1.177,-0.199,-1.381,0.1708,0.3628,-8.4,-0.25,0.669,0.10175,-0.2196,0.2837,0.1578,-1.267,0.1377,8.19,1.02,0.6147,0.05225,0.7886,0.5527,1.126,0.07196,0.0504,-0.4778,0.39,-0.1736,0.434,0.1566,0.07965,0.1039,0.553,0.2119,-0.3823,0.03111,0.11597,-0.4248,0.3347,-0.337,0.3254,-0.2466,-0.1351,-1.781,0.0556,0.1592,-0.0372,-0.2255,-0.003735,0.4783,-0.00459,-0.1393,-0.136,0.2131,0.1638,0.268,-0.599,0.3484,-0.3596,-0.2349,0.3027,0.513,-0.1598,-0.163,-0.0589,0.0842,-0.624,0.3364,0.05206,0.5034,-0.3616,0.1097,0.2637,0.282,0.074,1.54,-0.2474,-0.1578,-0.1926,0.169,-0.2267,0.2717,0.9556,-0.393,0.801,0.012245,0.394,0.0795,-0.03857,0.23,-0.1777,-1.669,0.4292,-0.04648,0.1127,-0.532,-0.4368,-0.2578,-0.1547,0.3015,0.0893,0.09174,-0.0577,-0.0665,-0.1371,-0.05984,-0.0824,0.02441,0.138,-0.4636,0.09515,-0.0592,-0.162,-0.2366,-1.013,0.054,-0.0545,0.2112,-0.6387,-0.213,-0.034,1.039,0.3215,0.1853,0.4656,0.324,0.10956,0.3145,0.3433,-2.883,-0.437,-0.03067,0.1162,-0.294,-0.1765,-0.1007
1,-0.04773,0.2666,-0.2106,0.543,-0.04102,0.2098,-0.94,-0.4395,-0.2396,0.332,1.189,-0.3474,-0.05356,0.4116,-0.5747,0.11615,0.2455,0.504,0.588,-0.74,-0.4968,-2.172,-0.4092,-0.3352,1.054,0.8257,2.477,-0.35,-0.11896,0.253,0.315,0.8843,-0.1277,0.2727,-0.7876,-0.2408,0.7363,0.9565,-1.078,-0.011055,-0.005978,0.0689,0.2179,0.071,0.5854,0.01464,0.2042,0.459,0.0002176,0.6313,1.058,-0.42,-0.02711,0.1852,-0.2712,-0.3643,-0.003515,0.398,-1.206,0.08984,-1.854,0.2496,-0.0924,-7.773,-0.7607,0.9146,0.4077,-0.3884,-0.02568,0.682,-0.9077,0.194,7.016,0.986,0.747,0.03967,0.5244,-0.2225,1.528,0.201,0.4312,-0.1506,0.658,-0.2952,-0.1576,0.1504,-0.331,-0.3254,0.4604,-0.1558,-0.3582,-0.2048,0.2776,-0.9507,0.3025,-0.4192,-0.06384,-0.5713,-0.0823,-1.699,-0.6055,0.4194,0.1923,-0.6855,-0.42,0.66,-0.0259,0.2401,-0.3086,-0.01852,0.5615,0.05173,-0.3428,-0.2522,-0.686,0.11084,-0.4163,0.593,-0.1252,-0.1315,-0.014915,0.6245,-0.652,-0.0525,-0.4265,1.693,-0.1086,0.0953,0.5376,0.1458,-0.1824,1.404,-0.699,-0.521,-0.01848,0.02937,0.22,0.5376,0.395,-0.141,0.4934,0.1757,1.043,0.0862,0.3564,0.3413,0.615,-1.995,0.06046,0.2378,0.2228,-0.08563,-1.488,-0.2698,0.0828,0.6895,0.903,-0.3933,0.1354,0.06207,-0.1161,-0.694,0.3657,-0.586,0.1523,-0.293,0.744,-0.03412,0.1384,-0.5215,-0.7896,0.2644,0.354,-0.0785,-0.6294,0.224,-0.1726,-0.1296,0.905,0.34,0.745,0.2219,-0.1092,0.535,0.03467,-3.244,-0.8623,0.1096,-0.3445,-1.141,0.1787,-0.6006
1,-0.09766,0.1256,-0.1893,0.5806,-0.0206,0.2556,-0.844,-0.3425,-0.3372,0.3662,1.228,-0.242,-0.0247,0.3193,-0.5376,0.02657,0.3079,0.4219,0.469,-0.6323,-0.4229,-2.148,-0.5947,-0.2405,0.937,0.8335,2.373,-0.392,-0.4143,0.1945,0.2499,1.135,-0.1963,0.1906,-0.987,-0.2198,0.659,0.8057,-1.093,0.0923,-0.1259,-0.04214,0.1549,0.0196,0.6626,0.02171,0.2585,0.3262,-0.08984,0.561,0.9526,-0.1492,0.004105,0.01756,-0.3108,-0.325,0.09735,0.09534,-1.286,0.048,-1.676,0.1953,0.1486,-7.965,-0.653,0.869,0.356,-0.3145,0.09125,0.615,-0.796,0.2411,7.203,0.85,0.742,0.1561,0.523,-0.2239,1.488,0.0772,0.157,-0.1613,0.8003,-0.287,-0.0352,0.1809,-0.394,-0.1322,0.619,-0.11426,-0.463,-0.06305,0.345,-0.89,0.3743,-0.2693,-0.095,-0.4568,-0.1948,-1.675,-0.4998,0.1946,0.2472,-0.639,-0.3457,0.6045,-0.0813,0.03967,-0.2264,-0.02443,0.7207,0.1375,-0.3606,-0.1946,-0.5254,0.008965,-0.4822,0.562,-0.11035,-0.0698,-0.07794,0.4714,-0.733,0.05585,-0.4548,1.79,-0.2354,0.0781,0.52,0.3345,-0.2399,1.361,-0.621,-0.3901,-0.0798,0.001292,0.1153,0.5757,0.3477,-0.14,0.546,0.1853,1.048,-0.015465,0.192,0.414,0.5938,-1.966,-0.03394,0.1671,0.444,-0.03363,-1.448,-0.1841,-0.06555,0.649,0.769,-0.215,0.117,-0.0765,-0.1998,-0.474,0.5586,-0.6724,0.1917,-0.3792,0.722,-0.006687,0.1037,-0.4165,-0.732,0.3591,0.337,0.11633,-0.676,0.1769,-0.2798,0.0793,0.782,0.279,0.7144,0.187,-0.2239,0.461,-0.05313,-3.13,-0.668,-0.02296,-0.1508,-0.977,0.153,-0.543
1,0.3022,0.1202,-0.09247,0.4414,0.0955,-0.1803,-0.752,-0.2272,-0.3096,0.2246,1.105,-0.261,-0.12244,0.1385,-0.5537,-0.001987,0.3484,0.3894,0.5317,-0.702,-0.523,-2.523,-0.2964,-0.643,0.9927,1.038,2.33,-0.3752,0.07654,0.3281,0.261,1.052,-0.00702,0.184,-0.8677,-0.08636,0.513,0.8755,-1.068,-0.1202,-0.0776,-0.05878,-0.1395,0.0965,0.508,0.02081,0.311,0.427,-0.1173,0.808,0.9766,-0.4148,-0.1207,0.1497,-0.2087,-0.5693,0.0663,0.3245,-1.13,-0.10895,-1.904,0.1556,0.01761,-7.92,-0.5835,0.8716,0.479,-0.523,0.063,0.3284,-1.216,0.001972,7.203,0.997,0.881,0.1986,0.6255,0.00851,1.854,0.02739,0.1293,-0.1117,0.4717,-0.0908,0.1533,0.28,-0.2637,-0.2241,0.6494,0.0563,-0.5273,-0.3484,0.11633,-0.87,0.393,-0.2668,0.262,-0.4712,-0.3037,-1.436,-0.3013,0.3157,-0.0719,-0.669,-0.3062,0.4983,-0.0204,0.267,-0.2151,0.09393,0.2416,0.1149,-0.5327,-0.1719,-0.474,0.1377,-0.02907,0.5664,-0.01398,0.00466,-0.4233,0.584,-0.6147,0.0468,-0.365,1.383,-0.378,-0.006165,0.6724,0.1833,-0.1986,1.4795,-0.4036,-0.537,-0.1209,0.1508,0.0647,0.4756,0.618,-0.2896,0.648,0.3633,0.8936,0.2238,0.081,0.3994,0.2498,-1.87,0.0755,0.0757,0.2776,-0.1481,-1.18,-0.266,-0.2053,0.3638,0.6245,-0.016,0.1097,0.0434,-0.09735,-0.4106,0.05353,-0.3967,0.2467,-0.3394,0.412,0.08295,-0.05905,-0.5693,-1.02,0.1138,0.261,0.2054,-0.574,0.06946,-0.01826,0.3813,0.6714,0.1538,0.7266,0.3386,-0.03308,0.581,0.3318,-3.363,-0.607,-0.03506,-0.0641,-0.801,0.1261,-0.404
1,0.0413,0.4854,-0.2474,0.573,-0.04367,0.1139,-0.794,-0.3328,-0.1351,0.3462,1.173,-0.3633,0.06024,0.467,-0.5283,0.1779,0.2332,0.495,0.644,-0.671,-0.5166,-2.227,-0.2893,-0.2688,1.1455,0.778,2.576,-0.293,-0.006886,0.1986,0.2135,0.8896,-0.2067,0.3933,-0.7173,-0.36,0.694,0.93,-1.001,-0.01217,0.01932,0.1091,-0.010796,0.06287,0.647,-0.06186,0.3384,0.566,0.00887,0.7573,1.092,-0.581,-0.11017,0.3662,-0.195,-0.3767,0.03027,0.3943,-1.318,0.04776,-1.972,0.2338,-0.02762,-7.703,-0.859,0.8237,0.3333,-0.3115,-0.039,0.6553,-0.9307,0.1287,7.0,1.094,0.841,0.0516,0.591,-0.2502,1.45,0.2563,0.4028,-0.1776,0.5483,-0.449,-0.1312,0.04642,-0.299,-0.4023,0.5366,-0.0322,-0.4355,-0.1904,0.2737,-1.016,0.301,-0.2766,0.0966,-0.6147,-0.2944,-1.598,-0.4246,0.5693,0.2644,-0.762,-0.6304,0.543,-0.1169,0.3767,-0.1918,0.01944,0.2703,-0.0923,-0.384,-0.1965,-0.6655,0.218,-0.369,0.5063,0.02663,-0.1782,0.007145,0.6655,-0.6665,-0.1642,-0.3933,1.646,-0.1787,0.171,0.5396,-0.01415,-0.2148,1.491,-0.632,-0.7104,-0.1772,0.06775,0.1676,0.577,0.4336,-0.1482,0.4575,0.2532,1.119,0.11,0.401,0.3433,0.437,-1.986,0.06976,0.0884,0.0756,-0.1192,-1.258,-0.4128,0.02707,0.6,0.913,-0.449,0.2129,0.11816,-0.2084,-0.7246,0.4036,-0.4756,0.2522,-0.3308,0.7075,-0.010544,0.1069,-0.5103,-1.007,0.0964,0.28,-0.083,-0.65,0.219,-0.01817,0.0808,0.8945,0.3364,0.7686,0.2896,-0.1749,0.376,-0.06696,-3.242,-0.7627,0.10815,-0.2417,-1.204,0.04504,-0.56
0,-0.07996,0.4917,-0.1737,0.3386,0.0879,0.09454,-0.11145,1.217,-0.1521,0.836,-0.649,-0.533,-0.2073,-0.1514,0.1848,0.086,-0.2676,0.0986,0.4983,-0.3503,-0.3286,0.865,0.1443,-0.864,0.11194,-0.7505,-2.133,-0.1279,-0.1385,0.08484,-0.3362,0.2742,-0.3276,0.464,-0.4297,-0.4133,0.0625,0.718,0.316,-0.04654,0.2874,0.002117,0.4937,0.6367,0.3308,-0.02255,-0.4275,-0.1023,-0.2404,0.08655,0.4827,-0.1013,-0.3452,1.126,0.4373,0.1131,-0.1566,0.3374,-0.07745,0.2417,3.0,0.2874,-0.2668,-8.6,-0.4634,0.08575,0.5244,0.2937,-0.2366,0.594,0.638,-0.3518,7.207,-0.87,0.7695,0.3262,-0.05408,1.042,1.068,0.02756,0.304,0.03784,0.2397,0.2725,-0.131,-0.04108,-0.3982,0.1227,-0.2979,-0.2462,0.03665,-0.5635,-0.1007,0.0735,-0.2554,1.381,0.11816,-0.4978,0.4346,-2.902,-0.26,0.896,0.09973,0.2634,-0.4502,-0.773,-0.575,-0.0246,0.13,0.1659,0.2317,0.3438,-0.2346,-0.2898,-0.3945,-0.01526,-0.831,-0.633,0.2756,-0.285,0.003706,0.6514,-0.1304,0.2761,0.0512,1.037,-0.3308,0.2844,0.01016,0.1124,-0.2233,0.4326,0.8145,-0.2407,-0.01756,-0.0711,-0.3809,-0.2957,-1.813,-0.008675,0.01999,0.3,0.3152,0.1447,0.508,-0.2964,0.05014,-1.652,-0.11273,-0.4353,-0.03247,-0.11163,-0.738,-0.3242,0.1888,-0.02768,0.6704,-0.7686,-0.06244,0.2316,0.2379,-0.2742,-0.157,-0.2913,0.454,-0.0411,-0.537,-0.1733,-0.3457,-0.2688,-0.3335,0.704,-0.1617,0.1101,0.596,-0.1228,0.1335,-0.2104,0.1986,0.0481,-0.001378,-0.271,-0.02914,0.05847,-0.416,2.469,-0.696,0.2025,0.004486,-0.0001072,-0.0951,-0.572
0,-0.207,0.4856,-0.3245,0.1107,0.05133,0.2837,-0.1222,1.132,-0.01095,0.819,-0.7354,-0.686,-0.1449,-0.2817,0.2075,0.1414,-0.2527,0.1252,0.558,-0.3323,-0.4773,1.055,0.3696,-0.879,0.1523,-0.7646,-2.303,-0.2123,-0.1202,0.056,-0.4033,0.2305,0.02225,0.559,-0.4065,-0.362,-0.04468,0.784,0.5107,0.1237,0.3445,0.01807,0.609,0.625,0.1755,0.11584,-0.3467,-0.139,-0.05008,0.1885,0.3923,-0.3215,-0.3186,1.212,0.4153,0.1218,-0.1171,0.4363,-0.0978,0.1554,3.062,0.3584,-0.2942,-8.28,-0.4177,0.216,0.58,0.1769,-0.1148,0.713,0.581,-0.2323,6.895,-0.9473,0.896,0.2012,-0.1956,0.9907,1.006,0.155,0.4575,0.07544,0.2437,0.2527,-0.2673,-0.10474,-0.4182,0.1788,-0.2676,-0.156,0.1449,-0.523,-0.01177,-0.00968,-0.2817,1.511,0.09216,-0.5,0.441,-3.197,-0.2568,1.197,0.0681,0.365,-0.5034,-0.917,-0.528,0.02794,0.076,0.1926,0.0543,0.2456,-0.3674,-0.362,-0.4526,-0.2379,-0.73,-0.6743,0.3486,-0.3599,-0.04004,0.669,-0.10474,0.3723,0.07513,1.148,-0.219,0.1941,-0.03625,0.185,-0.214,0.3635,0.9355,-0.2512,0.1074,-0.2295,-0.586,-0.2644,-1.966,-0.12384,0.02556,0.2798,0.38,0.1992,0.61,-0.4019,-0.02304,-1.811,-0.1285,-0.3696,-0.1506,-0.2023,-0.7686,-0.25,0.409,-0.0378,0.7803,-0.977,-0.07214,0.393,0.112,-0.3748,-0.4138,-0.2058,0.4207,0.011024,-0.5127,-0.05045,-0.2878,-0.5425,-0.4866,0.6196,-0.1786,0.0741,0.657,-0.05435,0.2903,-0.3787,0.2903,0.1359,-0.05667,-0.319,0.2451,0.09174,-0.4846,2.486,-0.665,0.348,-0.03305,-0.1324,-0.1,-0.727
1,0.2122,0.0533,-0.2465,0.4973,0.04355,0.0709,-0.613,-0.0436,-0.3845,0.1309,1.17,-0.2235,-0.01672,0.1324,-0.553,0.0948,0.308,0.376,0.391,-0.5776,-0.521,-2.13,-0.4336,-0.526,1.051,1.123,2.426,-0.3098,0.0585,0.1538,0.3015,1.144,-0.0983,0.5215,-0.8433,0.0417,0.3076,0.5654,-0.8096,0.06995,0.0598,-0.0342,-0.1704,0.2598,0.368,-0.12,0.5767,0.4888,0.11957,0.834,0.879,-0.5337,-0.1844,0.2673,-0.285,-0.664,0.1965,0.2842,-1.171,-0.1355,-1.85,0.4312,-0.0587,-7.816,-0.728,0.9995,0.3784,-0.3057,0.02701,0.549,-1.203,0.07355,7.203,1.068,0.9663,0.2296,0.4934,-0.176,1.484,0.1179,0.2595,-0.4895,0.592,-0.2979,0.2354,0.1197,-0.2732,-0.1462,0.498,0.1066,-0.31,-0.02158,0.29,-1.018,0.3564,-0.271,0.2207,-0.3528,-0.2328,-1.559,-0.5728,0.527,-0.0328,-0.4878,-0.627,0.407,-0.2727,0.2898,-0.1375,0.126,0.4587,-0.04855,-0.788,-0.03696,-0.57,-0.0984,-0.2537,0.3765,0.02754,-0.2751,-0.0784,0.4976,-0.852,0.164,-0.1989,1.776,-0.35,0.07166,0.577,-0.07245,-0.1805,1.426,-0.4983,-0.5674,0.0554,0.01258,-0.151,0.7,0.4832,-0.2394,0.562,0.2517,0.9717,0.0904,0.1918,0.462,0.1952,-1.819,0.1716,0.04742,0.2551,-0.1738,-1.197,-0.3464,-0.08307,0.533,0.5254,-0.3174,-0.05853,0.1091,-0.2345,-0.611,0.1948,-0.3657,0.3328,-0.4038,0.649,0.244,0.3386,-0.514,-1.1455,0.205,0.1489,0.0636,-0.9204,0.10156,-0.2216,0.3132,0.7944,0.2294,0.6475,0.2793,0.01209,0.545,0.1478,-3.35,-0.694,0.1465,-0.0433,-0.8706,-0.04123,-0.4756
0,-0.00949,0.3135,-0.1985,0.172,-0.0092,0.08026,-0.06396,1.135,-0.1021,0.7876,-0.6934,-0.583,-0.1155,-0.1897,0.1821,0.133,-0.2896,0.007084,0.4146,-0.2042,-0.3352,0.9883,0.2935,-0.916,0.2866,-0.7266,-2.137,-0.1355,-0.1799,0.07904,-0.4167,0.0717,-0.12427,0.3728,-0.571,-0.3865,0.0084,0.754,0.3584,0.0388,0.2927,-0.05777,0.645,0.6074,0.2546,-0.03952,-0.328,-0.1375,-0.098,0.0806,0.4404,-0.1443,-0.3828,1.092,0.4033,0.203,-0.09644,0.3977,-0.014854,0.1733,2.928,0.31,-0.2338,-8.57,-0.3315,0.0867,0.623,0.1719,-0.1083,0.5464,0.617,-0.2844,7.195,-0.865,0.6885,0.302,-0.02583,1.059,1.18,0.2094,0.443,0.1205,0.2064,0.2157,-0.1364,-0.0428,-0.3184,0.1826,-0.13,-0.1455,-0.003614,-0.602,-0.1019,0.1884,-0.285,1.378,0.02727,-0.4587,0.576,-3.037,-0.3806,0.8447,0.1218,0.3174,-0.3452,-0.795,-0.4614,-0.07495,0.1494,0.1693,0.2046,0.309,-0.2646,-0.288,-0.3938,-0.1852,-0.6978,-0.7266,0.3074,-0.3154,-0.01257,0.6377,-0.093,0.368,0.08136,1.003,-0.2869,0.1744,-0.003036,0.1901,-0.304,0.4146,0.8926,-0.1387,0.03035,-0.1267,-0.5195,-0.3345,-1.907,-0.1387,-0.01735,0.365,0.1798,0.1287,0.6157,-0.3909,0.02606,-1.58,-0.142,-0.4175,0.03415,-0.1283,-0.718,-0.2793,0.2507,-0.083,0.6924,-0.8086,0.003998,0.3398,0.1724,-0.37,-0.2622,-0.3618,0.225,0.0628,-0.6367,-0.07635,-0.3748,-0.2059,-0.4778,0.7324,-0.1698,0.0946,0.6313,-0.1798,0.1278,-0.2133,0.344,0.02548,-0.02731,-0.4294,0.1633,-0.1288,-0.334,2.38,-0.721,0.2524,-0.00911,-0.01113,-0.1903,-0.4773
0,0.2279,0.1743,-0.02383,0.2793,0.0633,-0.2311,-0.2122,1.365,-0.2969,0.8003,-0.6445,-0.4856,-0.2238,-0.1825,0.1237,0.06012,-0.3545,-0.0741,0.33,-0.2644,-0.2128,0.8164,0.0391,-1.087,0.2299,-0.6143,-1.927,-0.02058,-0.1394,0.1421,-0.1203,0.04596,-0.313,0.3313,-0.667,-0.2484,-0.02167,0.6406,0.2064,-0.2262,0.1921,-0.0868,0.5107,0.635,0.1885,-0.1986,-0.317,-0.1619,-0.1561,0.001335,0.432,-0.004562,-0.3994,1.041,0.3582,0.1514,-0.149,0.4717,0.1978,0.142,2.809,0.2913,-0.2197,-8.81,-0.2786,0.09644,0.6343,0.254,-0.224,0.406,0.538,-0.4219,7.484,-0.7075,0.4995,0.2299,0.033,1.125,1.311,0.0561,0.3184,0.1204,0.2428,0.1903,0.1823,0.141,-0.1703,0.07745,-0.362,-0.296,0.01353,-0.765,-0.1257,0.4473,-0.2817,1.137,0.06665,-0.4592,0.5215,-2.72,-0.3557,0.618,-0.02206,0.3704,-0.1963,-0.6836,-0.4482,-0.06158,0.10614,0.095,0.404,0.3948,-0.12335,-0.2358,-0.4666,0.0606,-0.8096,-0.6226,0.1562,-0.296,-0.04764,0.6323,-0.0958,0.4827,0.02774,0.824,-0.3193,0.2341,0.1278,-0.002499,-0.11273,0.493,0.779,-0.02344,0.0916,0.02405,-0.234,-0.4453,-1.671,-0.1621,0.05246,0.3762,0.106,0.1375,0.3306,-0.349,0.1687,-1.139,0.1224,-0.3413,0.06003,0.0292,-0.727,-0.384,0.1799,-0.03406,0.4753,-0.4958,-0.1642,0.1426,0.3352,-0.1982,-0.2385,-0.3818,0.1171,0.05203,-0.7812,-0.2468,-0.3596,-0.04233,-0.4238,0.7715,-0.1632,0.1483,0.4229,-0.296,-0.1359,0.01808,0.1608,-0.1543,-0.04813,-0.4092,0.0867,-0.1475,-0.1047,2.35,-0.8623,0.297,-0.04892,0.0955,-0.1381,-0.2242
1,0.3662,0.1656,-0.1566,0.4927,0.0886,-0.165,-0.5825,-0.073,-0.272,0.1279,1.073,-0.4062,-0.06445,0.3118,-0.4868,0.0939,0.3894,0.411,0.561,-0.6113,-0.4644,-2.297,-0.3071,-0.5684,1.167,1.067,2.584,-0.3535,0.164,0.239,0.2896,1.111,-0.1995,0.52,-0.812,-0.144,0.5415,0.84,-1.071,-0.10474,-0.00933,0.0662,-0.3015,0.2261,0.54,-0.10004,0.4412,0.4812,0.03693,0.9897,1.085,-0.6006,-0.2542,0.3118,-0.2399,-0.633,0.00539,0.3877,-1.276,-0.06647,-2.014,0.3489,-0.0416,-7.61,-0.8,0.871,0.3308,-0.4873,-0.11285,0.3767,-1.369,-0.10895,6.957,1.227,0.9087,0.3425,0.621,-0.1919,1.694,0.0995,0.2273,-0.2438,0.4663,-0.2708,0.2769,0.0929,-0.2191,-0.2678,0.637,0.03894,-0.4958,-0.2732,0.09894,-1.048,0.3894,-0.329,0.3015,-0.5005,-0.2524,-1.39,-0.465,0.57,-0.07355,-0.836,-0.63,0.4602,-0.0719,0.5303,-0.1766,0.01535,0.2443,0.0936,-0.664,-0.1306,-0.6504,0.1774,-0.2286,0.4133,0.04227,-0.0808,-0.2168,0.6787,-0.695,0.0214,-0.3342,1.753,-0.3687,0.0502,0.5977,-0.1067,-0.3206,1.396,-0.4963,-0.7944,-0.07104,0.2278,0.0687,0.7075,0.5835,-0.2274,0.5737,0.4304,0.886,0.2144,0.11615,0.4338,0.2869,-1.841,0.1355,0.1029,0.2128,-0.1681,-1.114,-0.468,-0.01463,0.5127,0.6636,-0.1655,0.05087,0.11536,-0.1178,-0.6743,0.1375,-0.2808,0.3508,-0.2351,0.5273,0.2013,0.0721,-0.6367,-1.214,0.2142,0.254,-0.02184,-0.829,0.1534,-0.03494,0.456,0.854,0.163,0.693,0.2554,-0.1394,0.4072,0.2114,-3.373,-0.668,0.2036,-0.2107,-0.9424,-0.1335,-0.4353
0,0.10065,0.2522,-0.1326,0.255,0.006237,-0.0246,-0.2522,1.281,-0.2544,0.8228,-0.669,-0.503,-0.1962,-0.1898,0.1357,0.0747,-0.3228,-0.00845,0.3977,-0.2192,-0.2712,0.8877,0.1384,-0.9194,0.2455,-0.634,-2.03,-0.0782,-0.1626,0.1511,-0.2336,0.0935,-0.2422,0.345,-0.6187,-0.3179,0.01457,0.5986,0.384,-0.168,0.3345,-0.08276,0.589,0.701,0.225,-0.1359,-0.3035,-0.10767,-0.0998,-0.003265,0.414,-0.1068,-0.3865,1.018,0.459,0.1823,-0.1605,0.4941,0.0962,0.1497,2.92,0.2812,-0.3037,-8.68,-0.3064,0.1525,0.5728,0.2524,-0.1914,0.4583,0.4924,-0.4072,7.363,-0.8066,0.5483,0.2913,0.0198,1.103,1.218,0.0705,0.2803,0.1337,0.2712,0.2257,0.06903,0.0389,-0.2808,0.07996,-0.3748,-0.267,0.058,-0.7036,-0.03738,0.3125,-0.2465,1.262,0.03256,-0.5,0.5527,-2.893,-0.3442,0.799,0.04288,0.3481,-0.339,-0.7056,-0.5386,-0.0936,0.0459,0.126,0.3262,0.3489,-0.1747,-0.2341,-0.4336,-0.07715,-0.8037,-0.627,0.1848,-0.3284,-0.00976,0.701,-0.1256,0.4663,0.07574,0.9214,-0.2957,0.3032,0.04697,0.0359,-0.1674,0.4443,0.815,-0.04407,0.0789,0.01418,-0.2832,-0.3716,-1.74,-0.10333,0.0272,0.349,0.1488,0.0991,0.386,-0.3406,0.0683,-1.365,0.0703,-0.4026,0.05896,-0.05243,-0.6606,-0.3777,0.3145,-0.05725,0.503,-0.5923,-0.1367,0.111,0.1968,-0.2693,-0.2932,-0.3787,0.1697,0.0346,-0.724,-0.2068,-0.329,-0.0527,-0.3904,0.8677,-0.1499,0.1019,0.4248,-0.2632,0.01535,-0.0776,0.1974,-0.1017,-0.07056,-0.4136,0.10443,-0.1785,-0.2491,2.459,-0.793,0.3547,-0.10834,0.1131,-0.1796,-0.3179
1,0.3044,0.1667,-0.2206,0.4658,0.1071,-0.08276,-0.534,-0.03674,-0.3262,0.06003,1.146,-0.4446,0.02444,0.3328,-0.596,0.1284,0.3796,0.3677,0.551,-0.6685,-0.5044,-2.176,-0.3335,-0.51,1.293,1.12,2.723,-0.354,0.036,0.1965,0.355,1.123,-0.1345,0.647,-0.808,0.005924,0.4277,0.7935,-1.123,0.02943,0.05594,0.0967,-0.3894,0.172,0.4187,-0.1619,0.532,0.512,0.11,1.012,1.026,-0.638,-0.312,0.3652,-0.4348,-0.7207,0.0922,0.418,-1.274,-0.1285,-2.008,0.5107,-0.04047,-7.445,-0.8516,0.9805,0.3638,-0.476,-0.0728,0.427,-1.391,-0.03473,6.742,1.228,1.065,0.2947,0.6353,-0.2607,1.533,0.0771,0.3398,-0.3442,0.4683,-0.4106,0.3196,0.1362,-0.2496,-0.315,0.6753,0.1001,-0.465,-0.1559,0.2034,-1.099,0.3333,-0.2808,0.2678,-0.3928,-0.2852,-1.455,-0.583,0.694,-0.07117,-0.766,-0.7275,0.4692,-0.0651,0.6157,-0.1691,0.0664,0.3406,0.04358,-0.7656,-0.1627,-0.682,0.08496,-0.2883,0.3364,0.04065,-0.2153,-0.0765,0.609,-0.7905,0.1467,-0.2803,1.972,-0.4084,-0.000999,0.5664,-0.10724,-0.3442,1.332,-0.449,-0.776,-0.0641,0.1263,-0.0462,0.677,0.4985,-0.2408,0.5586,0.3435,1.069,0.2043,0.1694,0.4958,0.311,-1.79,0.1896,0.1715,0.1947,-0.259,-1.172,-0.5483,-0.03004,0.5967,0.6475,-0.214,-0.06415,0.2025,-0.189,-0.7686,0.1847,-0.2397,0.412,-0.2878,0.7007,0.302,0.1625,-0.6924,-1.323,0.1669,0.2118,-0.01014,-0.935,0.1494,-0.12415,0.382,0.9526,0.2048,0.694,0.2438,-0.0834,0.4104,0.2347,-3.402,-0.651,0.2285,-0.1636,-1.13,-0.09,-0.515
0,-0.2045,0.4,-0.3037,0.2009,0.00473,0.243,-0.05002,1.03,-0.0828,0.7666,-0.6577,-0.7227,-0.08246,-0.2878,0.3,0.1454,-0.2458,0.05615,0.4978,-0.2435,-0.3796,1.025,0.3875,-0.7993,0.2264,-0.77,-2.068,-0.1946,-0.0915,0.0694,-0.4707,0.1676,-0.1371,0.4736,-0.4607,-0.2747,0.02388,0.7275,0.324,0.09973,0.2322,0.00762,0.638,0.64,0.2756,0.1395,-0.3267,-0.11383,-0.08954,0.1317,0.3096,-0.1692,-0.3997,1.128,0.382,0.1527,-0.1477,0.517,-0.02985,0.11993,2.98,0.3262,-0.2355,-8.48,-0.381,0.01764,0.6523,0.12177,-0.02477,0.61,0.6387,-0.3206,7.062,-0.8716,0.736,0.1719,-0.0536,1.021,1.081,0.2196,0.5596,0.0665,0.1896,0.2109,-0.1675,-0.07837,-0.3096,0.2041,-0.1005,-0.06256,0.0808,-0.586,-0.0782,0.0455,-0.2644,1.46,-0.02048,-0.5146,0.501,-3.047,-0.4194,1.007,0.1422,0.28,-0.379,-0.8545,-0.4702,-0.08344,0.124,0.1798,0.0593,0.2793,-0.358,-0.3394,-0.33,-0.154,-0.656,-0.615,0.3792,-0.3022,0.03976,0.7124,-0.05417,0.2445,0.1552,1.198,-0.2212,0.09467,-0.01724,0.205,-0.3367,0.3508,0.9043,-0.261,0.013985,-0.2537,-0.506,-0.253,-2.04,-0.11035,-0.09406,0.3096,0.2605,0.1522,0.6445,-0.3381,-0.04828,-1.732,-0.2499,-0.3848,-0.03305,-0.141,-0.8394,-0.2893,0.3088,-0.06757,0.685,-0.9434,0.01514,0.3958,0.1322,-0.3472,-0.2717,-0.33,0.3635,0.08026,-0.6187,-0.0686,-0.365,-0.3887,-0.4436,0.718,-0.1644,0.122,0.765,-0.1364,0.149,-0.3132,0.3325,0.1055,-0.0726,-0.4116,0.285,-0.0641,-0.514,2.385,-0.704,0.275,0.02284,-0.1583,-0.1252,-0.6074
1,0.4146,-0.0647,-0.08075,0.4695,0.05173,-0.015274,-0.6284,0.07263,-0.509,0.11255,0.9307,-0.2778,-0.09766,-0.02885,-0.3203,0.02295,0.354,0.3574,0.2245,-0.4133,-0.4778,-2.205,-0.3203,-0.6675,0.933,1.158,2.098,-0.255,0.1107,0.05432,0.2542,0.9673,0.03473,0.3057,-0.798,0.142,0.1821,0.3481,-0.6367,-0.009315,-0.0653,-0.2119,-0.331,0.3115,0.2274,-0.02428,0.739,0.3767,0.1329,0.7725,0.8203,-0.4622,-0.2773,0.2966,-0.1702,-0.7812,0.2065,0.224,-1.027,-0.27,-1.799,0.3296,0.119,-8.09,-0.452,0.8203,0.3008,-0.3137,0.0357,0.3425,-1.331,0.00544,7.74,1.114,0.819,0.3215,0.606,0.015526,1.42,0.02338,0.0775,-0.4546,0.4707,-0.1805,0.3496,0.1381,-0.1923,0.02184,0.413,0.1589,-0.3403,-0.1691,0.2502,-0.786,0.3145,-0.268,0.288,-0.2249,-0.2563,-1.438,-0.359,0.3887,-0.1047,-0.381,-0.4795,0.3606,-0.2922,0.2234,-0.271,0.1007,0.3113,-0.0003443,-0.8926,0.11084,-0.4297,0.03123,0.00475,0.3875,0.01797,-0.1876,-0.1655,0.4397,-0.8594,0.369,-0.07916,1.495,-0.2333,0.02136,0.548,-0.0566,-0.0947,1.468,-0.4268,-0.4402,0.1724,0.1455,-0.15,0.566,0.6606,-0.2568,0.5703,0.2693,0.725,-0.003357,0.01974,0.3828,-0.052,-1.597,0.2566,0.05228,0.262,-0.2817,-0.9565,-0.2537,-0.183,0.431,0.296,-0.0641,-0.2233,0.01817,-0.2842,-0.35,0.02965,-0.1332,0.256,-0.3755,0.4153,0.238,0.2219,-0.5405,-1.145,0.1766,0.0521,0.10425,-0.8374,0.02061,-0.2817,0.529,0.5264,0.1791,0.71,0.2588,0.2205,0.528,0.2286,-3.152,-0.5776,0.1498,0.09863,-0.599,-0.197,-0.276
0,0.03568,0.316,-0.1516,0.284,-0.0631,0.0753,-0.1907,1.243,-0.1893,0.81,-0.7437,-0.599,-0.1686,-0.1875,0.1759,0.0842,-0.2864,0.06177,0.3743,-0.1392,-0.3105,0.933,0.2625,-0.828,0.2769,-0.709,-2.105,-0.1927,-0.2378,0.136,-0.3528,0.07916,-0.2042,0.3406,-0.639,-0.3875,0.01541,0.5234,0.4568,-0.0862,0.348,-0.0756,0.6196,0.685,0.2057,-0.0782,-0.2283,-0.1192,-0.0569,0.04733,0.4192,-0.1647,-0.3777,1.025,0.4224,0.1548,-0.11743,0.4565,-0.0362,0.11206,2.96,0.291,-0.1807,-8.61,-0.313,0.1501,0.5405,0.2712,-0.0929,0.4634,0.506,-0.3276,7.32,-0.827,0.587,0.2937,0.04178,1.062,1.16,0.1368,0.3074,0.11206,0.2563,0.1976,-0.03796,-0.01666,-0.2915,0.1647,-0.3635,-0.1492,0.02908,-0.6743,0.05035,0.2874,-0.2803,1.358,-0.01654,-0.4724,0.4602,-2.943,-0.2769,0.893,0.06744,0.2842,-0.3523,-0.775,-0.593,-0.0698,0.014404,0.1327,0.2345,0.2903,-0.249,-0.2484,-0.3826,-0.1779,-0.764,-0.67,0.2087,-0.2969,-0.01454,0.718,-0.1476,0.543,0.09076,0.971,-0.282,0.3218,0.004272,0.0857,-0.1655,0.4592,0.8687,-0.0373,0.1152,0.003794,-0.4014,-0.3357,-1.768,-0.147,-0.04987,0.343,0.1835,0.0583,0.4585,-0.3513,0.01915,-1.49,0.03546,-0.4336,0.079,-0.1105,-0.624,-0.2979,0.3552,-0.04996,0.483,-0.6636,-0.0997,0.1533,0.0901,-0.2944,-0.3713,-0.2754,0.1758,0.01489,-0.667,-0.1063,-0.3306,-0.136,-0.4417,0.8594,-0.2203,0.1345,0.4568,-0.2289,0.1384,-0.09863,0.2172,-0.07263,-0.09076,-0.4072,0.2351,-0.2343,-0.3965,2.45,-0.6777,0.3455,-0.0752,0.0808,-0.2062,-0.3826
1,0.3313,0.10394,-0.1881,0.5977,0.181,-0.10583,-0.695,-0.04153,-0.508,0.12463,1.052,-0.302,-0.03235,0.2551,-0.506,0.0836,0.4353,0.3699,0.437,-0.559,-0.4688,-2.121,-0.5093,-0.533,1.147,1.08,2.52,-0.3567,-0.0725,0.1923,0.3457,1.1875,-0.1813,0.52,-0.8467,0.0915,0.3853,0.6973,-1.069,0.08496,-0.01694,0.004654,-0.2048,0.1012,0.4612,-0.02101,0.5894,0.411,-0.0731,0.877,0.989,-0.3743,-0.312,0.2727,-0.3298,-0.766,0.1746,0.2415,-1.169,-0.1248,-1.915,0.4438,0.06143,-7.68,-0.6997,0.8887,0.325,-0.4285,-0.14,0.415,-1.327,0.03244,7.113,1.17,1.053,0.3928,0.507,-0.241,1.58,-0.10565,0.0934,-0.431,0.5454,-0.2212,0.3457,0.2426,-0.267,-0.2034,0.516,0.0549,-0.54,-0.1268,0.2031,-1.027,0.2605,-0.3809,0.333,-0.3457,-0.2563,-1.41,-0.4543,0.4937,-0.1421,-0.6504,-0.6777,0.449,-0.1257,0.4736,-0.3076,0.0218,0.4526,0.1421,-0.744,-0.05542,-0.609,0.11884,-0.2285,0.4219,-0.005505,-0.1082,-0.2319,0.643,-0.824,0.2275,-0.281,1.92,-0.2927,0.02635,0.602,0.07904,-0.2942,1.388,-0.5664,-0.6616,0.02002,0.1276,-0.10175,0.727,0.4365,-0.2734,0.589,0.3645,1.026,-0.03026,0.05435,0.4219,0.2332,-1.695,0.12366,0.1735,0.2974,-0.188,-1.187,-0.357,-0.2551,0.4902,0.562,-0.0814,-0.1558,0.0662,-0.2274,-0.538,0.1902,-0.2445,0.3723,-0.3223,0.628,0.304,0.1296,-0.743,-1.138,0.3157,0.2186,-0.05328,-0.915,0.2161,-0.147,0.3135,0.771,0.1832,0.6865,0.2238,-0.03522,0.5034,0.2751,-3.299,-0.59,0.155,0.04025,-0.861,-0.1484,-0.533
1,0.3093,0.0848,-0.2192,0.4375,0.1382,-0.09753,-0.5464,-0.04434,-0.33,0.05408,1.182,-0.3467,0.01657,0.2883,-0.614,0.1528,0.3186,0.3022,0.5327,-0.7153,-0.5083,-2.17,-0.377,-0.608,1.262,1.224,2.729,-0.3018,0.1406,0.1827,0.406,1.062,-0.119,0.5806,-0.828,0.03336,0.4023,0.803,-1.058,0.03226,0.09875,0.0609,-0.3618,0.236,0.3813,-0.1763,0.5195,0.528,0.1378,0.9688,1.014,-0.631,-0.319,0.3472,-0.353,-0.7207,0.1097,0.4512,-1.205,-0.1249,-2.053,0.523,-0.1753,-7.44,-0.846,1.019,0.388,-0.484,-0.0937,0.464,-1.358,-0.06015,6.773,1.226,1.014,0.3108,0.5693,-0.2435,1.608,0.1077,0.3662,-0.354,0.4673,-0.369,0.3406,0.1703,-0.25,-0.3025,0.6675,0.05792,-0.3767,-0.1539,0.1257,-1.092,0.3494,-0.3792,0.2352,-0.3706,-0.1974,-1.485,-0.6597,0.5923,-0.0659,-0.699,-0.6494,0.463,-0.0822,0.5273,-0.1445,0.06573,0.387,-0.01316,-0.785,-0.1088,-0.6816,0.09485,-0.2893,0.3235,0.01949,-0.2468,-0.05978,0.615,-0.801,0.1552,-0.234,1.939,-0.4004,-0.03108,0.5864,-0.2094,-0.3462,1.341,-0.4458,-0.756,0.01391,0.0956,-0.0445,0.6973,0.4814,-0.2219,0.5566,0.3599,1.003,0.2659,0.2153,0.4954,0.306,-1.749,0.1797,0.1515,0.2074,-0.2362,-1.189,-0.584,-0.03995,0.6006,0.6567,-0.2314,-0.09485,0.232,-0.1576,-0.7812,0.2218,-0.2974,0.3953,-0.2917,0.6484,0.2351,0.2355,-0.618,-1.31,0.1672,0.2218,-0.0354,-0.925,0.102,-0.2229,0.4023,0.954,0.2083,0.718,0.2098,-0.0985,0.4695,0.2935,-3.445,-0.779,0.2837,-0.1692,-1.067,-0.08,-0.467
0,0.109,0.2795,-0.131,0.3315,-0.05698,-0.04907,-0.1484,1.292,-0.1913,0.795,-0.6675,-0.6167,-0.1644,-0.1932,0.1946,0.0745,-0.283,0.04263,0.3496,-0.1119,-0.296,0.873,0.1959,-0.9297,0.2418,-0.786,-2.045,-0.1926,-0.1799,0.1531,-0.349,0.1196,-0.2502,0.3389,-0.626,-0.363,-0.010414,0.535,0.3242,-0.1279,0.2556,-0.08594,0.572,0.617,0.232,-0.1559,-0.2142,-0.125,-0.143,0.07336,0.42,-0.10626,-0.3745,1.063,0.394,0.09735,-0.08484,0.4346,-0.01987,0.101,2.92,0.255,-0.04587,-8.69,-0.3333,0.07556,0.5986,0.2778,-0.05795,0.4695,0.6187,-0.3164,7.387,-0.748,0.5796,0.2686,0.05322,1.076,1.181,0.1154,0.3186,0.1039,0.2776,0.1493,0.02611,-0.02252,-0.2426,0.1829,-0.283,-0.13,-0.0447,-0.703,0.0317,0.3909,-0.2493,1.364,0.03418,-0.4834,0.3457,-2.81,-0.2231,0.804,0.03424,0.246,-0.2815,-0.806,-0.5986,-0.03183,0.0751,0.1015,0.2379,0.3093,-0.2274,-0.2832,-0.3928,-0.0839,-0.7925,-0.6934,0.2375,-0.242,-0.03806,0.684,-0.1266,0.513,0.0569,0.8906,-0.3477,0.3667,0.0634,0.1241,-0.10315,0.523,0.8477,-0.1008,0.0563,0.004078,-0.3691,-0.4075,-1.759,-0.1901,-0.02597,0.3564,0.2122,0.03152,0.4277,-0.361,0.02428,-1.395,0.05258,-0.4128,0.08777,-0.03784,-0.702,-0.3088,0.2703,-0.099,0.4795,-0.5986,-0.05902,0.1675,0.1216,-0.2073,-0.344,-0.2854,0.1879,-0.02432,-0.7046,-0.1182,-0.4026,-0.11847,-0.4778,0.8066,-0.2139,0.2034,0.4749,-0.2668,0.07886,-0.02481,0.1531,-0.10614,-0.0676,-0.3574,0.2433,-0.2274,-0.3813,2.424,-0.686,0.23,-0.006744,0.08044,-0.2078,-0.3413
0,0.2795,0.201,-0.01845,0.4514,0.1366,-0.3804,-0.4885,1.264,-0.553,0.756,-0.577,0.02544,-0.3167,-0.2998,0.4248,-0.1066,-0.5063,-0.09924,-0.0912,-0.3074,-0.1885,0.1327,-0.5195,-0.895,0.0942,-0.0843,-1.533,0.1467,0.2058,-0.01267,0.1007,0.1853,-0.3384,0.3745,-0.0856,0.0991,-0.2969,0.65,0.10614,-0.1726,-0.3171,-0.2402,0.2668,0.2625,-0.1344,0.2433,-0.3481,-0.1627,-0.03558,-0.013306,0.1537,0.5024,-0.3167,0.969,-0.0001621,-0.2603,-0.1804,0.361,-0.013916,-0.2148,1.828,0.4448,-0.0963,-9.21,-0.13,0.3003,0.5225,0.1672,-0.1135,0.2734,0.3875,-0.2563,8.414,-0.456,0.4998,-0.04773,-0.0283,1.096,0.855,-0.176,0.1521,0.0771,0.2932,0.399,0.3804,0.12006,0.143,0.2056,-0.1592,-0.06335,-0.1322,-0.8184,-0.3567,0.2434,-0.1036,0.6416,0.4065,-0.146,0.1094,-2.441,0.1517,0.1252,-0.1648,0.1779,-0.1666,-0.602,-0.1655,-0.2194,0.1774,0.1957,0.3142,0.528,0.00458,0.088,-0.518,0.3584,-0.371,0.0662,0.00209,-0.09937,-0.319,0.1315,-0.3003,0.2452,-0.03012,0.6826,0.04797,-0.004837,-0.01744,0.04166,0.1129,0.6963,0.615,-0.107,-0.003345,0.11725,-0.409,-0.2832,-0.8696,-0.2262,0.177,0.10657,0.5234,-0.01522,0.01417,-0.3152,-0.1311,-1.097,0.3672,-0.342,0.284,-0.09875,-0.581,-0.2854,-0.1222,0.1687,-0.1014,-0.01924,-0.2153,0.188,0.4634,0.3508,0.091,-0.2073,0.171,-0.1317,-0.691,-0.563,-0.342,0.10175,-0.2517,0.37,-0.2783,0.3052,0.3438,-0.2166,-0.452,0.2261,-0.1241,-0.05466,-0.0815,-0.1228,-0.0514,0.286,0.01631,1.198,-0.5664,0.07587,0.1923,0.0677,-0.2003,0.05402
1,0.3347,0.0001438,-0.2338,0.44,0.06665,-0.004406,-0.612,0.003176,-0.3247,0.1776,1.116,-0.4258,-0.11285,0.1044,-0.4604,-0.06323,0.38,0.3848,0.3499,-0.442,-0.4592,-2.309,-0.3125,-0.546,0.9697,1.164,2.314,-0.3298,0.1041,0.243,0.2664,1.228,-0.1665,0.3784,-0.868,0.01306,0.3887,0.4602,-0.79,-0.1569,-0.02147,-0.1028,-0.4666,0.434,0.3599,-0.0002894,0.5693,0.5225,0.097,0.9106,0.868,-0.4934,-0.1727,0.2861,-0.271,-0.664,0.08417,0.2847,-1.246,-0.2612,-1.809,0.3445,0.151,-7.824,-0.682,0.8926,0.324,-0.36,0.1967,0.3772,-1.459,-0.06866,7.3,1.179,0.9307,0.2776,0.696,-0.05005,1.516,0.06177,0.1034,-0.365,0.4673,-0.277,0.3867,0.01791,-0.1799,-0.12225,0.5996,0.1473,-0.4253,-0.2317,0.304,-0.894,0.4001,-0.0989,0.1171,-0.3733,-0.2996,-1.469,-0.3435,0.5903,-0.04187,-0.631,-0.473,0.417,-0.3057,0.311,-0.2095,0.06232,0.2471,-0.04376,-0.8057,0.00913,-0.501,-0.05115,-0.204,0.469,0.09924,-0.1805,-0.03787,0.5415,-0.8335,0.1675,-0.1699,1.581,-0.4617,0.1606,0.6025,-0.1472,-0.1604,1.409,-0.293,-0.5933,0.00829,0.1561,-0.03247,0.5938,0.7617,-0.167,0.605,0.2352,0.8564,0.2317,0.01271,0.562,0.06433,-1.771,0.2925,0.0686,0.3057,-0.2627,-1.085,-0.3613,0.04785,0.512,0.3792,-0.02997,-0.08856,-0.001806,-0.2573,-0.512,0.09937,-0.241,0.364,-0.3862,0.4229,0.2356,0.1002,-0.5503,-1.189,0.202,0.217,0.1011,-1.005,-0.03387,-0.10236,0.622,0.6255,0.1587,0.6846,0.3252,-0.010956,0.4414,0.0753,-3.334,-0.589,0.1251,-0.1405,-0.822,-0.1862,-0.3064
0,0.1503,0.3289,-0.002388,0.3176,0.0459,-0.2166,-0.446,1.26,-0.2532,0.82,-0.4775,-0.5615,-0.3293,-0.1716,0.2239,-0.001224,-0.3027,0.01869,0.4763,-0.2349,-0.1191,0.623,0.0347,-0.972,0.0906,-0.604,-1.888,-0.1519,-0.1383,0.1637,-0.2004,0.22,-0.346,0.2461,-0.5366,-0.1544,0.1501,0.622,0.010605,-0.367,0.1062,-0.04608,0.439,0.668,0.3496,0.08856,-0.3447,-0.09894,-0.2345,-0.04407,0.2761,0.1531,-0.3865,1.087,0.2996,0.08264,-0.2773,0.5127,-0.0226,0.09705,2.727,0.1726,-0.2086,-8.92,-0.3364,0.10345,0.5366,0.2712,-0.00549,0.384,0.3765,-0.496,7.652,-0.5527,0.5396,0.0791,0.09186,1.116,1.216,-0.02274,0.1367,0.341,0.1516,0.3257,0.1365,0.0385,-0.05576,0.1359,-0.3076,-0.231,-0.1278,-0.9155,-0.002193,0.3481,-0.17,1.283,0.06854,-0.529,0.3103,-2.584,-0.1951,0.716,0.0939,0.11584,-0.1652,-0.7554,-0.5986,-0.2166,0.04767,0.2021,0.2278,0.4163,-0.1293,-0.267,-0.341,0.1696,-0.757,-0.2844,0.1958,-0.1931,-0.2023,0.5854,-0.1161,0.2386,0.0677,0.762,-0.3274,0.1771,0.1329,0.1069,-0.02086,0.407,0.757,-0.2477,-0.05377,0.0452,-0.1456,-0.5146,-1.439,-0.1169,0.142,0.237,0.2405,0.2037,0.157,-0.2898,0.1008,-1.184,0.2349,-0.3608,0.1764,-0.04242,-0.8926,-0.3884,0.2766,-0.05298,0.295,-0.29,-0.1704,-0.01508,0.241,0.0862,-0.3052,-0.3528,0.2761,0.041,-0.8335,-0.3823,-0.546,-0.04825,-0.1565,0.7256,-0.04077,0.3052,0.481,-0.2438,-0.05435,0.04108,-0.01455,0.011765,-0.07935,-0.301,-0.0464,0.01467,-0.2494,2.252,-0.6406,0.258,-0.0361,0.02725,-0.076,-0.2157
0,-0.03986,0.4236,-0.2178,0.3225,0.01119,0.1418,0.02147,1.154,-0.1315,0.7993,-0.7104,-0.653,-0.11304,-0.1836,0.256,0.136,-0.2815,0.05917,0.4285,-0.1991,-0.3257,0.923,0.2676,-0.788,0.2161,-0.7573,-2.006,-0.1134,-0.12317,0.10693,-0.4407,0.1555,-0.3325,0.4485,-0.568,-0.378,0.04672,0.6895,0.2996,0.02089,0.2213,-0.03555,0.5825,0.644,0.3325,-0.00543,-0.3323,-0.0989,-0.165,0.13,0.4631,-0.0719,-0.4475,1.095,0.419,0.1615,-0.1584,0.4048,-0.0927,0.1552,2.926,0.3213,-0.2087,-8.57,-0.3782,0.01637,0.6157,0.1915,-0.1425,0.539,0.693,-0.3276,7.227,-0.8457,0.701,0.2976,-0.03122,0.9883,1.1,0.1608,0.4531,0.02185,0.2344,0.1533,-0.08093,-0.03488,-0.3071,0.1753,-0.1388,-0.10626,-0.01259,-0.5786,-0.12317,0.11676,-0.298,1.37,-0.005047,-0.54,0.5474,-2.924,-0.3577,0.8477,0.11273,0.2488,-0.376,-0.8184,-0.4946,-0.01153,0.1447,0.09314,0.1853,0.298,-0.2454,-0.2477,-0.3713,-0.0682,-0.7705,-0.6885,0.3179,-0.2644,0.06335,0.7197,-0.09686,0.3157,0.09814,1.105,-0.2861,0.1843,0.01955,0.1528,-0.2854,0.4148,0.8184,-0.2035,-0.03894,-0.1385,-0.4456,-0.293,-1.9375,-0.1282,-0.1067,0.3936,0.1967,0.153,0.666,-0.2996,0.04318,-1.62,-0.1813,-0.4421,0.03857,-0.07336,-0.7534,-0.2593,0.2402,-0.01773,0.6953,-0.882,0.03134,0.3547,0.2267,-0.3748,-0.155,-0.394,0.3062,0.0376,-0.66,-0.08124,-0.3743,-0.2407,-0.4602,0.7993,-0.1947,0.078,0.667,-0.1989,0.0903,-0.2081,0.2812,0.01955,-0.06573,-0.3992,0.11707,-0.2135,-0.4836,2.373,-0.7393,0.2303,-0.02972,-0.00245,-0.1731,-0.4878
1,0.3933,0.004463,-0.1422,0.4924,0.08826,-0.07904,-0.5674,0.04254,-0.5117,0.04138,1.037,-0.3245,-0.03897,0.1449,-0.404,0.07477,0.4104,0.37,0.4045,-0.4976,-0.4575,-2.168,-0.412,-0.567,1.171,1.052,2.459,-0.3499,-0.05695,0.07574,0.2507,1.125,-0.02531,0.497,-0.8843,0.1115,0.2598,0.6436,-1.079,0.12225,-0.0444,-0.03802,-0.2466,0.08057,0.4424,-0.1527,0.7354,0.3298,0.07214,0.8745,0.935,-0.418,-0.3267,0.297,-0.291,-0.765,0.1649,0.2173,-1.183,-0.2015,-1.929,0.3875,0.1294,-7.812,-0.6494,0.8394,0.323,-0.401,-0.0109,0.354,-1.27,-0.01042,7.26,1.167,0.969,0.3523,0.6353,-0.1761,1.482,-0.01427,0.08356,-0.3948,0.4878,-0.2329,0.3464,0.2006,-0.2382,-0.08057,0.6626,0.1765,-0.533,-0.1547,0.225,-0.9067,0.3416,-0.2435,0.359,-0.3506,-0.365,-1.394,-0.424,0.4639,-0.1322,-0.672,-0.6655,0.3667,-0.2192,0.4275,-0.1921,0.1232,0.4124,0.1262,-0.8613,-0.03384,-0.4868,0.0829,-0.10706,0.3523,0.007664,-0.1705,-0.2815,0.4612,-0.7563,0.2335,-0.223,1.837,-0.3975,-0.09033,0.5537,0.1181,-0.3013,1.381,-0.519,-0.616,0.02148,0.126,-0.142,0.699,0.4963,-0.2358,0.562,0.4114,1.01,-0.01448,0.01653,0.3943,0.09564,-1.677,0.1539,0.1511,0.2637,-0.2637,-1.074,-0.396,-0.2363,0.4526,0.469,-0.0774,-0.1186,0.07684,-0.2278,-0.4663,0.1189,-0.2119,0.3997,-0.2854,0.624,0.295,0.1656,-0.654,-1.215,0.2267,0.163,0.12006,-0.8296,0.171,-0.2175,0.4116,0.7593,0.1544,0.709,0.2003,0.04785,0.452,0.2412,-3.254,-0.4639,0.1318,0.0887,-0.8477,-0.186,-0.3948
0,0.0125,0.3274,-0.2207,0.2338,-0.03049,0.03099,-0.148,1.201,-0.1589,0.7476,-0.739,-0.59,-0.1566,-0.1848,0.1746,0.1515,-0.291,0.06125,0.4424,-0.165,-0.3354,0.972,0.2725,-0.8745,0.256,-0.7017,-2.121,-0.1624,-0.1797,0.1333,-0.3816,0.09375,-0.1774,0.4207,-0.5986,-0.3474,-0.007057,0.671,0.3843,0.03244,0.311,-0.0786,0.7036,0.5903,0.2251,-0.1081,-0.3342,-0.10126,-0.10254,0.09973,0.4304,-0.143,-0.426,1.016,0.432,0.1389,-0.1121,0.4226,-0.0002079,0.1698,2.969,0.356,-0.2267,-8.54,-0.3516,0.1415,0.6084,0.1879,-0.1355,0.5073,0.5806,-0.321,7.227,-0.8525,0.667,0.2764,-0.00319,1.032,1.198,0.1718,0.385,0.1023,0.2603,0.2563,-0.062,0.0082,-0.322,0.1672,-0.2363,-0.1965,0.015045,-0.666,-0.0948,0.2194,-0.2705,1.327,0.03622,-0.472,0.531,-3.023,-0.3381,0.87,0.03032,0.3218,-0.353,-0.8,-0.485,-0.01517,0.0821,0.1423,0.2551,0.3132,-0.2283,-0.2954,-0.388,-0.1676,-0.7695,-0.7065,0.2198,-0.27,-0.0585,0.676,-0.06696,0.4844,0.04834,1.028,-0.2654,0.2388,-0.0001352,0.2117,-0.3096,0.4607,0.817,-0.0847,0.0804,-0.07336,-0.418,-0.3245,-1.883,-0.1769,0.00355,0.3674,0.2307,0.07294,0.513,-0.379,0.01917,-1.571,-0.059,-0.3945,0.02585,-0.1517,-0.6597,-0.2795,0.325,-0.09296,0.624,-0.7837,-0.03418,0.253,0.166,-0.3474,-0.34,-0.3542,0.1903,0.07745,-0.6694,-0.1006,-0.3335,-0.2009,-0.4512,0.861,-0.1425,0.0739,0.547,-0.2125,0.1254,-0.2158,0.3064,-0.05307,-0.1022,-0.451,0.2156,-0.1604,-0.2805,2.475,-0.6924,0.3105,-0.0657,0.03467,-0.2004,-0.4846
1,0.4492,0.04565,-0.0235,0.5303,0.1112,-0.2445,-0.6274,-0.0363,-0.4202,0.096,1.058,-0.3713,-0.1333,0.2559,-0.4468,0.05164,0.453,0.388,0.5327,-0.6235,-0.463,-2.348,-0.3655,-0.723,1.147,1.063,2.504,-0.3386,0.0741,0.2617,0.318,1.072,-0.09766,0.4492,-0.852,-0.04593,0.465,0.8433,-1.204,-0.04916,-0.0493,-0.015396,-0.2384,0.1265,0.543,-0.0759,0.4841,0.36,-0.0746,0.9453,1.073,-0.4468,-0.2744,0.2218,-0.2666,-0.7026,0.05377,0.3806,-1.141,-0.0828,-2.045,0.3079,0.0682,-7.69,-0.6797,0.8306,0.3762,-0.5337,-0.1231,0.3215,-1.287,-0.08514,7.05,1.1875,0.8765,0.3928,0.5938,-0.2183,1.787,-0.04282,0.1583,-0.2646,0.4658,-0.1848,0.3115,0.2598,-0.2206,-0.1907,0.607,0.03998,-0.577,-0.2908,0.0455,-0.97,0.3572,-0.441,0.3235,-0.4524,-0.3115,-1.283,-0.4563,0.372,-0.2148,-0.835,-0.5513,0.4368,-0.0673,0.542,-0.2375,-0.01404,0.3499,0.2258,-0.666,-0.1393,-0.6123,0.1837,-0.1445,0.418,-0.04785,0.03717,-0.3994,0.629,-0.6963,0.1522,-0.3628,1.718,-0.3413,-0.0333,0.63,0.0729,-0.2406,1.411,-0.543,-0.702,0.00874,0.2449,0.0389,0.666,0.5464,-0.3271,0.579,0.4478,0.862,0.0915,0.01772,0.396,0.2659,-1.786,0.1641,0.1653,0.2935,-0.139,-1.153,-0.36,-0.1888,0.463,0.632,-0.0336,-0.02905,0.1252,-0.0666,-0.4832,0.0775,-0.2148,0.3013,-0.1576,0.545,0.2534,0.02435,-0.699,-1.185,0.2522,0.2253,0.08527,-0.714,0.2076,-0.11475,0.375,0.8027,0.1572,0.696,0.2275,-0.03983,0.5083,0.2742,-3.35,-0.633,0.1428,-0.09296,-0.827,-0.0668,-0.4158
0,0.1385,0.2556,-0.0877,0.3354,0.0696,-0.07086,-0.1353,1.217,-0.2976,0.771,-0.621,-0.5747,-0.205,-0.1713,0.1372,0.09,-0.267,-0.03098,0.4065,-0.2637,-0.2491,0.8433,0.08875,-0.887,0.1866,-0.7026,-1.969,-0.1208,-0.1958,0.1357,-0.3003,0.08167,-0.291,0.3564,-0.5986,-0.2366,0.007545,0.694,0.147,-0.0897,0.2664,-0.03238,0.55,0.5728,0.2585,-0.1289,-0.3777,-0.1698,-0.2147,0.05774,0.4414,0.03485,-0.494,0.978,0.3518,0.12085,-0.1447,0.3882,0.08014,0.1787,2.893,0.3398,-0.2188,-8.8,-0.3345,0.03998,0.6123,0.1918,-0.1287,0.4592,0.5933,-0.3608,7.395,-0.7725,0.6045,0.2423,0.0648,1.086,1.186,0.0903,0.3748,0.1108,0.2036,0.1941,0.01567,0.0845,-0.2947,0.1345,-0.1982,-0.2408,-0.04022,-0.6987,-0.161,0.3188,-0.3093,1.231,-0.00867,-0.4126,0.5405,-2.828,-0.3655,0.6846,0.04877,0.2808,-0.1995,-0.6875,-0.4072,-0.05518,0.1412,0.1566,0.3667,0.3713,-0.1864,-0.2822,-0.367,0.03845,-0.7974,-0.6357,0.2125,-0.264,-0.005424,0.6084,-0.06058,0.4229,0.05753,1.005,-0.3274,0.1827,0.1134,0.1475,-0.2063,0.4019,0.796,-0.0909,0.00406,-0.005424,-0.271,-0.4243,-1.738,-0.0706,6.807e-05,0.3345,0.173,0.1616,0.4646,-0.2925,0.1266,-1.406,-0.05576,-0.3462,0.07623,-0.0607,-0.789,-0.3452,0.1913,-0.0361,0.5312,-0.5947,-0.0942,0.2034,0.2878,-0.277,-0.1722,-0.3972,0.2625,0.0551,-0.669,-0.1381,-0.378,-0.2069,-0.3694,0.8037,-0.10297,0.1471,0.6035,-0.2817,-0.08746,-0.10315,0.1967,-0.07605,-0.04056,-0.4172,0.05002,-0.1447,-0.2032,2.336,-0.761,0.2258,-0.04022,0.01984,-0.1137,-0.3542
1,0.08936,0.0405,-0.11865,0.4146,-0.0322,-0.01666,-0.6694,0.09875,-0.387,0.2957,0.5444,0.2365,-0.5063,0.0909,-0.08386,-0.2433,0.2861,0.153,0.01026,-0.2186,-0.02289,-2.086,-0.54,0.0518,0.3967,1.1,1.076,0.06323,-0.01978,0.124,0.03308,0.9595,-0.1003,0.27,-0.4375,0.0657,0.083,0.5522,-0.506,0.2686,-0.3975,-0.467,-0.1666,-0.3208,0.2793,0.1786,-0.0307,-0.05518,-0.0581,0.2134,0.8374,0.388,-0.0994,0.10583,-0.165,-0.9507,-0.2115,-0.2396,-1.1875,0.1694,-0.757,0.0744,0.3691,-8.75,-0.0522,0.2944,-0.10864,-0.266,0.0487,0.2134,-0.5474,0.2886,8.2,0.608,0.4553,0.2417,0.7275,0.2058,0.843,-0.1183,-0.002024,-0.412,0.624,0.05588,0.1663,0.4128,-0.1225,0.2512,0.461,0.1733,-0.4475,-0.1201,-0.2695,-0.7373,0.535,-0.4343,0.2898,0.088,-0.04135,-2.271,-0.03473,-0.3298,0.01825,-0.3909,0.1698,0.4788,0.416,-0.11414,-0.321,0.1107,0.454,0.6836,-0.3164,-0.0497,-0.485,-0.0681,0.1486,0.8687,-0.5664,0.1667,-0.4849,-0.276,-0.294,0.1371,-0.2966,0.8823,-0.1627,-0.1217,0.2522,0.7954,0.0447,1.2705,-0.2822,-0.2174,-0.2852,0.0982,0.1199,0.34,0.8965,-0.507,0.982,-0.2104,0.4893,-0.0983,-0.1852,0.06494,0.1594,-1.882,0.0997,-0.1063,0.771,-0.697,-0.7954,0.0677,-0.12,0.1492,-0.0774,-0.0397,0.0763,-0.2505,0.05103,0.358,0.1437,-0.1414,0.2158,-0.1232,0.506,-0.1328,-0.3872,-0.3914,-0.404,0.098,-0.238,0.467,-0.334,-0.001972,0.01118,0.4355,0.04495,0.1385,0.4219,0.2183,-0.1442,0.84,0.572,-2.123,-0.1464,-0.2101,0.2351,-0.4172,0.245,-0.2634
0,0.1802,0.3105,-0.02213,0.3652,0.1071,-0.1803,-0.1776,1.267,-0.3318,0.7827,-0.5586,-0.4934,-0.251,-0.1278,0.0722,0.0737,-0.2727,-0.0688,0.4595,-0.315,-0.1858,0.744,-0.0421,-0.8975,0.1724,-0.6123,-1.844,-0.02751,-0.12476,0.1556,-0.256,0.1597,-0.4175,0.3384,-0.537,-0.2253,0.11084,0.659,0.0946,-0.1805,0.1858,-0.04556,0.557,0.599,0.339,-0.1123,-0.4104,-0.1282,-0.2993,-0.0008783,0.4238,0.1401,-0.4893,0.971,0.3538,0.04446,-0.2117,0.3936,0.1279,0.2452,2.756,0.258,-0.2585,-8.87,-0.3918,0.0288,0.5786,0.2009,-0.211,0.429,0.5703,-0.5063,7.555,-0.72,0.5454,0.2832,0.1027,1.064,1.266,0.005486,0.3076,0.1288,0.2197,0.1965,0.1309,0.10675,-0.2563,0.0564,-0.252,-0.3237,-0.04944,-0.7393,-0.2013,0.2472,-0.258,1.142,0.0461,-0.4387,0.5474,-2.684,-0.335,0.629,0.01508,0.2195,-0.265,-0.639,-0.4072,-0.03607,0.1417,0.1896,0.3848,0.4128,-0.1403,-0.2441,-0.4253,0.1085,-0.85,-0.53,0.196,-0.2485,-0.07184,0.643,-0.06964,0.2788,0.0241,0.975,-0.363,0.206,0.1572,0.1016,-0.2595,0.4355,0.7188,-0.1824,-0.0203,0.03662,-0.1818,-0.3938,-1.621,-0.0766,0.04935,0.3337,0.2278,0.1576,0.3582,-0.2385,0.13,-1.375,0.0321,-0.342,0.1112,0.000982,-0.779,-0.425,0.1223,-0.02457,0.4458,-0.4595,-0.09515,0.111,0.38,-0.1813,-0.0694,-0.4575,0.2323,0.05527,-0.6807,-0.2532,-0.407,-0.05865,-0.2756,0.8145,-0.0776,0.1726,0.5615,-0.2754,-0.1316,-0.0563,0.1484,-0.0699,-0.0462,-0.3625,-0.10516,-0.1066,-0.201,2.28,-0.7573,0.1705,-0.001466,0.05298,-0.0951,-0.2544
0,-0.1484,0.404,-0.268,0.1885,-0.0191,0.1715,-0.0001094,1.09,-0.002508,0.7617,-0.694,-0.7134,-0.052,-0.2404,0.2347,0.1537,-0.2505,0.0752,0.4602,-0.2089,-0.393,1.076,0.4175,-0.8706,0.3015,-0.784,-2.111,-0.1716,-0.1576,0.0641,-0.499,0.1072,-0.1016,0.4233,-0.527,-0.3796,-0.02205,0.747,0.3538,0.1425,0.2578,-0.02171,0.632,0.5903,0.2166,0.05338,-0.2961,-0.0874,-0.02563,0.1833,0.3994,-0.2299,-0.3708,1.179,0.361,0.164,-0.10876,0.426,-0.078,0.135,2.938,0.3008,-0.2137,-8.45,-0.321,0.0777,0.641,0.1522,-0.06824,0.607,0.65,-0.2866,7.105,-0.864,0.778,0.2438,-0.0967,0.984,1.105,0.2352,0.533,0.0572,0.2106,0.2035,-0.1766,-0.08295,-0.3074,0.2195,-0.07495,-0.0657,0.04025,-0.597,-0.0811,0.08484,-0.2969,1.443,0.03427,-0.4626,0.5195,-3.09,-0.3694,0.961,0.11084,0.3345,-0.3748,-0.8623,-0.4658,-0.04697,0.1141,0.10657,0.08575,0.2705,-0.334,-0.3367,-0.3967,-0.1687,-0.651,-0.6885,0.348,-0.332,0.01889,0.6626,-0.09015,0.3347,0.1147,1.124,-0.2369,0.0997,-0.02219,0.2213,-0.3696,0.4075,0.888,-0.243,0.02907,-0.2112,-0.561,-0.289,-1.978,-0.1803,-0.0203,0.3408,0.2676,0.1527,0.715,-0.4077,0.02177,-1.634,-0.2385,-0.4138,-0.03503,-0.1283,-0.7856,-0.1732,0.2776,-0.03427,0.7754,-0.952,0.013664,0.4602,0.1366,-0.3928,-0.3142,-0.2913,0.2595,0.03876,-0.631,-0.0233,-0.3533,-0.382,-0.508,0.6484,-0.2058,0.0946,0.666,-0.12427,0.1643,-0.3093,0.3818,0.0669,-0.03024,-0.4324,0.2443,-0.10126,-0.4673,2.365,-0.7266,0.2952,0.01294,-0.1058,-0.1482,-0.6147
1,0.2068,-0.1888,-0.3088,0.3235,0.006054,0.04825,-0.703,-0.03586,-0.3071,0.07623,1.304,-0.3992,-0.04617,0.18,-0.5557,-0.003172,0.2522,0.3472,0.3777,-0.628,-0.5347,-2.14,-0.4382,-0.764,1.141,1.287,2.605,-0.2815,0.0421,0.198,0.5283,1.293,-0.0852,0.4329,-0.961,0.10095,0.4114,0.583,-0.918,-0.0816,0.09094,-0.07806,-0.4053,0.4917,0.368,-0.11487,0.547,0.5356,0.2432,0.962,0.856,-0.513,-0.1858,0.2996,-0.3616,-0.6123,0.1487,0.5146,-1.226,-0.23,-1.892,0.528,-0.0697,-7.527,-0.7896,1.1,0.459,-0.378,0.1718,0.539,-1.392,-0.04507,6.766,1.227,1.0,0.2766,0.511,-0.1323,1.615,0.11774,0.341,-0.3484,0.567,-0.2937,0.4585,-0.001425,-0.2483,-0.1888,0.68,0.1346,-0.2522,-0.1377,0.2588,-0.9355,0.4517,-0.2273,-0.02959,-0.3228,-0.1433,-1.535,-0.7637,0.5815,-0.03378,-0.5767,-0.537,0.4917,-0.3394,0.3154,-0.2041,0.02625,0.4895,-0.01895,-0.884,-0.010864,-0.6426,-0.07874,-0.4438,0.3665,0.03445,-0.3093,0.11774,0.5737,-0.852,0.231,-0.193,1.848,-0.4456,0.09674,0.6206,-0.2776,-0.2031,1.39,-0.3867,-0.626,0.0736,0.08856,-0.0585,0.645,0.5293,-0.1989,0.603,0.2228,0.866,0.2942,0.1289,0.6113,0.3018,-1.701,0.3215,0.1599,0.3186,-0.1687,-1.362,-0.4658,0.1819,0.6787,0.581,-0.1826,-0.1536,0.1436,-0.25,-0.71,0.1578,-0.3713,0.3342,-0.3818,0.523,0.185,0.3037,-0.471,-1.319,0.2434,0.2451,0.002886,-1.206,-0.00809,-0.359,0.4438,0.9385,0.2666,0.7373,0.1259,-0.00882,0.5728,0.11835,-3.402,-0.8843,0.273,-0.272,-1.054,-0.1713,-0.4207
0,-0.09045,0.4146,-0.2556,0.189,0.01917,0.06354,-0.09875,1.077,-0.0792,0.7695,-0.6562,-0.62,-0.12305,-0.2434,0.1838,0.2189,-0.2451,0.066,0.4978,-0.2227,-0.3489,0.9463,0.3677,-0.8765,0.263,-0.7153,-2.074,-0.1736,-0.08954,0.1087,-0.4077,0.0803,-0.1517,0.41,-0.539,-0.341,-0.002148,0.751,0.3188,0.0586,0.2932,-0.00478,0.67,0.621,0.2396,0.01724,-0.3923,-0.06256,-0.1187,0.1414,0.4333,-0.1747,-0.4316,1.087,0.4316,0.182,-0.131,0.4597,-0.03613,0.2023,2.926,0.3396,-0.3926,-8.51,-0.3586,0.1412,0.65,0.1451,-0.1495,0.564,0.6016,-0.3452,7.17,-0.8647,0.783,0.2126,-0.1255,1.001,1.154,0.134,0.474,0.076,0.2083,0.3003,-0.0997,-0.0344,-0.309,0.1694,-0.1543,-0.1456,0.02145,-0.6494,-0.1322,0.05942,-0.286,1.359,0.1057,-0.4893,0.56,-3.084,-0.401,0.8887,0.0898,0.3193,-0.344,-0.828,-0.471,-0.0419,0.1588,0.1527,0.1531,0.2695,-0.2974,-0.2766,-0.3833,-0.1068,-0.6724,-0.632,0.294,-0.2947,-0.0855,0.688,-0.11053,0.321,0.1169,1.079,-0.2301,0.1097,0.03534,0.2238,-0.352,0.4036,0.8193,-0.2141,-0.003336,-0.1699,-0.5176,-0.312,-1.958,-0.1709,-0.01227,0.3699,0.2803,0.2292,0.6465,-0.4268,0.05188,-1.566,-0.1814,-0.4517,-0.03967,-0.1439,-0.795,-0.2074,0.2559,-0.1349,0.7715,-0.9023,-0.01093,0.3813,0.1819,-0.4014,-0.3013,-0.3616,0.326,0.0811,-0.6533,-0.1101,-0.292,-0.261,-0.392,0.6943,-0.1416,0.1009,0.675,-0.1276,0.1169,-0.291,0.3328,0.0378,-0.07623,-0.4377,0.1846,-0.04993,-0.3318,2.387,-0.7354,0.3745,-0.04794,-0.0466,-0.10547,-0.5986
0,0.1825,0.5215,-0.0527,0.5317,0.045,-0.12,-0.5747,1.202,-0.4426,0.6963,-0.8335,-0.3367,-0.1685,-0.3152,0.1113,0.01648,-0.2937,-0.01697,0.3306,-0.2092,-0.2378,0.773,-0.1644,-0.807,0.144,-0.487,-1.867,0.03656,-0.107,-0.03632,-0.4146,0.00975,-0.1771,0.3896,-0.2246,0.168,-0.02158,0.4343,0.1904,-0.02792,0.2423,-0.1984,0.7974,0.1559,0.1198,0.2239,-0.11847,-0.372,0.0159,-0.2966,0.09576,0.1394,-0.503,0.981,0.1667,-0.354,-0.2281,0.5005,-0.0604,-0.0115,2.512,0.3184,-0.1262,-8.77,-0.3103,0.0708,0.2367,0.2467,0.0647,0.4885,0.3748,-0.4048,8.03,-0.51,0.519,0.2852,0.2178,1.071,1.119,0.02052,0.2986,0.2225,0.2805,0.335,0.05722,0.0484,-0.1793,0.1852,-0.449,-0.2006,-0.01045,-0.915,0.1251,0.3977,-0.03099,1.031,0.1848,-0.2954,0.1205,-2.447,0.0001416,0.6562,-0.03195,0.2021,-0.2864,-0.785,-0.3284,-0.2605,-0.05444,0.216,0.293,0.344,-0.2057,-0.3516,-0.266,0.1904,-0.5776,-0.2507,0.124,-0.2314,-0.308,0.4482,-0.1421,0.53,-0.01634,1.069,-0.0412,0.0994,-0.00961,0.1038,0.01802,0.4067,0.7524,-0.1892,0.3154,0.03214,-0.1903,-0.525,-1.459,0.002449,0.1001,0.137,0.429,-0.145,-0.02269,-0.4153,-0.1193,-1.459,0.4182,-0.1108,0.2854,-0.1537,-0.712,-0.5396,0.013405,-0.03464,-0.1456,-0.166,-0.3662,-0.1846,0.0501,0.2935,-0.2438,-0.277,0.2693,0.04996,-0.5815,-0.2507,-0.4678,-0.309,-0.1694,0.8213,-0.1772,0.3003,0.5596,-0.3115,-0.2119,-0.122,0.0353,0.0909,0.1001,-0.2583,0.2786,0.2383,-0.446,2.043,-0.5005,0.2493,0.1355,-0.09595,-0.3535,-0.1913
1,0.2037,-0.10535,-0.3677,0.453,0.0898,0.08685,-0.6685,-0.04272,-0.3804,0.2415,1.143,-0.1925,-0.04062,0.02654,-0.5312,0.04947,0.2325,0.2866,0.2632,-0.4624,-0.4583,-2.094,-0.566,-0.4521,0.882,1.211,2.18,-0.225,0.02524,0.1365,0.3948,1.176,-0.1622,0.4104,-0.774,0.1317,0.1768,0.4868,-0.656,-0.01599,0.0673,-0.2108,-0.2908,0.3599,0.2554,0.002155,0.558,0.455,0.0974,0.8027,0.8726,-0.3337,-0.2245,0.2377,-0.2542,-0.6147,0.1996,0.1626,-1.138,-0.2021,-1.648,0.4927,0.05182,-7.938,-0.656,0.9507,0.2476,-0.2244,0.04425,0.529,-1.364,0.12134,7.375,1.122,0.9736,0.3618,0.4443,-0.0335,1.37,0.0794,0.133,-0.562,0.622,-0.1509,0.364,0.097,-0.2245,-0.05637,0.518,0.06885,-0.3052,-0.05862,0.2224,-0.916,0.2861,-0.312,0.1526,-0.1853,-0.1434,-1.6875,-0.5205,0.4795,-0.01111,-0.292,-0.4944,0.4932,-0.2773,0.134,-0.2041,0.0643,0.521,-0.011215,-0.7715,-0.01368,-0.5493,-0.1389,-0.2837,0.3984,0.02647,-0.2903,0.0852,0.4106,-0.933,0.2556,-0.1099,1.654,-0.3127,0.1343,0.603,-0.0665,-0.1608,1.431,-0.4104,-0.4731,0.05133,-0.00246,-0.1826,0.678,0.6055,-0.1576,0.702,0.1794,0.8745,0.1559,0.0992,0.502,0.10815,-1.748,0.2708,0.03082,0.3196,-0.2445,-1.161,-0.346,-0.0772,0.5024,0.4592,-0.1561,-0.1537,0.02975,-0.2262,-0.5283,0.268,-0.3406,0.315,-0.4353,0.541,0.1495,0.2766,-0.5923,-1.123,0.2659,0.225,-0.04553,-1.112,-0.001119,-0.3235,0.5073,0.7056,0.2583,0.6885,0.2208,-0.0538,0.5693,0.278,-3.318,-0.761,0.1368,0.002909,-0.7295,-0.1329,-0.4482
1,0.3523,0.0625,-0.02516,0.608,0.08246,-0.1349,-0.455,-0.02939,-0.3745,0.1279,0.8745,-0.3184,-0.1656,0.2126,-0.365,-0.03076,0.4595,0.3608,0.4612,-0.4048,-0.3809,-2.38,-0.3208,-0.4465,1.016,0.9346,2.164,-0.3296,-0.12396,0.195,0.167,1.113,-0.1543,0.3767,-0.879,-0.171,0.3972,0.724,-1.067,-0.0497,-0.1776,-0.1003,-0.1566,0.04828,0.5884,-0.0115,0.417,0.2139,-0.0999,0.7246,1.077,-0.2496,-0.1771,0.1138,-0.2708,-0.668,0.03857,0.1138,-1.176,-0.07697,-1.733,0.1799,0.3496,-8.2,-0.543,0.6143,0.2942,-0.379,-0.06073,0.2417,-1.152,0.01878,7.496,0.9946,0.723,0.3616,0.6836,-0.05692,1.559,0.03427,0.0172,-0.2136,0.533,-0.1312,0.2028,0.2712,-0.264,-0.06415,0.598,0.05685,-0.6357,-0.2009,0.1431,-0.8413,0.324,-0.3252,0.3364,-0.4194,-0.2861,-1.4375,-0.312,0.1807,-0.11664,-0.78,-0.3835,0.4907,0.01191,0.3906,-0.0973,0.1398,0.4526,0.3718,-0.4797,-0.2317,-0.4614,0.002165,-0.06866,0.333,-0.1001,0.0777,-0.481,0.3887,-0.572,0.2006,-0.4385,1.476,-0.3887,-0.010544,0.576,0.2874,-0.2181,1.386,-0.4207,-0.4482,-0.08795,0.2566,-0.03732,0.516,0.576,-0.28,0.53,0.3738,0.742,0.04517,-0.05624,0.38,0.2152,-1.833,0.09644,0.1184,0.4119,-0.2274,-0.956,-0.2778,-0.2913,0.3796,0.4849,0.001,0.071,-0.01837,-0.01372,-0.3472,0.1191,-0.2886,0.2693,-0.1415,0.539,0.2128,-0.0813,-0.5684,-1.035,0.2935,0.1794,0.2043,-0.613,0.1403,-0.02261,0.4382,0.692,0.03467,0.634,0.2021,-0.02092,0.3083,0.2725,-3.129,-0.4678,-0.0718,0.075,-0.6963,-0.05597,-0.29
1,0.129,0.1967,-0.312,0.4927,0.05777,0.04718,-0.63,-0.1848,-0.148,0.1354,1.201,-0.3806,0.04,0.356,-0.649,0.1776,0.309,0.3906,0.581,-0.7026,-0.5176,-2.047,-0.3708,-0.4827,1.171,1.052,2.611,-0.3242,0.0709,0.2174,0.3704,1.133,-0.172,0.5923,-0.725,-0.1758,0.5303,0.8813,-1.067,-0.0781,0.10345,0.1154,-0.179,0.1875,0.4536,-0.1357,0.3037,0.5103,0.11615,0.946,1.049,-0.619,-0.1396,0.3474,-0.3716,-0.5034,0.02782,0.4336,-1.272,0.00825,-1.893,0.4668,-0.1844,-7.523,-0.8555,0.9893,0.3435,-0.3816,-0.0797,0.589,-1.265,0.0714,6.723,1.217,0.9688,0.2708,0.528,-0.2454,1.519,0.2142,0.4421,-0.2903,0.559,-0.3337,0.08813,0.03537,-0.3005,-0.3567,0.6147,-0.007416,-0.3857,-0.1277,0.2139,-1.153,0.39,-0.3618,0.1882,-0.4497,-0.1691,-1.632,-0.6846,0.6655,0.0987,-0.7207,-0.6846,0.5786,0.003061,0.4443,-0.1404,0.01787,0.4165,0.02777,-0.5874,-0.2634,-0.8,0.0368,-0.4292,0.4006,0.0582,-0.2499,0.0564,0.621,-0.811,-0.0505,-0.3218,1.913,-0.3315,0.09247,0.601,-0.1675,-0.3179,1.342,-0.5356,-0.758,-0.1261,0.0784,0.0227,0.6245,0.437,-0.1409,0.591,0.2852,0.977,0.2637,0.3152,0.453,0.4448,-1.893,0.1074,0.1201,0.2006,-0.12085,-1.346,-0.4822,0.10425,0.6724,0.8403,-0.3582,0.02232,0.19,-0.1364,-0.876,0.336,-0.3948,0.3708,-0.311,0.737,0.1772,0.2301,-0.6865,-1.143,0.1478,0.3242,-0.1449,-0.959,0.1748,-0.08014,0.2257,1.023,0.278,0.7373,0.2314,-0.2205,0.519,0.1819,-3.393,-0.829,0.1914,-0.2651,-1.194,-0.04288,-0.611
0,-0.0811,0.437,-0.2659,0.2429,0.01008,0.0756,0.0014305,1.123,-0.02933,0.7964,-0.6816,-0.6514,-0.10016,-0.2578,0.1771,0.2021,-0.26,0.10046,0.463,-0.2198,-0.3657,0.9937,0.349,-0.8823,0.2546,-0.769,-2.066,-0.1525,-0.1243,0.1282,-0.4346,0.1298,-0.2228,0.4187,-0.5425,-0.3894,-0.02002,0.7437,0.3052,0.08185,0.2632,-0.04993,0.618,0.569,0.2133,-0.0266,-0.343,-0.03415,-0.1168,0.1824,0.4695,-0.191,-0.423,1.16,0.4048,0.1846,-0.1356,0.3892,-0.07434,0.1824,2.945,0.3147,-0.275,-8.49,-0.334,0.10657,0.6704,0.1777,-0.1365,0.585,0.6606,-0.2842,7.156,-0.8667,0.7856,0.2678,-0.11554,0.9404,1.142,0.161,0.485,0.02151,0.234,0.2129,-0.1078,-0.03223,-0.2874,0.2106,-0.11084,-0.11237,0.02509,-0.6226,-0.1372,0.1012,-0.2769,1.382,0.0953,-0.4739,0.5444,-3.047,-0.3662,0.8945,0.06506,0.3447,-0.3574,-0.8477,-0.4805,0.00852,0.1508,0.05124,0.1516,0.2715,-0.2732,-0.3079,-0.4307,-0.09344,-0.7017,-0.665,0.3147,-0.2966,-0.01875,0.6963,-0.1192,0.3267,0.08466,1.049,-0.2455,0.1337,0.02373,0.2305,-0.3582,0.4514,0.8164,-0.2168,-0.03787,-0.183,-0.536,-0.3354,-1.951,-0.2229,0.004723,0.3972,0.2515,0.2108,0.7153,-0.4304,0.0639,-1.545,-0.1957,-0.4653,-0.07355,-0.1095,-0.805,-0.1566,0.2551,-0.1028,0.82,-0.951,0.03455,0.446,0.2115,-0.4346,-0.2578,-0.3213,0.2878,0.01287,-0.673,-0.05283,-0.34,-0.291,-0.4685,0.665,-0.1804,0.1044,0.637,-0.1497,0.1309,-0.2646,0.3337,0.03065,-0.0545,-0.4023,0.1735,-0.10565,-0.3845,2.373,-0.7515,0.3066,-0.0227,-0.04953,-0.11145,-0.605
0,0.2295,0.1859,-0.0242,0.2615,0.1097,-0.2347,-0.2318,1.375,-0.3188,0.8047,-0.6323,-0.4563,-0.2421,-0.1902,0.1362,0.04425,-0.3467,-0.1027,0.3755,-0.2922,-0.1823,0.8286,0.001418,-1.079,0.2354,-0.572,-1.9375,0.00978,-0.1442,0.1362,-0.11505,0.0862,-0.319,0.3667,-0.64,-0.214,0.003695,0.655,0.1976,-0.2292,0.2113,-0.071,0.497,0.654,0.2311,-0.1436,-0.341,-0.1678,-0.167,-0.02846,0.4126,0.0213,-0.4,1.025,0.343,0.1327,-0.1838,0.489,0.2136,0.1409,2.822,0.3105,-0.268,-8.805,-0.3018,0.10016,0.6094,0.258,-0.2229,0.413,0.474,-0.4646,7.47,-0.721,0.518,0.2445,0.03574,1.122,1.339,0.01517,0.275,0.1367,0.2213,0.2336,0.2094,0.1355,-0.1768,0.04767,-0.3745,-0.3403,0.0162,-0.772,-0.119,0.3901,-0.251,1.136,0.06335,-0.4958,0.5605,-2.74,-0.361,0.659,-0.03214,0.3616,-0.221,-0.6865,-0.432,-0.07556,0.0883,0.12024,0.3992,0.4106,-0.1302,-0.2194,-0.4612,0.0506,-0.8193,-0.5825,0.1725,-0.324,-0.06494,0.6353,-0.09534,0.4368,0.03488,0.8677,-0.3184,0.2192,0.11414,-0.01273,-0.1268,0.4424,0.7837,-0.04825,0.1043,0.0226,-0.2007,-0.4248,-1.652,-0.1265,0.06024,0.3525,0.1321,0.1732,0.281,-0.3076,0.1686,-1.166,0.11835,-0.3242,0.05493,0.003435,-0.7354,-0.43,0.1892,-0.02203,0.4412,-0.4614,-0.1997,0.1115,0.358,-0.1707,-0.2131,-0.4229,0.1604,0.087,-0.798,-0.2715,-0.3738,-0.0453,-0.3884,0.777,-0.1426,0.142,0.4119,-0.2764,-0.1411,0.011116,0.1487,-0.1359,-0.06604,-0.4238,0.01517,-0.0807,-0.1077,2.352,-0.85,0.3196,-0.0634,0.089,-0.1442,-0.2169
1,0.1103,0.1926,-0.3806,0.4624,-0.00635,0.09955,-0.5625,-0.1526,-0.0806,0.1904,1.222,-0.4434,0.0863,0.3284,-0.6685,0.1461,0.2617,0.3577,0.57,-0.6465,-0.5186,-2.084,-0.322,-0.3777,1.1875,1.019,2.617,-0.3035,0.0003731,0.208,0.3022,1.143,-0.1804,0.58,-0.741,-0.1895,0.485,0.7944,-0.925,-0.08734,0.1283,0.05728,-0.285,0.2491,0.4363,-0.1809,0.3936,0.5547,0.1857,0.954,1.013,-0.6177,-0.0975,0.401,-0.414,-0.4883,0.078,0.4407,-1.347,-0.0546,-1.817,0.449,-0.06015,-7.598,-0.886,0.9995,0.3408,-0.311,0.02843,0.6025,-1.29,0.06396,6.8,1.181,0.9717,0.2485,0.553,-0.1799,1.449,0.2216,0.3953,-0.2585,0.595,-0.372,0.1556,-0.02579,-0.2842,-0.3489,0.721,0.09204,-0.3972,-0.1257,0.3447,-1.078,0.4133,-0.189,0.1511,-0.416,-0.2404,-1.68,-0.6025,0.727,0.1337,-0.677,-0.64,0.5566,-0.0842,0.3926,-0.07227,0.05576,0.333,-0.0579,-0.6177,-0.2908,-0.738,-0.0461,-0.4404,0.3538,0.1029,-0.3071,0.11945,0.5117,-0.7954,0.00791,-0.2935,1.791,-0.4192,0.1581,0.562,-0.2322,-0.3174,1.338,-0.3901,-0.739,-0.1699,0.10706,-0.02606,0.574,0.499,-0.1412,0.582,0.235,1.0625,0.3123,0.326,0.4844,0.3882,-1.895,0.1473,0.02039,0.1947,-0.1815,-1.276,-0.505,0.1406,0.667,0.797,-0.3071,0.07043,0.1718,-0.2424,-0.8384,0.3174,-0.3723,0.3535,-0.39,0.6914,0.1604,0.1907,-0.594,-1.24,0.0957,0.2842,-0.02306,-1.021,0.08026,-0.1215,0.3364,0.9863,0.2277,0.7046,0.2515,-0.2173,0.3787,0.0362,-3.365,-0.776,0.1497,-0.2372,-1.206,-0.07166,-0.5103
0,0.1156,0.2747,-0.04974,0.2308,0.07227,-0.1256,-0.1951,1.231,-0.265,0.83,-0.7075,-0.433,-0.1605,-0.1772,0.0961,0.10297,-0.2578,-0.05374,0.437,-0.2407,-0.257,0.8486,0.0831,-0.9814,0.2788,-0.655,-2.035,-0.04727,-0.1614,0.10535,-0.275,0.01909,-0.234,0.325,-0.563,-0.3682,0.0633,0.6636,0.3105,-0.11896,0.2537,-0.0695,0.61,0.62,0.2443,-0.1279,-0.3335,-0.2113,-0.1932,-0.04837,0.44,-0.04062,-0.345,0.9907,0.4036,0.1412,-0.09534,0.3823,0.1378,0.2244,2.838,0.2314,-0.2319,-8.766,-0.351,0.08575,0.551,0.2537,-0.2158,0.441,0.514,-0.4207,7.426,-0.8296,0.554,0.3147,0.04456,1.103,1.357,0.10486,0.3245,0.1501,0.2429,0.1836,-0.01105,0.0908,-0.2957,0.07166,-0.3142,-0.329,0.04,-0.6504,-0.07794,0.3066,-0.2683,1.166,0.0939,-0.4368,0.5645,-2.861,-0.326,0.705,0.0737,0.365,-0.2603,-0.67,-0.39,-0.1135,0.12195,0.1987,0.3367,0.3604,-0.12274,-0.2686,-0.4119,-0.088,-0.753,-0.648,0.1991,-0.3188,-0.0942,0.651,-0.09406,0.3967,0.05457,0.888,-0.2656,0.2786,0.04767,0.0847,-0.2522,0.4468,0.8066,-0.0686,0.11035,-0.02399,-0.342,-0.3474,-1.717,-0.10547,0.04855,0.3281,0.1542,0.0987,0.3577,-0.3862,0.112,-1.375,0.01929,-0.3633,0.03775,-0.0651,-0.676,-0.3823,0.1187,-0.1481,0.5063,-0.587,-0.10126,0.1299,0.2437,-0.2247,-0.2155,-0.3926,0.1594,0.09674,-0.651,-0.1887,-0.365,-0.04587,-0.3794,0.741,-0.1581,0.1534,0.579,-0.1896,0.04962,-0.1188,0.2,-0.1317,-0.05014,-0.4075,0.07117,-0.07306,-0.21,2.37,-0.7285,0.2566,0.02531,0.0773,-0.1333,-0.3308
0,-0.1384,0.399,-0.2947,0.2255,-0.0451,0.1997,-0.07245,1.046,-0.1404,0.7803,-0.612,-0.635,-0.11163,-0.27,0.2247,0.2235,-0.2515,0.0481,0.502,-0.2036,-0.3555,0.9697,0.346,-0.7637,0.2266,-0.7393,-1.991,-0.2098,-0.1306,0.1027,-0.4421,0.1223,-0.19,0.413,-0.502,-0.2778,0.0014,0.685,0.2996,0.08936,0.2808,-0.01865,0.7065,0.6274,0.2593,0.05496,-0.3408,-0.0592,-0.1553,0.0892,0.3936,-0.1201,-0.4382,1.0625,0.4304,0.1923,-0.12384,0.4866,-0.03488,0.1869,2.941,0.3386,-0.3308,-8.55,-0.3838,0.09186,0.6724,0.1421,-0.1089,0.5825,0.6274,-0.3325,7.18,-0.888,0.72,0.1696,-0.10364,0.9897,1.115,0.1565,0.493,0.1011,0.2654,0.2925,-0.10736,-0.0353,-0.2983,0.1674,-0.1123,-0.08,0.05167,-0.6484,-0.0913,0.0726,-0.2683,1.399,0.02979,-0.4531,0.5537,-3.018,-0.4607,0.8945,0.1038,0.3093,-0.349,-0.8135,-0.489,-0.09644,0.1666,0.2098,0.1572,0.2578,-0.329,-0.3567,-0.3345,-0.139,-0.6943,-0.605,0.3364,-0.2874,-0.0835,0.683,-0.0982,0.3003,0.11395,1.132,-0.2244,0.0975,0.04742,0.2096,-0.3672,0.4043,0.8306,-0.2137,-0.03397,-0.212,-0.498,-0.2834,-1.994,-0.1653,-0.06396,0.327,0.2576,0.1707,0.643,-0.388,0.0337,-1.613,-0.2043,-0.466,0.00968,-0.1338,-0.8613,-0.236,0.2622,-0.1218,0.6675,-0.8794,0.02858,0.3523,0.137,-0.3865,-0.2769,-0.3777,0.3347,0.04987,-0.6196,-0.09503,-0.3083,-0.2219,-0.3945,0.752,-0.10693,0.1499,0.698,-0.1447,0.07184,-0.3196,0.3252,0.04703,-0.0959,-0.4307,0.2285,-0.0817,-0.4072,2.36,-0.709,0.3164,0.00187,-0.068,-0.11285,-0.5776
1,-0.1355,0.1519,-0.4766,0.517,0.0942,0.248,-0.6484,-0.36,-0.1237,0.2544,1.271,-0.2996,0.08453,0.338,-0.644,0.1625,0.2712,0.2913,0.589,-0.657,-0.534,-2.021,-0.5576,-0.2908,0.9893,0.8164,2.443,-0.3042,-0.1012,0.1552,0.2988,1.169,-0.1578,0.5625,-0.7207,-0.292,0.5444,0.985,-0.9946,0.04636,0.07336,0.0579,0.1779,0.08356,0.582,-0.1674,0.143,0.3047,-0.006336,0.7017,1.045,-0.3374,0.0852,0.11975,-0.3767,-0.3372,0.08673,0.269,-1.258,0.1385,-1.664,0.4338,-0.01656,-7.77,-0.8384,0.9004,0.3909,-0.2634,-0.0348,0.745,-0.97,0.2263,6.844,0.9976,0.8184,0.2397,0.362,-0.2151,1.536,0.2441,0.414,-0.2112,0.8623,-0.216,-0.0561,0.0697,-0.4033,-0.2715,0.773,-0.1399,-0.4338,0.0917,0.362,-1.065,0.4553,-0.3481,0.1125,-0.4407,-0.2008,-1.708,-0.6055,0.4272,0.1881,-0.642,-0.5635,0.6675,0.0476,0.2559,-0.02206,0.01563,0.6123,0.05887,-0.3882,-0.3945,-0.705,-0.12415,-0.577,0.3206,0.02917,-0.2063,0.06616,0.467,-0.7134,0.001056,-0.4707,1.896,-0.2725,0.2261,0.594,0.09125,-0.3142,1.344,-0.566,-0.6777,-0.1548,-0.05536,-0.01958,0.6904,0.2397,-0.11115,0.528,0.211,1.052,0.1298,0.321,0.349,0.544,-2.1,-0.05368,0.135,0.2874,-0.0526,-1.494,-0.4377,-0.0453,0.5757,0.9194,-0.3855,0.2085,0.05978,-0.1422,-0.722,0.56,-0.638,0.3264,-0.3,0.8853,-0.04114,0.2595,-0.6265,-0.999,0.2345,0.439,-0.0831,-0.8213,0.2583,-0.1578,-0.0543,1.048,0.2585,0.608,0.1841,-0.307,0.529,-0.00912,-3.22,-0.8125,-0.0623,-0.1315,-1.175,-0.01729,-0.6406
1,-0.01037,-0.0457,-0.3982,0.4597,0.1301,0.2118,-0.7446,-0.2793,-0.319,0.2031,1.358,-0.277,-0.005875,0.2312,-0.6025,0.0768,0.3047,0.2366,0.488,-0.6436,-0.5234,-2.098,-0.6265,-0.4663,0.945,1.015,2.42,-0.316,-0.08704,0.1602,0.4219,1.306,-0.12036,0.4387,-0.822,-0.03143,0.45,0.822,-1.021,0.06604,0.04474,-0.003572,0.01066,0.2109,0.4797,-0.03787,0.2496,0.3308,-0.01229,0.7266,0.899,-0.27,-0.02637,0.0917,-0.401,-0.4932,0.2035,0.2842,-1.185,0.004025,-1.7295,0.4795,-0.0394,-7.777,-0.7793,0.9824,0.4417,-0.3276,0.04205,0.659,-1.092,0.1454,6.902,0.9927,0.9277,0.242,0.334,-0.2205,1.568,0.1071,0.2993,-0.2803,0.803,-0.2194,0.1562,0.1219,-0.365,-0.186,0.775,-0.0955,-0.362,0.03001,0.3044,-1.028,0.427,-0.359,0.001937,-0.3367,-0.159,-1.659,-0.6436,0.3794,0.0747,-0.5576,-0.4937,0.5947,-0.0992,0.2238,-0.0855,0.0768,0.6436,0.05798,-0.5996,-0.2028,-0.612,-0.0965,-0.4966,0.3975,-0.009514,-0.1914,-0.010315,0.511,-0.785,0.1613,-0.398,1.964,-0.3293,0.11566,0.641,0.0651,-0.3066,1.312,-0.5195,-0.647,-0.04263,-0.0988,-0.04962,0.7505,0.2957,-0.1752,0.603,0.1859,1.035,0.1537,0.1721,0.479,0.4216,-1.953,0.05948,0.1866,0.3855,-0.087,-1.527,-0.4197,-0.07477,0.547,0.72,-0.2327,0.02869,0.0441,-0.1595,-0.5986,0.4392,-0.5938,0.3577,-0.28,0.82,0.01199,0.3252,-0.6084,-1.045,0.275,0.411,-0.001059,-0.863,0.1909,-0.27,0.0952,0.9355,0.2808,0.636,0.1533,-0.2018,0.6787,0.10986,-3.273,-0.782,0.07214,-0.10205,-1.07,-0.02919,-0.5996
1,0.308,0.08826,-0.2795,0.35,0.1256,-0.1449,-0.5483,-0.10315,-0.1764,0.0526,1.201,-0.4185,0.0792,0.2776,-0.6157,0.1372,0.2893,0.3271,0.552,-0.7056,-0.4927,-2.191,-0.3164,-0.6123,1.1875,1.228,2.666,-0.2905,0.1866,0.2233,0.3586,1.14,-0.1353,0.5566,-0.7837,-0.10767,0.487,0.869,-1.019,-0.1448,0.09033,0.02322,-0.4329,0.2861,0.394,-0.1512,0.403,0.5273,0.1567,1.042,1.024,-0.6553,-0.2712,0.3577,-0.3489,-0.613,0.03275,0.4597,-1.317,-0.1296,-1.995,0.4927,-0.2133,-7.402,-0.8564,1.05,0.3677,-0.4653,0.04083,0.4446,-1.441,-0.0908,6.7,1.322,1.066,0.3352,0.6,-0.1763,1.638,0.1771,0.3816,-0.2339,0.4265,-0.301,0.317,0.03174,-0.2117,-0.2998,0.779,0.0931,-0.4565,-0.2299,0.08636,-1.106,0.4387,-0.2803,0.2327,-0.3982,-0.1871,-1.517,-0.571,0.6533,0.02571,-0.769,-0.5815,0.4856,-0.07745,0.4888,-0.0707,0.02092,0.2612,-0.02019,-0.753,-0.1245,-0.6846,0.11,-0.358,0.3293,0.107,-0.2275,-0.0385,0.621,-0.8364,0.02606,-0.2281,1.815,-0.4587,0.03516,0.585,-0.2783,-0.4075,1.326,-0.376,-0.8335,-0.078,0.1509,-0.01889,0.5986,0.5425,-0.1543,0.6255,0.3674,0.9595,0.4336,0.238,0.4578,0.3062,-1.821,0.1727,0.1002,0.2306,-0.1953,-1.207,-0.5635,0.0736,0.606,0.739,-0.1915,-0.01045,0.2184,-0.1605,-0.8003,0.254,-0.3093,0.431,-0.3254,0.561,0.1622,0.1782,-0.6475,-1.289,0.09344,0.3086,-0.04315,-0.9766,0.06885,-0.133,0.5273,0.9863,0.2294,0.7734,0.2047,-0.2018,0.4895,0.2385,-3.486,-0.7944,0.2786,-0.2822,-1.148,-0.1469,-0.4604
1,0.10956,0.1587,-0.3887,0.4072,0.02336,0.0314,-0.5967,-0.1641,-0.0787,0.1236,1.247,-0.455,0.0927,0.321,-0.668,0.1382,0.25,0.339,0.592,-0.694,-0.5415,-2.104,-0.3337,-0.4622,1.211,1.098,2.645,-0.3027,0.0538,0.2351,0.339,1.176,-0.1515,0.591,-0.736,-0.1355,0.514,0.8325,-0.9756,-0.1273,0.1354,0.04224,-0.31,0.2715,0.4268,-0.1646,0.3767,0.531,0.1556,0.97,1.014,-0.5786,-0.104,0.3684,-0.4055,-0.54,0.05176,0.512,-1.343,-0.04718,-1.832,0.4646,-0.1174,-7.555,-0.904,1.019,0.3977,-0.369,0.0455,0.5977,-1.347,-0.003473,6.684,1.213,1.014,0.2766,0.52,-0.1987,1.546,0.198,0.446,-0.2333,0.6016,-0.324,0.2234,-0.003605,-0.2668,-0.327,0.7744,0.10425,-0.4082,-0.145,0.246,-1.075,0.456,-0.2235,0.1523,-0.4036,-0.2091,-1.652,-0.623,0.7227,0.0953,-0.7144,-0.5903,0.567,-0.0854,0.4014,-0.0729,0.02007,0.3098,-0.02658,-0.6333,-0.282,-0.744,-0.04303,-0.4443,0.3403,0.11487,-0.2583,0.0665,0.552,-0.795,-0.002542,-0.2788,1.825,-0.393,0.1471,0.553,-0.2517,-0.356,1.335,-0.3857,-0.7896,-0.1455,0.11017,-0.02557,0.576,0.4753,-0.1881,0.605,0.2203,1.033,0.352,0.308,0.4727,0.4102,-1.879,0.1542,0.07056,0.2004,-0.1818,-1.319,-0.5195,0.1163,0.619,0.8096,-0.2834,0.0615,0.2045,-0.2145,-0.8267,0.2805,-0.3833,0.3774,-0.36,0.6836,0.1293,0.1841,-0.5947,-1.263,0.1204,0.2886,-0.04175,-1.014,0.1077,-0.1165,0.3352,1.031,0.2212,0.7227,0.2294,-0.2032,0.432,0.05826,-3.365,-0.814,0.1725,-0.2605,-1.242,-0.0707,-0.5024
1,0.217,0.1342,-0.299,0.4207,0.0996,-0.05258,-0.5093,-0.084,-0.2108,0.0657,1.206,-0.3152,0.0698,0.2712,-0.6274,0.1742,0.3132,0.3105,0.5537,-0.6533,-0.4937,-2.105,-0.3687,-0.5107,1.197,1.156,2.627,-0.3306,0.1246,0.183,0.3396,1.111,-0.1375,0.6094,-0.76,-0.0858,0.4272,0.811,-1.022,-0.04196,0.08765,0.06433,-0.295,0.2217,0.3987,-0.1625,0.4421,0.5312,0.1315,0.959,0.9985,-0.614,-0.2522,0.3271,-0.323,-0.5894,0.0955,0.379,-1.261,-0.07855,-1.95,0.4944,-0.1841,-7.54,-0.841,0.9976,0.3408,-0.416,-0.0762,0.5054,-1.363,-0.011734,6.863,1.238,0.993,0.3154,0.536,-0.1731,1.538,0.178,0.351,-0.2961,0.5146,-0.2852,0.2622,0.04907,-0.2576,-0.2866,0.675,0.0673,-0.4067,-0.1677,0.1447,-1.129,0.392,-0.317,0.2842,-0.3813,-0.1781,-1.592,-0.636,0.6377,0.04877,-0.6685,-0.6577,0.4949,-0.05188,0.4353,-0.0845,0.09283,0.3633,-0.01273,-0.719,-0.1908,-0.703,0.0635,-0.3137,0.3052,0.0978,-0.2866,-0.03723,0.573,-0.831,0.03986,-0.251,1.874,-0.4011,0.01415,0.5664,-0.1776,-0.4036,1.345,-0.4272,-0.7563,-0.0786,0.0991,-0.06976,0.679,0.4639,-0.1564,0.5957,0.358,0.9897,0.2974,0.2437,0.4578,0.2998,-1.806,0.0898,0.078,0.2067,-0.2024,-1.191,-0.569,0.003183,0.572,0.6963,-0.254,0.003668,0.1715,-0.1641,-0.8003,0.2766,-0.364,0.3977,-0.3152,0.6377,0.1748,0.2219,-0.6104,-1.235,0.1406,0.2615,-0.06665,-0.9473,0.1116,-0.1569,0.4263,0.995,0.2053,0.735,0.222,-0.165,0.4583,0.2717,-3.418,-0.745,0.2091,-0.1461,-1.095,-0.11066,-0.4888
1,0.08,0.1809,-0.2323,0.4375,0.10944,0.007072,-0.627,-0.2482,-0.3577,0.133,1.09,-0.2957,-0.0244,0.4365,-0.606,0.05203,0.469,0.3809,0.6113,-0.633,-0.404,-2.074,-0.5215,-0.34,1.158,0.9453,2.559,-0.443,-0.1469,0.2966,0.3142,1.172,-0.1827,0.5415,-0.811,-0.0879,0.5977,0.991,-1.291,0.08105,-0.05835,0.08417,0.0803,-0.11847,0.5845,-0.01785,0.2329,0.3105,-0.1299,0.773,1.104,-0.373,-0.2136,0.05206,-0.385,-0.557,0.03452,0.1997,-1.241,0.0758,-1.874,0.3967,0.01513,-7.594,-0.7573,0.8784,0.3054,-0.5615,-0.2091,0.4695,-1.138,0.07605,6.9,1.052,0.868,0.3518,0.466,-0.2659,1.654,0.0505,0.2278,-0.1394,0.667,-0.1768,0.1401,0.2303,-0.3596,-0.192,0.622,-0.1049,-0.598,-0.1664,0.086,-1.118,0.3584,-0.485,0.228,-0.4072,-0.205,-1.588,-0.6753,0.4033,0.03473,-0.8066,-0.5986,0.6074,0.1527,0.465,-0.2725,-0.0215,0.631,0.286,-0.519,-0.2546,-0.699,0.1255,-0.3767,0.4355,-0.1187,0.00766,-0.2422,0.7305,-0.6772,0.0722,-0.507,2.096,-0.2744,-0.04718,0.513,0.3252,-0.4363,1.288,-0.61,-0.674,-0.08234,0.11383,0.0682,0.766,0.2842,-0.2297,0.576,0.4058,1.001,-0.03262,0.0929,0.42,0.509,-2.041,-0.04965,0.274,0.3826,-0.1345,-1.281,-0.4192,-0.077,0.5444,0.809,-0.1687,0.003742,0.02028,-0.0899,-0.653,0.3396,-0.4883,0.2954,-0.2175,0.8,0.2198,0.04272,-0.737,-0.9146,0.452,0.3376,-0.1186,-0.687,0.3516,-0.05994,0.0596,0.977,0.2479,0.6597,0.1427,-0.1958,0.563,0.271,-3.244,-0.575,0.0526,-0.1305,-1.033,0.02597,-0.6675
0,0.07153,0.2893,-0.1692,0.193,0.05933,-0.02394,-0.1,1.184,-0.1576,0.7827,-0.626,-0.5635,-0.0991,-0.2041,0.1483,0.1206,-0.2715,-0.04584,0.4067,-0.2092,-0.2961,0.9277,0.1786,-0.9434,0.2493,-0.7295,-2.094,-0.0659,-0.1361,0.1289,-0.388,0.1083,-0.2014,0.4045,-0.5874,-0.4058,0.00803,0.716,0.3633,-0.00586,0.3052,-0.05634,0.62,0.6143,0.2637,-0.11993,-0.3472,-0.1641,-0.1472,0.08716,0.4678,-0.11365,-0.373,1.035,0.4072,0.1951,-0.0731,0.3801,0.02698,0.1985,2.91,0.31,-0.2356,-8.63,-0.3362,0.09155,0.591,0.2369,-0.1234,0.524,0.6064,-0.3245,7.273,-0.844,0.6855,0.3088,-0.04886,1.075,1.27,0.1399,0.3792,0.0683,0.2532,0.2024,-0.07477,-0.0174,-0.321,0.1118,-0.1719,-0.2249,-0.02924,-0.596,-0.1052,0.213,-0.2705,1.317,0.0481,-0.5,0.5454,-2.975,-0.3066,0.7983,0.08026,0.2952,-0.3232,-0.772,-0.4626,-0.06024,0.1602,0.139,0.2607,0.305,-0.2065,-0.253,-0.396,-0.1514,-0.7964,-0.723,0.2961,-0.3184,-0.00913,0.6484,-0.11865,0.3708,0.0962,0.9824,-0.3274,0.3052,0.03314,0.1556,-0.2861,0.4343,0.8276,-0.1445,0.07184,-0.0858,-0.4006,-0.335,-1.843,-0.10254,0.00318,0.3403,0.2196,0.1244,0.509,-0.3665,0.05142,-1.533,-0.07776,-0.414,0.0216,-0.06287,-0.7354,-0.3196,0.2203,-0.10876,0.639,-0.7173,-0.02805,0.2754,0.2063,-0.3396,-0.2186,-0.407,0.2449,0.08527,-0.6284,-0.1224,-0.3398,-0.1709,-0.457,0.7437,-0.143,0.1071,0.588,-0.1923,0.10583,-0.137,0.2654,-0.0753,-0.06305,-0.429,0.0637,-0.0999,-0.3281,2.377,-0.7173,0.2588,-0.03165,0.03488,-0.1771,-0.4329
1,0.3596,0.01213,-0.1242,0.4119,0.142,-0.1787,-0.525,-0.02623,-0.418,-0.01441,1.077,-0.2407,0.01042,0.2566,-0.5654,0.1063,0.4048,0.3396,0.4785,-0.611,-0.4607,-2.094,-0.465,-0.7134,1.212,1.122,2.564,-0.355,0.02435,0.1229,0.3628,1.122,-0.0656,0.5586,-0.837,-0.03632,0.3772,0.84,-1.131,0.04715,0.04016,0.01037,-0.1815,0.0966,0.4534,-0.2106,0.532,0.351,0.0298,0.9814,1.055,-0.4656,-0.3484,0.1698,-0.344,-0.7266,0.2073,0.2382,-1.152,-0.10736,-2.02,0.4988,-0.0984,-7.516,-0.7256,0.986,0.324,-0.509,-0.1665,0.3796,-1.261,-0.01188,6.98,1.233,0.9727,0.4612,0.4534,-0.1808,1.669,0.05533,0.228,-0.3142,0.4834,-0.1613,0.3276,0.2025,-0.3123,-0.1431,0.634,0.02808,-0.528,-0.1727,0.01582,-1.084,0.3062,-0.4802,0.331,-0.3003,-0.1963,-1.409,-0.645,0.4038,-0.143,-0.714,-0.6953,0.4395,-0.05692,0.5317,-0.166,0.02644,0.493,0.1738,-0.847,-0.0522,-0.6484,0.1564,-0.2825,0.2542,-0.02681,-0.1098,-0.209,0.6025,-0.8315,0.1803,-0.31,2.01,-0.3582,-0.0782,0.585,0.01383,-0.4104,1.357,-0.5483,-0.6836,0.1006,0.1602,-0.1098,0.791,0.4146,-0.2242,0.5454,0.4846,0.899,0.0898,0.08435,0.453,0.2554,-1.737,0.0713,0.184,0.3518,-0.1692,-1.205,-0.454,-0.1947,0.5337,0.658,-0.1094,-0.1094,0.1521,-0.0958,-0.6567,0.2317,-0.266,0.374,-0.275,0.62,0.2673,0.2236,-0.6997,-1.185,0.268,0.2252,-0.07,-0.9126,0.2512,-0.2427,0.3518,0.9683,0.2141,0.77,0.1183,-0.0925,0.6216,0.4387,-3.412,-0.655,0.1697,-0.0337,-0.863,-0.1494,-0.533
0,0.06885,0.272,-0.1952,0.1823,0.0781,-0.0991,-0.3677,1.228,-0.2576,0.784,-0.4248,-0.533,-0.2961,-0.1927,0.1738,0.0867,-0.3071,0.014946,0.541,-0.2673,-0.2164,0.784,0.04468,-0.946,0.1044,-0.5845,-1.968,-0.175,-0.1648,0.1921,-0.2383,0.2861,-0.287,0.3508,-0.486,-0.1721,0.1464,0.7104,0.117,-0.2158,0.1782,-0.0695,0.5747,0.6978,0.3398,0.04718,-0.3708,-0.08246,-0.2961,-0.01231,0.3164,0.077,-0.4453,1.064,0.3923,0.1663,-0.2307,0.5376,-0.01778,0.19,2.883,0.3005,-0.3462,-8.78,-0.3865,0.1295,0.5933,0.2133,-0.05246,0.4844,0.431,-0.507,7.37,-0.6436,0.6714,0.1542,0.001171,1.077,1.262,-0.005226,0.2207,0.2932,0.2341,0.4521,0.0975,0.01233,-0.1741,0.11993,-0.224,-0.253,-0.0646,-0.8457,-0.0865,0.2278,-0.1903,1.35,0.0707,-0.4902,0.4714,-2.79,-0.3162,0.841,0.0491,0.1957,-0.2903,-0.761,-0.621,-0.1375,0.10077,0.2473,0.27,0.3813,-0.1935,-0.3845,-0.3823,0.037,-0.8247,-0.4075,0.2568,-0.2164,-0.1782,0.659,-0.1173,0.1967,0.0896,0.893,-0.301,0.1812,0.105,0.1697,-0.2073,0.41,0.7695,-0.2878,-0.04968,-0.02136,-0.2343,-0.4268,-1.67,-0.1225,0.1959,0.3064,0.2744,0.2118,0.2935,-0.3381,0.1048,-1.333,0.103,-0.381,0.0836,-0.10944,-0.93,-0.4192,0.314,-0.1197,0.4353,-0.4902,-0.11975,0.065,0.2537,-0.1309,-0.2878,-0.3967,0.325,0.0695,-0.773,-0.3467,-0.4507,-0.05463,-0.2296,0.7915,0.0585,0.2291,0.4868,-0.2223,-0.00837,-0.0923,0.157,0.0422,-0.09863,-0.3723,-0.04813,0.004025,-0.2003,2.361,-0.6865,0.2786,-0.0773,-0.02304,-0.1056,-0.4119
1,0.3503,0.04562,-0.2153,0.3696,0.1421,-0.1788,-0.5986,-0.065,-0.2976,0.0311,1.196,-0.4182,0.0376,0.2325,-0.5728,0.1078,0.3174,0.3394,0.5283,-0.7144,-0.501,-2.25,-0.3398,-0.65,1.178,1.26,2.672,-0.2842,0.2072,0.2207,0.378,1.085,-0.117,0.512,-0.834,0.02208,0.4592,0.79,-1.028,-0.0842,0.0819,0.01894,-0.4568,0.2676,0.3542,-0.1338,0.466,0.511,0.1511,1.03,0.9893,-0.6353,-0.322,0.347,-0.315,-0.677,0.0559,0.482,-1.251,-0.1552,-2.03,0.467,-0.1973,-7.445,-0.8193,1.016,0.389,-0.4932,0.034,0.4253,-1.438,-0.12476,6.797,1.282,1.045,0.3262,0.622,-0.193,1.649,0.1282,0.346,-0.2852,0.4014,-0.309,0.3782,0.09906,-0.1956,-0.2563,0.727,0.0803,-0.3818,-0.2355,0.0796,-1.05,0.4033,-0.3162,0.2356,-0.3704,-0.2175,-1.471,-0.5684,0.59,-0.0254,-0.7305,-0.54,0.4648,-0.154,0.4736,-0.1382,0.00705,0.2944,-0.04395,-0.804,-0.05035,-0.621,0.1395,-0.2957,0.3557,0.05362,-0.2001,-0.0688,0.626,-0.8296,0.12244,-0.1783,1.85,-0.4011,-0.006756,0.581,-0.2703,-0.3542,1.346,-0.4048,-0.7783,0.007706,0.1311,0.01678,0.6265,0.545,-0.1852,0.612,0.3386,0.9526,0.3762,0.1737,0.4824,0.2717,-1.766,0.2053,0.1497,0.219,-0.2443,-1.19,-0.546,0.01997,0.5586,0.67,-0.1984,-0.0993,0.218,-0.1681,-0.7295,0.2087,-0.275,0.4324,-0.2915,0.5444,0.1771,0.216,-0.639,-1.275,0.1251,0.2524,0.002886,-0.9224,0.0745,-0.183,0.515,0.9053,0.2047,0.7524,0.194,-0.1106,0.505,0.2776,-3.465,-0.7935,0.329,-0.2462,-1.089,-0.1279,-0.4326
1,0.07886,0.1786,-0.3962,0.477,0.01311,0.1088,-0.598,-0.1635,-0.0747,0.1941,1.24,-0.479,0.0923,0.3076,-0.6235,0.11383,0.2756,0.362,0.54,-0.634,-0.5254,-2.096,-0.362,-0.3828,1.145,1.003,2.574,-0.3074,-0.00264,0.1953,0.3108,1.24,-0.1765,0.589,-0.7515,-0.1812,0.4868,0.796,-0.961,-0.1283,0.0851,0.06793,-0.2935,0.2754,0.4805,-0.152,0.3843,0.5117,0.1696,0.9404,0.9565,-0.533,-0.05325,0.4001,-0.431,-0.4783,0.05707,0.4187,-1.381,-0.0876,-1.769,0.4614,-0.014366,-7.633,-0.873,0.9536,0.3428,-0.3071,0.1046,0.599,-1.293,0.03372,6.793,1.224,0.9883,0.2654,0.5376,-0.1799,1.469,0.1841,0.3506,-0.253,0.591,-0.3376,0.1754,-0.039,-0.2808,-0.3137,0.7417,0.10284,-0.4246,-0.1265,0.3784,-1.064,0.4524,-0.1428,0.1433,-0.4263,-0.2773,-1.633,-0.5786,0.7095,0.1333,-0.7266,-0.6353,0.541,-0.1272,0.3738,-0.0784,0.01828,0.3228,-0.01813,-0.6113,-0.2593,-0.7275,-0.0579,-0.439,0.3997,0.1208,-0.2805,0.1075,0.5244,-0.78,-0.00367,-0.286,1.814,-0.414,0.1803,0.572,-0.2269,-0.2998,1.335,-0.3977,-0.7803,-0.1685,0.0936,-0.05774,0.5864,0.496,-0.1414,0.5693,0.239,1.043,0.3208,0.2793,0.4846,0.372,-1.892,0.1368,0.0406,0.2295,-0.1327,-1.316,-0.4915,0.1323,0.6494,0.788,-0.2622,0.0521,0.1265,-0.2292,-0.7783,0.319,-0.3684,0.415,-0.3745,0.6685,0.126,0.1769,-0.642,-1.228,0.11816,0.2998,-0.01088,-1.065,0.1045,-0.0871,0.3528,0.9614,0.2358,0.7046,0.2428,-0.2289,0.4148,-0.005177,-3.354,-0.7554,0.1289,-0.2335,-1.21,-0.105,-0.51
1,0.1495,0.2324,-0.3608,0.46,0.0986,0.02074,-0.594,-0.158,-0.1755,0.1361,1.178,-0.4146,-0.00387,0.3894,-0.6035,0.0841,0.387,0.4158,0.59,-0.7173,-0.482,-2.2,-0.2954,-0.467,1.195,1.095,2.684,-0.3428,0.05643,0.249,0.2898,1.281,-0.2153,0.6113,-0.8247,-0.1423,0.5933,0.862,-1.094,-0.02713,0.01979,0.0969,-0.258,0.1938,0.512,-0.09076,0.3079,0.5586,0.1193,0.948,0.948,-0.659,-0.08887,0.275,-0.3928,-0.551,-0.02617,0.4014,-1.36,-0.0692,-1.954,0.436,-0.0641,-7.414,-0.866,0.9775,0.379,-0.454,0.05276,0.537,-1.296,-0.05307,6.723,1.207,0.997,0.2404,0.6484,-0.2372,1.597,0.1682,0.3262,-0.2522,0.5615,-0.3604,0.2296,0.01089,-0.2756,-0.3245,0.7183,0.01929,-0.473,-0.1887,0.295,-1.138,0.5264,-0.1456,0.1661,-0.517,-0.2335,-1.538,-0.544,0.6924,0.0687,-0.811,-0.669,0.546,-0.0747,0.4575,-0.12427,0.05344,0.368,0.05212,-0.627,-0.188,-0.712,0.04556,-0.3972,0.4705,0.0751,-0.2488,-0.07043,0.63,-0.6943,-0.0613,-0.3337,1.871,-0.4778,0.08875,0.5684,-0.1037,-0.3757,1.373,-0.4932,-0.766,-0.1348,0.0926,0.04105,0.6143,0.5034,-0.1547,0.615,0.2786,1.075,0.2588,0.2283,0.4854,0.3481,-1.992,0.1271,0.1326,0.21,-0.1617,-1.255,-0.503,0.0917,0.681,0.715,-0.258,0.0683,0.10406,-0.1848,-0.778,0.261,-0.4402,0.386,-0.3132,0.6675,0.2062,0.11865,-0.634,-1.179,0.2291,0.2993,-0.04044,-0.9824,0.1104,-0.04416,0.3044,0.9966,0.2358,0.676,0.2854,-0.2068,0.4783,0.03146,-3.385,-0.684,0.1481,-0.285,-1.219,-0.1376,-0.577
0,0.1735,0.3083,-0.04193,0.303,0.1311,-0.1793,-0.1754,1.324,-0.294,0.769,-0.709,-0.4521,-0.2194,-0.1711,0.10834,0.1126,-0.286,-0.0791,0.4404,-0.2311,-0.242,0.8794,0.0459,-0.9775,0.2343,-0.5923,-2.012,-0.004692,-0.1029,0.08734,-0.2489,0.0959,-0.2961,0.402,-0.566,-0.293,0.05508,0.648,0.263,-0.1382,0.1993,-0.0854,0.5977,0.6177,0.2852,-0.1295,-0.3442,-0.1848,-0.1759,-0.01175,0.4365,-0.00881,-0.4585,1.029,0.4133,0.04834,-0.1588,0.4119,0.139,0.2008,2.83,0.296,-0.276,-8.72,-0.3428,0.04373,0.557,0.2168,-0.2632,0.4106,0.5254,-0.4888,7.457,-0.7637,0.565,0.3489,0.05234,1.065,1.295,0.0549,0.2852,0.1089,0.2252,0.2045,0.109,0.09174,-0.257,0.07874,-0.375,-0.3447,0.02882,-0.685,-0.1534,0.2805,-0.245,1.136,0.1366,-0.4734,0.5806,-2.82,-0.3428,0.7207,-0.01371,0.3254,-0.3147,-0.7124,-0.366,-0.05087,0.0845,0.2031,0.3582,0.4275,-0.1556,-0.2275,-0.417,-0.029,-0.7666,-0.63,0.1877,-0.2874,-0.1302,0.6885,-0.0819,0.4146,0.02844,0.9443,-0.289,0.2278,0.0653,0.0697,-0.2627,0.4424,0.788,-0.1074,0.1042,-0.0094,-0.304,-0.317,-1.727,-0.1013,0.06113,0.396,0.1385,0.1257,0.352,-0.3357,0.07654,-1.38,0.02393,-0.3245,0.05783,-0.0702,-0.667,-0.421,0.1445,-0.0869,0.494,-0.545,-0.153,0.1431,0.3044,-0.2103,-0.1995,-0.4036,0.2021,0.1324,-0.721,-0.2239,-0.353,-0.10516,-0.3865,0.803,-0.1678,0.0957,0.5396,-0.2227,-0.012924,-0.04404,0.1779,-0.10095,-0.0535,-0.4292,0.04785,-0.1047,-0.1821,2.395,-0.7637,0.2491,0.003443,0.0921,-0.1771,-0.3137
0,0.1951,0.2113,-0.0612,0.2644,0.03275,-0.1674,-0.1547,1.375,-0.2124,0.796,-0.7026,-0.551,-0.2069,-0.1505,0.1257,0.0494,-0.3384,-0.006638,0.3467,-0.2065,-0.2603,0.899,0.1412,-1.059,0.2686,-0.6665,-2.062,-0.09045,-0.1974,0.1466,-0.2175,0.07837,-0.283,0.3406,-0.681,-0.377,-0.0004776,0.636,0.3022,-0.1764,0.2335,-0.101,0.514,0.659,0.201,-0.1857,-0.3022,-0.1433,-0.1161,0.07776,0.469,-0.0866,-0.401,1.072,0.3604,0.1543,-0.11945,0.4236,0.06836,0.134,2.916,0.2856,-0.177,-8.69,-0.286,0.1316,0.5815,0.2698,-0.172,0.419,0.525,-0.3853,7.367,-0.7354,0.5894,0.3198,0.045,1.13,1.29,0.0907,0.3086,0.11346,0.2283,0.19,0.1093,0.06323,-0.2185,0.1293,-0.3342,-0.2637,-0.005405,-0.743,-0.0902,0.3997,-0.2996,1.243,0.04623,-0.4568,0.4978,-2.824,-0.3054,0.7417,-0.006195,0.3433,-0.254,-0.7427,-0.5024,-0.0339,0.05157,0.0625,0.3335,0.3955,-0.1743,-0.2445,-0.467,-0.02971,-0.8335,-0.7,0.1735,-0.293,-0.02025,0.6562,-0.1318,0.5225,0.0397,0.8623,-0.3552,0.2915,0.077,0.05255,-0.1582,0.4907,0.841,-0.05096,0.10016,0.04575,-0.3145,-0.4092,-1.716,-0.1713,0.07104,0.4048,0.1273,0.1294,0.4028,-0.3638,0.1322,-1.255,0.0845,-0.372,0.0687,-0.02318,-0.681,-0.3232,0.2625,-0.0198,0.5293,-0.564,-0.1365,0.1788,0.2578,-0.258,-0.3071,-0.2961,0.1438,0.02641,-0.7793,-0.1748,-0.395,-0.10657,-0.4753,0.7656,-0.193,0.1428,0.3977,-0.2734,-0.003435,0.03308,0.2017,-0.1326,-0.03656,-0.4219,0.1118,-0.1882,-0.1769,2.406,-0.8154,0.3003,-0.07764,0.1016,-0.172,-0.3257
1,-0.09326,0.2178,-0.434,0.5776,0.09625,0.2075,-0.8228,-0.4568,-0.10864,0.2573,1.171,-0.4307,0.02605,0.376,-0.626,0.1636,0.3076,0.3784,0.638,-0.7515,-0.509,-2.025,-0.477,-0.2029,0.9883,0.901,2.48,-0.371,-0.02455,0.288,0.3628,1.085,-0.2369,0.5015,-0.6475,-0.1489,0.666,1.0,-1.063,-0.10425,0.03943,0.1499,0.1169,0.1154,0.5176,0.00894,0.03113,0.4163,0.00824,0.7183,1.061,-0.383,0.0001255,0.1863,-0.3296,-0.3582,-0.06198,0.3804,-1.252,0.1752,-1.648,0.3591,-0.0827,-7.76,-0.8047,0.862,0.3706,-0.3855,-0.1312,0.704,-1.204,0.1456,6.82,1.056,0.8022,0.2386,0.4233,-0.1648,1.542,0.1412,0.4058,-0.1392,0.785,-0.1818,-0.0341,0.06323,-0.3428,-0.374,0.5645,-0.1942,-0.3762,-0.1718,0.2842,-1.065,0.3943,-0.419,0.11646,-0.4675,-0.06104,-1.759,-0.6543,0.501,0.1766,-0.656,-0.4243,0.7974,0.1599,0.284,-0.222,-0.0763,0.507,0.12256,-0.3418,-0.439,-0.7695,0.0736,-0.4863,0.528,-0.01599,-0.155,0.0736,0.6655,-0.65,-0.04434,-0.4575,1.872,-0.1758,0.1941,0.609,-0.021,-0.3274,1.329,-0.6245,-0.729,-0.147,0.06805,0.1879,0.578,0.3403,-0.075,0.5864,0.2052,0.9697,0.1884,0.3557,0.356,0.6387,-2.027,-0.04053,0.198,0.1917,-0.118,-1.49,-0.4023,0.1019,0.5957,0.9707,-0.3032,0.07385,0.03217,-0.0922,-0.791,0.4124,-0.5815,0.3108,-0.2578,0.794,-0.05243,0.1608,-0.779,-0.9062,0.2761,0.4788,-0.2203,-0.796,0.2275,-0.06366,-0.07227,0.9673,0.2451,0.625,0.2306,-0.2515,0.4805,0.0988,-3.152,-0.8965,0.0812,-0.2925,-1.209,0.02615,-0.6655
1,-0.1498,0.05444,-0.391,0.446,0.0816,0.3284,-0.776,-0.4553,-0.2175,0.2035,1.263,-0.2424,-0.04047,0.4114,-0.576,0.09155,0.4019,0.2942,0.6104,-0.728,-0.471,-2.01,-0.622,-0.1765,0.8315,0.879,2.367,-0.376,-0.2001,0.2725,0.2847,1.183,-0.226,0.4153,-0.726,-0.2369,0.6973,1.003,-1.159,0.09485,-0.05997,0.0552,0.3335,-0.0485,0.636,0.0392,-0.1205,0.225,-0.1422,0.584,1.032,-0.1896,0.05722,-0.11176,-0.3386,-0.3162,0.03308,0.12396,-1.207,0.2372,-1.615,0.2888,-0.03024,-7.85,-0.724,0.7935,0.3638,-0.4763,-0.08325,0.6724,-0.901,0.2241,6.87,0.833,0.678,0.2725,0.3892,-0.2146,1.634,0.1395,0.3306,-0.07385,0.915,-0.0736,-0.1304,0.1814,-0.443,-0.1758,0.726,-0.2769,-0.4177,-0.03876,0.2008,-1.106,0.4573,-0.406,-0.03117,-0.4192,-0.07837,-1.793,-0.6763,0.2213,0.2065,-0.7065,-0.3225,0.7827,0.209,0.187,-0.1592,-0.0729,0.71,0.2274,-0.346,-0.421,-0.632,0.02162,-0.587,0.518,-0.1349,-0.004448,-0.0475,0.5576,-0.602,-0.04453,-0.5605,1.98,-0.1881,0.0828,0.5986,0.2988,-0.3767,1.269,-0.625,-0.6104,-0.0916,-0.01883,0.2302,0.713,0.2646,-0.09845,0.5796,0.1782,0.961,0.04712,0.2505,0.401,0.693,-2.209,-0.2153,0.2484,0.473,-0.09436,-1.53,-0.269,-0.006035,0.567,0.888,-0.3105,0.1538,-0.08167,-0.06824,-0.5737,0.614,-0.7554,0.2184,-0.1927,0.9277,-0.10223,0.1831,-0.6353,-0.7437,0.361,0.4778,-0.02988,-0.643,0.3147,-0.1543,-0.219,0.9375,0.284,0.607,0.1404,-0.308,0.629,0.1143,-3.062,-0.7266,-0.081,-0.24,-1.088,0.1307,-0.6606
1,-0.07104,0.01525,-0.3289,0.4639,0.10016,0.2878,-0.76,-0.3743,-0.3074,0.2568,1.261,-0.3418,-0.0609,0.3672,-0.5996,0.0569,0.3296,0.2688,0.5386,-0.725,-0.489,-2.146,-0.6045,-0.279,0.972,0.9624,2.441,-0.313,-0.1323,0.2324,0.3481,1.165,-0.1343,0.411,-0.878,-0.0743,0.6084,0.917,-1.057,0.10785,-0.02264,0.03442,0.1395,0.1459,0.5967,0.0288,0.1129,0.2908,-0.001753,0.616,0.9834,-0.2585,-0.002855,0.0566,-0.3955,-0.4648,0.06866,0.278,-1.202,0.1166,-1.729,0.3857,0.001291,-7.85,-0.778,0.89,0.4338,-0.425,0.01672,0.649,-0.993,0.185,6.895,0.8877,0.78,0.1707,0.4355,-0.226,1.581,0.116,0.3555,-0.2183,0.7827,-0.3093,0.0269,0.2551,-0.374,-0.2314,0.715,-0.1902,-0.3262,0.02092,0.2773,-1.012,0.3843,-0.4126,-0.03256,-0.4336,-0.06934,-1.774,-0.668,0.3394,0.0757,-0.675,-0.356,0.687,0.03427,0.2115,-0.1365,0.0504,0.6895,0.1293,-0.3948,-0.2805,-0.607,-0.1368,-0.4749,0.501,-0.1366,-0.0989,-0.00233,0.528,-0.6064,0.12256,-0.4526,1.897,-0.2576,0.096,0.5913,0.1504,-0.2563,1.258,-0.5767,-0.5884,-0.04407,-0.04858,0.07336,0.6743,0.3118,-0.1909,0.5405,0.1809,1.042,0.10864,0.2363,0.4712,0.589,-2.09,-0.002436,0.2544,0.3708,-0.1085,-1.466,-0.38,-0.0217,0.601,0.7983,-0.2979,0.05902,0.02681,-0.0977,-0.581,0.444,-0.6733,0.2534,-0.2162,0.868,-0.02402,0.2258,-0.585,-0.9106,0.313,0.3972,0.0331,-0.6543,0.2035,-0.1755,-0.08405,0.9033,0.2249,0.5503,0.1888,-0.2162,0.523,0.06573,-3.242,-0.8105,0.0499,-0.2091,-1.092,0.1416,-0.5728
0,0.1556,0.278,0.04523,0.4062,0.1163,-0.1323,-0.2119,1.188,-0.379,0.7847,-0.5073,-0.5796,-0.2686,-0.07404,0.1416,0.0882,-0.2251,-0.0929,0.429,-0.3591,-0.1995,0.6733,-0.0628,-0.8086,0.11786,-0.602,-1.799,-0.1077,-0.2047,0.1189,-0.3362,0.12396,-0.433,0.2352,-0.5757,-0.154,0.1357,0.7246,-0.03552,-0.1405,0.1631,-0.009834,0.5234,0.5737,0.3728,-0.05652,-0.4602,-0.1964,-0.3179,-0.0422,0.4053,0.3032,-0.555,0.961,0.3079,0.02509,-0.2394,0.3694,0.05447,0.208,2.77,0.2659,-0.2913,-8.92,-0.3796,0.0248,0.601,0.1428,-0.1221,0.4072,0.5913,-0.5215,7.56,-0.7764,0.5435,0.1804,0.1947,1.07,1.177,0.009796,0.3506,0.2202,0.1426,0.1805,0.08704,0.1428,-0.2563,0.1315,-0.10486,-0.2426,-0.05963,-0.713,-0.255,0.2605,-0.243,1.157,-0.09235,-0.393,0.5103,-2.65,-0.3335,0.538,0.07135,0.1427,-0.11743,-0.6475,-0.3826,-0.1559,0.1888,0.2135,0.4304,0.47,-0.2074,-0.2229,-0.318,0.1797,-0.8306,-0.5312,0.162,-0.202,-0.0625,0.571,-0.0389,0.28,0.05878,1.0625,-0.3486,0.0761,0.1874,0.1927,-0.2235,0.2874,0.7603,-0.199,-0.0689,0.02945,-0.1509,-0.4841,-1.586,-0.002598,0.02582,0.2808,0.2216,0.2281,0.369,-0.2146,0.191,-1.397,-0.003906,-0.2834,0.1746,0.02177,-0.91,-0.3604,0.0369,0.001177,0.3906,-0.405,-0.106,0.0908,0.3215,-0.1146,-0.02318,-0.45,0.3538,0.04434,-0.684,-0.2761,-0.4136,-0.1244,-0.1884,0.7783,-0.03111,0.301,0.7173,-0.2742,-0.2305,-0.06012,0.09656,-0.0663,0.03986,-0.3687,-0.1153,-0.0854,-0.2305,2.184,-0.744,0.1727,0.05814,0.003767,0.00757,-0.2937
0,-0.09644,0.343,-0.3096,0.2125,-0.06836,0.2068,-0.2023,1.09,-0.1862,0.7695,-0.748,-0.623,-0.146,-0.2416,0.2183,0.171,-0.2915,0.0647,0.4304,-0.1587,-0.3865,1.02,0.3298,-0.7637,0.2489,-0.711,-2.127,-0.23,-0.2247,0.1294,-0.4192,0.09247,-0.0745,0.4136,-0.576,-0.262,0.004944,0.63,0.4421,0.08936,0.33,-0.067,0.771,0.6455,0.2056,0.006298,-0.2688,-0.1199,-0.0722,0.06204,0.3784,-0.1692,-0.419,0.993,0.4226,0.1411,-0.1145,0.4849,-0.02388,0.1261,3.004,0.3665,-0.2394,-8.47,-0.393,0.183,0.6226,0.1599,-0.07294,0.56,0.554,-0.278,7.152,-0.9014,0.677,0.1774,0.02211,1.02,1.135,0.1998,0.4465,0.1206,0.2607,0.2598,-0.1384,-0.02626,-0.3394,0.1874,-0.2303,-0.11005,0.0565,-0.6323,-0.01495,0.1962,-0.2744,1.399,-0.06232,-0.4526,0.518,-3.078,-0.3708,0.9736,0.07324,0.3267,-0.3745,-0.8247,-0.5264,-0.06586,0.07184,0.1942,0.1844,0.283,-0.3066,-0.3179,-0.332,-0.2607,-0.7036,-0.657,0.2773,-0.2893,-0.0434,0.7017,-0.1088,0.4648,0.0977,1.115,-0.2018,0.2031,-0.02109,0.2263,-0.3125,0.415,0.8613,-0.0729,0.1026,-0.139,-0.4697,-0.3018,-1.943,-0.1405,-0.05844,0.3115,0.2598,0.0565,0.5366,-0.3816,-0.03336,-1.686,-0.0647,-0.387,-0.004597,-0.2174,-0.694,-0.3086,0.3723,-0.11005,0.5923,-0.8315,-0.05276,0.2625,0.0677,-0.3413,-0.3782,-0.3374,0.2479,0.06476,-0.5923,-0.0827,-0.288,-0.26,-0.4368,0.8853,-0.1209,0.09424,0.623,-0.1866,0.1327,-0.3167,0.3315,0.02531,-0.09454,-0.4548,0.3503,-0.1621,-0.391,2.479,-0.657,0.3337,-0.0685,-0.02579,-0.2079,-0.514
1,0.0158,0.2168,-0.4214,0.5684,-0.0431,0.195,-0.5737,-0.255,-0.1024,0.2698,1.164,-0.3972,0.04028,0.323,-0.6543,0.0976,0.2751,0.3767,0.602,-0.609,-0.4932,-2.041,-0.4287,-0.1652,1.124,0.8726,2.521,-0.375,-0.2115,0.201,0.1882,1.178,-0.2117,0.564,-0.777,-0.2137,0.5234,0.865,-0.9707,0.0306,0.0861,0.0432,-0.06854,0.1223,0.524,-0.149,0.3494,0.46,0.08997,0.827,1.046,-0.4482,-0.04407,0.2896,-0.4114,-0.44,0.04846,0.293,-1.41,0.00938,-1.677,0.3953,0.1167,-7.758,-0.8926,0.914,0.3005,-0.2443,0.0682,0.6543,-1.157,0.1564,6.9,1.063,0.9175,0.2433,0.6084,-0.2104,1.424,0.199,0.3003,-0.2277,0.7393,-0.2986,0.0339,0.02315,-0.3296,-0.3113,0.7803,0.032,-0.509,-0.0817,0.4395,-1.012,0.4304,-0.1573,0.131,-0.4324,-0.2996,-1.735,-0.4995,0.646,0.1476,-0.699,-0.558,0.6187,-0.0343,0.3064,-0.08484,0.05563,0.4695,0.05276,-0.4443,-0.4312,-0.6733,-0.136,-0.507,0.391,0.05905,-0.241,0.03152,0.4197,-0.709,-0.01034,-0.3865,1.754,-0.4136,0.2032,0.549,0.03146,-0.3457,1.3545,-0.4514,-0.683,-0.2473,0.0841,-0.02245,0.5425,0.4626,-0.1259,0.5967,0.2454,1.159,0.1903,0.2976,0.4255,0.4565,-2.033,0.11383,0.0437,0.2495,-0.179,-1.311,-0.446,0.02345,0.608,0.7773,-0.259,0.1671,0.05515,-0.2512,-0.7305,0.373,-0.4568,0.3523,-0.3987,0.79,0.1195,0.0801,-0.5996,-1.111,0.2107,0.4006,0.02821,-0.9146,0.0868,-0.08325,0.1909,0.981,0.2164,0.6665,0.2664,-0.2542,0.2864,-0.0749,-3.271,-0.6484,0.01352,-0.1777,-1.164,-0.0474,-0.5605
1,0.4734,-0.1406,-0.05215,0.4385,-0.005886,-0.0797,-0.4956,0.0785,-0.404,0.1069,0.927,-0.292,-0.1148,-0.007694,-0.3584,-0.03915,0.2644,0.3513,0.2537,-0.353,-0.4453,-2.303,-0.291,-0.645,1.004,1.097,2.088,-0.2656,0.02092,0.0839,0.2083,0.993,0.03156,0.2708,-0.919,-0.01656,0.2325,0.495,-0.717,-0.04556,-0.1149,-0.1866,-0.2988,0.3047,0.3306,-0.06866,0.7046,0.3503,0.134,0.786,0.898,-0.3953,-0.2764,0.2996,-0.2166,-0.7275,0.1473,0.1582,-1.146,-0.2507,-1.763,0.25,0.2603,-8.195,-0.49,0.8076,0.3188,-0.3157,0.1631,0.2651,-1.281,0.01634,7.66,1.112,0.817,0.3032,0.7207,0.08356,1.5,0.0769,0.0806,-0.349,0.4614,-0.1967,0.3354,0.1648,-0.1832,-0.005165,0.6226,0.217,-0.459,-0.1809,0.2078,-0.7,0.3,-0.2164,0.299,-0.2878,-0.2725,-1.446,-0.2822,0.2786,-0.0837,-0.5264,-0.3726,0.3843,-0.2168,0.2323,-0.1052,0.1553,0.3074,0.0972,-0.767,0.006668,-0.419,-0.05206,-0.01862,0.28,0.0221,-0.1389,-0.2216,0.2827,-0.728,0.3083,-0.1825,1.306,-0.388,0.00954,0.5415,0.00709,-0.1652,1.439,-0.3296,-0.4155,0.007835,0.2118,-0.1804,0.4192,0.7134,-0.2866,0.582,0.366,0.701,0.10284,0.0214,0.391,0.02206,-1.603,0.244,0.03314,0.2974,-0.2673,-0.902,-0.2568,-0.1887,0.3918,0.3252,-0.008545,-0.03775,0.03964,-0.1862,-0.3718,0.0505,-0.1361,0.2166,-0.3591,0.3635,0.1963,0.08167,-0.4504,-1.185,0.1396,0.1242,0.2312,-0.761,-0.06046,-0.2133,0.6797,0.5986,0.1024,0.7354,0.2152,0.1082,0.293,0.2793,-3.201,-0.5625,0.05984,0.0541,-0.6323,-0.1799,-0.1788
1,-0.0689,0.0991,-0.404,0.517,0.1375,0.1936,-0.7246,-0.3113,-0.2937,0.2673,1.281,-0.3281,0.0232,0.3691,-0.619,0.09033,0.291,0.2651,0.5674,-0.7017,-0.5337,-2.072,-0.583,-0.3738,1.053,0.895,2.49,-0.3052,-0.1857,0.1733,0.386,1.258,-0.1565,0.554,-0.842,-0.1548,0.529,0.988,-1.083,0.1456,0.03026,0.04395,0.0816,0.0621,0.558,-0.0773,0.2218,0.304,-0.05045,0.7393,1.03,-0.32,-0.00944,0.146,-0.438,-0.4155,0.0962,0.2815,-1.221,0.0869,-1.735,0.4702,0.002563,-7.734,-0.8145,0.96,0.3982,-0.2952,-0.05017,0.6733,-0.999,0.1925,6.805,0.9575,0.9165,0.2263,0.381,-0.2898,1.546,0.11816,0.3428,-0.2754,0.806,-0.2593,0.063,0.191,-0.39,-0.2925,0.7812,-0.11786,-0.4363,0.11755,0.333,-1.061,0.3958,-0.3572,0.09076,-0.4304,-0.2094,-1.656,-0.5923,0.437,0.10455,-0.601,-0.5576,0.618,0.00877,0.333,-0.1142,0.0415,0.6606,0.11743,-0.4346,-0.331,-0.6895,-0.0873,-0.5386,0.3528,-0.02644,-0.1814,-0.00765,0.4763,-0.7124,0.123,-0.4666,1.943,-0.2583,0.1246,0.599,0.1537,-0.3093,1.294,-0.5747,-0.652,-0.1405,-0.04028,-0.0386,0.706,0.2467,-0.1887,0.592,0.2235,1.157,0.0804,0.247,0.413,0.5366,-2.012,0.01651,0.2042,0.2942,-0.0804,-1.478,-0.4106,-0.0959,0.591,0.8857,-0.311,0.1233,0.0955,-0.1849,-0.657,0.4731,-0.5767,0.3093,-0.2942,0.8994,0.010666,0.2256,-0.645,-1.053,0.2751,0.4363,-0.04044,-0.8364,0.256,-0.202,-0.04724,1.024,0.2605,0.607,0.1729,-0.275,0.519,0.03995,-3.227,-0.792,0.01425,-0.1283,-1.161,0.001721,-0.6255
1,0.2195,0.06323,-0.313,0.4414,0.0689,0.001432,-0.7007,-0.1167,-0.2228,0.1443,1.241,-0.4817,0.00558,0.3242,-0.6187,0.0638,0.33,0.419,0.5137,-0.715,-0.51,-2.166,-0.3262,-0.639,1.198,1.147,2.67,-0.3071,0.06976,0.2585,0.4204,1.251,-0.1606,0.51,-0.8716,-0.08215,0.532,0.779,-1.061,-0.10504,0.06213,0.0775,-0.3972,0.3252,0.4087,-0.1016,0.4128,0.5693,0.1624,1.022,0.9014,-0.6562,-0.1393,0.367,-0.4226,-0.5547,0.0338,0.5005,-1.311,-0.1517,-1.967,0.478,-0.1184,-7.418,-0.823,1.05,0.4033,-0.409,0.1288,0.516,-1.356,-0.03772,6.67,1.284,1.028,0.2515,0.622,-0.2191,1.591,0.132,0.3584,-0.2874,0.4983,-0.3757,0.2932,0.002617,-0.2313,-0.3306,0.7026,0.05426,-0.3882,-0.1804,0.3271,-1.049,0.4487,-0.1779,0.06235,-0.4434,-0.2358,-1.511,-0.5923,0.6807,0.06165,-0.75,-0.5986,0.529,-0.1589,0.4478,-0.1827,-0.01166,0.3694,-0.01779,-0.716,-0.09515,-0.711,0.07043,-0.4336,0.4724,0.0652,-0.294,0.07104,0.606,-0.8037,0.0514,-0.2301,1.85,-0.4485,0.09,0.628,-0.2644,-0.2747,1.362,-0.448,-0.7427,-0.06354,0.1143,0.03204,0.589,0.5527,-0.1575,0.622,0.2479,1.03,0.3271,0.2113,0.523,0.3467,-1.795,0.2227,0.1415,0.2242,-0.1448,-1.334,-0.4873,0.1816,0.7314,0.689,-0.207,-0.0675,0.1694,-0.2454,-0.777,0.2367,-0.3232,0.381,-0.3486,0.607,0.1956,0.1788,-0.648,-1.239,0.1643,0.2964,-0.02718,-1.104,0.04468,-0.1704,0.4065,0.9556,0.2676,0.74,0.2426,-0.1796,0.5024,0.0672,-3.441,-0.8154,0.254,-0.3542,-1.226,-0.145,-0.5107
0,0.3188,0.09125,0.148,0.3513,0.1337,-0.4226,-0.2445,1.42,-0.4653,0.7876,-0.5674,-0.3752,-0.3818,-0.04312,0.2194,0.0611,-0.325,-0.1373,0.2788,-0.395,-0.08453,0.532,-0.2272,-0.999,0.165,-0.4346,-1.587,-0.00978,-0.10065,0.1194,-0.008484,0.09064,-0.5166,0.2318,-0.538,-0.0948,0.0563,0.6953,-0.12476,-0.325,-0.1054,-0.04462,0.3696,0.556,0.2773,-0.02226,-0.4263,-0.1476,-0.3494,-0.04892,0.3757,0.4026,-0.4885,1.002,0.1919,-0.01008,-0.259,0.3855,0.2354,0.08466,2.457,0.2969,-0.2178,-9.07,-0.2812,0.0694,0.7197,0.0979,-0.2573,0.2703,0.5225,-0.501,7.812,-0.653,0.3826,0.1224,0.1098,1.075,1.265,-0.1268,0.293,0.2158,0.1625,0.2202,0.4438,0.253,-0.0245,0.0735,-0.1791,-0.231,-0.0803,-0.8623,-0.367,0.378,-0.2578,0.9473,0.0631,-0.4119,0.504,-2.486,-0.3577,0.315,-0.0757,0.1777,-0.1152,-0.5957,-0.2089,-0.0543,0.14,0.1292,0.43,0.543,-0.1111,-0.03284,-0.5083,0.2617,-0.7397,-0.3604,0.0516,-0.1853,-0.2025,0.5825,-0.1411,0.2413,-0.0657,0.848,-0.2861,-0.00818,0.2014,0.02736,-0.0622,0.4355,0.698,-0.102,-0.04675,0.09125,-0.1967,-0.37,-1.342,-0.2234,0.04007,0.383,0.1857,0.1963,0.1747,-0.2316,0.2522,-0.9995,0.1985,-0.2593,0.1992,0.03363,-0.81,-0.3318,-0.0715,0.04678,0.3074,-0.2346,-0.2024,0.07623,0.571,0.03735,0.01617,-0.4207,0.1558,0.02611,-0.8286,-0.4194,-0.437,0.1763,-0.261,0.6357,-0.1514,0.263,0.496,-0.2401,-0.3577,0.07,-0.056,-0.1251,-0.0543,-0.403,-0.1514,-0.0462,0.03595,2.031,-0.7515,0.1757,0.10364,0.1228,-0.00399,0.03455
0,0.03867,0.389,-0.128,0.3306,0.03232,-0.1168,-0.07477,1.333,-0.1134,0.708,-0.776,-0.5693,-0.238,-0.1509,0.2283,0.2505,-0.2942,0.106,0.4944,-0.1683,-0.293,0.973,0.2786,-1.021,0.274,-0.6523,-2.076,-0.162,-0.0597,0.02948,-0.3123,0.127,-0.2876,0.3848,-0.513,-0.356,-0.04214,0.669,0.2496,-0.0617,0.11865,-0.0846,0.549,0.5923,0.267,-0.1301,-0.3027,-0.06915,-0.1414,0.11743,0.4495,-0.06064,-0.495,1.174,0.4368,0.03802,-0.1783,0.3376,-0.02048,0.2211,2.893,0.318,-0.277,-8.57,-0.311,0.006454,0.6235,0.1335,-0.2524,0.429,0.5586,-0.4163,7.355,-0.723,0.679,0.3572,-0.01537,1.003,1.197,0.0725,0.3484,0.04752,0.2058,0.3,0.0631,-0.010635,-0.1908,0.2612,-0.2295,-0.2059,-0.0081,-0.723,-0.2222,0.1753,-0.2443,1.27,0.2676,-0.3987,0.5264,-2.885,-0.387,0.8184,-0.00623,0.3308,-0.3691,-0.797,-0.4243,-0.02173,0.11035,0.1613,0.2412,0.3704,-0.294,-0.2878,-0.4387,0.002386,-0.618,-0.6606,0.2345,-0.2046,-0.1855,0.7026,-0.06335,0.3718,0.008896,0.931,-0.1951,0.0534,0.0643,0.2324,-0.3296,0.4922,0.811,-0.1818,-0.11505,-0.0465,-0.566,-0.3083,-1.813,-0.2426,0.0928,0.512,0.1261,0.11926,0.6245,-0.4197,0.01023,-1.392,-0.1775,-0.4658,0.01062,-0.1638,-0.6816,-0.1636,0.1783,-0.1092,0.7075,-0.7397,-0.04825,0.34,0.2375,-0.3274,-0.3264,-0.239,0.2537,0.02878,-0.8057,-0.11816,-0.3823,-0.2106,-0.429,0.6987,-0.2588,0.0975,0.557,-0.1704,0.08826,-0.07416,0.2461,-0.01165,-0.04553,-0.439,0.193,-0.1854,-0.1967,2.443,-0.7197,0.2542,0.07886,0.06476,-0.1987,-0.5024
0,0.2313,0.3835,-0.0418,0.617,0.1399,-0.1082,-0.3025,1.298,-0.3735,0.765,-0.826,-0.3545,-0.1575,-0.3123,0.1016,0.0599,-0.4082,-0.1484,0.3176,-0.2379,-0.2317,0.9087,-0.1954,-0.907,0.1489,-0.558,-1.885,0.1433,-0.08374,0.02335,-0.2593,0.04843,-0.28,0.557,-0.4258,-0.03946,-0.07965,0.504,0.3228,-0.121,0.2338,-0.1387,0.6816,0.4377,0.1671,0.05463,-0.1311,-0.376,-0.0815,-0.0981,0.412,0.09283,-0.4338,1.008,0.1943,-0.1415,-0.1886,0.4783,0.02943,0.0975,2.643,0.3796,-0.1901,-8.78,-0.3433,0.0498,0.375,0.3667,-0.2583,0.5957,0.473,-0.3706,7.844,-0.561,0.5312,0.3833,-0.06146,0.998,1.138,0.0074,0.285,0.00857,0.332,0.357,0.1047,0.11066,-0.176,0.0482,-0.4998,-0.3064,-0.06665,-0.689,0.05115,0.3962,-0.1814,0.959,0.2091,-0.447,0.3315,-2.46,-0.1494,0.609,-0.1604,0.3457,-0.414,-0.784,-0.3542,-0.1031,0.0726,0.1129,0.388,0.3503,-0.1589,-0.3132,-0.4211,0.07526,-0.8022,-0.5005,0.255,-0.2993,-0.0972,0.526,-0.2554,0.5513,-0.03064,1.063,-0.08655,0.2279,0.02354,-0.097,-0.0372,0.4534,0.6826,-0.1719,0.28,0.05923,-0.2717,-0.3865,-1.616,-0.02534,0.02985,0.2874,0.2605,-0.03616,0.241,-0.3486,0.004387,-1.384,0.2241,-0.2795,0.1846,0.00857,-0.6675,-0.5127,0.0527,0.06305,0.199,-0.336,-0.2964,0.0527,0.2294,0.01675,-0.1189,-0.3584,0.1815,0.0462,-0.5913,-0.2052,-0.3242,-0.2803,-0.396,0.882,-0.1087,0.059,0.4297,-0.269,-0.268,-0.09393,0.1534,0.03464,0.001178,-0.2905,0.01479,0.05612,-0.4324,2.102,-0.7876,0.2183,0.02588,0.1309,-0.291,-0.1718
0,-0.01611,0.3364,-0.2424,0.1958,-0.05566,0.0848,-0.2444,1.22,-0.1821,0.7764,-0.7783,-0.593,-0.2272,-0.1876,0.2262,0.1465,-0.3035,0.09717,0.4683,-0.1411,-0.3462,0.998,0.331,-0.8706,0.2964,-0.653,-2.137,-0.248,-0.2124,0.136,-0.3105,0.11993,-0.1614,0.395,-0.565,-0.2583,0.01531,0.688,0.4224,-0.03342,0.314,-0.05905,0.6367,0.707,0.2382,-0.01665,-0.2583,-0.05338,-0.0966,0.0863,0.375,-0.1768,-0.4814,1.12,0.4602,0.1338,-0.1792,0.512,-0.05148,0.0997,3.043,0.3682,-0.2676,-8.484,-0.3547,0.1858,0.5967,0.1555,-0.1436,0.509,0.4744,-0.3691,7.137,-0.825,0.668,0.2566,0.03992,1.075,1.114,0.108,0.3452,0.1417,0.1981,0.3137,0.001634,0.00467,-0.262,0.1887,-0.2903,-0.12445,0.0376,-0.6987,-0.07043,0.1989,-0.2825,1.386,0.03494,-0.4756,0.5283,-3.033,-0.4126,0.974,0.03806,0.341,-0.4175,-0.8413,-0.5874,-0.04013,0.02513,0.1791,0.1677,0.3445,-0.3086,-0.308,-0.3901,-0.16,-0.6797,-0.63,0.2347,-0.27,-0.10156,0.752,-0.13,0.4578,0.046,1.026,-0.2272,0.1525,-0.01397,0.1969,-0.2605,0.441,0.9014,-0.0828,0.03925,-0.03842,-0.5024,-0.336,-1.89,-0.1813,0.03497,0.399,0.1971,0.0988,0.5264,-0.378,-0.02206,-1.515,-0.03363,-0.4192,0.03476,-0.2332,-0.6196,-0.33,0.3918,-0.1328,0.6216,-0.755,-0.08026,0.2312,0.09,-0.3574,-0.444,-0.2783,0.261,0.0336,-0.7637,-0.1176,-0.3848,-0.1896,-0.4482,0.8706,-0.158,0.1097,0.521,-0.2205,0.1317,-0.1587,0.301,0.04883,-0.08966,-0.47,0.2954,-0.2238,-0.2708,2.54,-0.707,0.383,-0.0576,0.02716,-0.2238,-0.4973
1,0.3064,0.1145,-0.2285,0.526,0.1549,-0.0344,-0.591,-0.03455,-0.3828,0.0719,1.1455,-0.3833,0.04898,0.2217,-0.613,0.1604,0.3118,0.307,0.4814,-0.684,-0.5317,-2.111,-0.4143,-0.5317,1.155,1.241,2.633,-0.2812,0.1103,0.1566,0.3855,1.106,-0.124,0.553,-0.796,0.11346,0.3774,0.697,-0.9614,0.04117,0.087,-0.005978,-0.3574,0.2323,0.3242,-0.096,0.548,0.5015,0.108,0.934,0.9634,-0.59,-0.3018,0.4075,-0.382,-0.7563,0.135,0.3945,-1.202,-0.1554,-1.97,0.5396,-0.1219,-7.52,-0.8174,0.994,0.3647,-0.4258,-0.0363,0.4846,-1.392,0.0004587,6.902,1.225,1.078,0.3384,0.5586,-0.2605,1.519,0.07605,0.3164,-0.4275,0.4585,-0.3777,0.3276,0.2063,-0.2413,-0.243,0.6255,0.0778,-0.367,-0.1335,0.2,-1.08,0.2996,-0.358,0.2413,-0.3142,-0.2128,-1.49,-0.579,0.5947,-0.082,-0.6147,-0.634,0.4446,-0.1309,0.4778,-0.1614,0.04407,0.3936,-0.05954,-0.792,-0.0913,-0.647,0.03912,-0.2703,0.36,0.0404,-0.2124,-0.0433,0.5913,-0.8716,0.2124,-0.2124,1.916,-0.3389,-0.001311,0.609,-0.2249,-0.331,1.339,-0.443,-0.7305,0.03146,0.04395,-0.1096,0.64,0.4841,-0.2242,0.5586,0.2913,1.04,0.2336,0.2345,0.4875,0.2542,-1.745,0.2076,0.1315,0.2422,-0.2393,-1.229,-0.4958,-0.09485,0.5767,0.626,-0.2067,-0.1665,0.211,-0.2096,-0.717,0.2383,-0.2583,0.3953,-0.337,0.659,0.2343,0.2559,-0.6885,-1.255,0.1527,0.2229,-0.0374,-0.9414,0.0834,-0.203,0.3958,0.8555,0.2351,0.7334,0.2366,-0.06805,0.502,0.2778,-3.463,-0.755,0.2666,-0.1096,-1.052,-0.1003,-0.476
1,0.4832,-0.0935,-0.023,0.513,0.0678,-0.08466,-0.5894,0.05872,-0.4128,0.1675,0.9443,-0.3354,-0.1338,-0.005795,-0.3225,0.01703,0.3264,0.333,0.251,-0.412,-0.469,-2.338,-0.3013,-0.6963,0.9463,1.154,2.13,-0.2394,0.15,0.134,0.2786,0.941,-0.035,0.2827,-0.8633,0.0094,0.2925,0.4653,-0.6875,-0.1375,-0.1073,-0.1722,-0.3755,0.4177,0.319,0.01194,0.6367,0.4055,0.0932,0.8037,0.943,-0.4617,-0.2522,0.3196,-0.1604,-0.7007,0.1257,0.2815,-1.0625,-0.23,-1.843,0.285,0.1213,-8.13,-0.4795,0.7974,0.3152,-0.333,0.01417,0.282,-1.383,-0.01312,7.617,1.118,0.788,0.3203,0.6216,0.02597,1.567,0.002487,0.0891,-0.3862,0.4531,-0.1833,0.3464,0.1663,-0.1554,-0.09283,0.421,0.1539,-0.3813,-0.2068,0.1865,-0.7856,0.2734,-0.324,0.3035,-0.324,-0.208,-1.412,-0.3262,0.3354,-0.1268,-0.491,-0.3708,0.4133,-0.1915,0.2676,-0.1909,0.0946,0.2678,0.05695,-0.745,0.02945,-0.4817,0.02893,0.006657,0.3857,0.009544,-0.1179,-0.1886,0.4688,-0.7837,0.3154,-0.1505,1.323,-0.2688,0.05026,0.608,-0.15,-0.04315,1.456,-0.3894,-0.4656,0.08624,0.229,-0.09735,0.4927,0.73,-0.2908,0.5503,0.3464,0.61,0.1736,0.03595,0.4019,0.07324,-1.58,0.2612,0.01753,0.264,-0.2291,-0.951,-0.2515,-0.1589,0.4077,0.3665,-0.03021,-0.1342,0.04794,-0.1729,-0.4192,0.0243,-0.1532,0.2258,-0.3032,0.3313,0.1741,0.1288,-0.5063,-1.181,0.1145,0.11163,0.11755,-0.791,-0.0213,-0.1973,0.627,0.532,0.1061,0.6943,0.2644,0.11237,0.3862,0.2534,-3.236,-0.69,0.1636,0.006203,-0.591,-0.1357,-0.2107
0,-0.1754,0.4238,-0.3125,0.2089,-0.05286,0.2489,-0.06082,1.03,-0.07355,0.814,-0.7417,-0.681,-0.05405,-0.2817,0.2485,0.1934,-0.2583,0.1098,0.4734,-0.1687,-0.4094,1.063,0.4758,-0.774,0.2976,-0.794,-2.104,-0.2161,-0.1661,0.09094,-0.4785,0.0667,-0.1165,0.4077,-0.542,-0.355,0.012436,0.6963,0.4272,0.1422,0.299,-0.02838,0.693,0.6104,0.2041,0.10376,-0.2715,-0.0653,-0.04926,0.1326,0.3804,-0.2754,-0.405,1.124,0.4236,0.1782,-0.1016,0.458,-0.0643,0.11285,2.953,0.2922,-0.2474,-8.42,-0.3447,0.1265,0.6167,0.1542,-0.08276,0.611,0.6235,-0.2434,7.1,-0.913,0.726,0.2085,-0.05545,0.972,1.064,0.2375,0.517,0.08075,0.2205,0.1879,-0.1744,-0.07837,-0.3142,0.2054,-0.175,-0.05386,0.0876,-0.576,-0.01451,0.0738,-0.3206,1.43,-0.008675,-0.4575,0.529,-3.121,-0.391,0.979,0.1499,0.3694,-0.3662,-0.871,-0.499,-0.0756,0.0982,0.1371,0.06415,0.2458,-0.3354,-0.3267,-0.3354,-0.178,-0.638,-0.643,0.3308,-0.3315,-0.0003262,0.701,-0.1263,0.3667,0.1412,1.149,-0.199,0.1136,-0.01831,0.2106,-0.3455,0.4011,0.8857,-0.1592,0.07263,-0.2115,-0.548,-0.2659,-2.01,-0.176,-0.08496,0.3154,0.2607,0.1405,0.6885,-0.4165,-0.02382,-1.672,-0.21,-0.4316,-0.03424,-0.1718,-0.7417,-0.2167,0.3413,-0.07715,0.7153,-0.977,0.01258,0.416,0.04623,-0.4067,-0.3271,-0.2913,0.2756,0.04745,-0.625,-0.02742,-0.33,-0.3608,-0.4854,0.7188,-0.2045,0.1012,0.688,-0.126,0.152,-0.3137,0.3552,0.07947,-0.04926,-0.4392,0.3335,-0.1373,-0.4773,2.4,-0.7173,0.3438,-0.01595,-0.1061,-0.1793,-0.6074
1,0.0683,0.185,-0.2905,0.5273,0.0386,0.1076,-0.666,-0.2012,-0.1925,0.1757,1.124,-0.407,-0.0716,0.3623,-0.6226,0.1069,0.319,0.3782,0.6,-0.689,-0.454,-2.084,-0.3982,-0.369,1.151,1.035,2.643,-0.3794,0.0422,0.2546,0.34,1.105,-0.2102,0.558,-0.7305,-0.0652,0.5674,0.807,-1.081,-0.08527,0.06366,0.09973,-0.0927,0.2382,0.5054,-0.04785,0.3098,0.4817,0.1282,0.827,0.998,-0.5264,-0.0915,0.27,-0.3584,-0.5327,-0.05133,0.476,-1.255,0.002068,-1.847,0.4126,-0.0862,-7.613,-0.883,0.918,0.3813,-0.4575,-0.1059,0.5645,-1.3125,-0.01958,6.88,1.153,0.81,0.2512,0.5146,-0.2288,1.537,0.179,0.391,-0.1738,0.6226,-0.29,0.1724,0.05847,-0.3352,-0.3193,0.5483,-0.03497,-0.3508,-0.2245,0.2625,-1.066,0.4294,-0.34,0.10455,-0.4565,-0.11957,-1.626,-0.736,0.6157,0.068,-0.74,-0.5923,0.5913,0.02367,0.3638,-0.2411,0.03357,0.461,0.0856,-0.583,-0.3032,-0.7764,0.01666,-0.3757,0.4731,0.005302,-0.192,0.02829,0.669,-0.6943,0.004173,-0.3674,1.937,-0.3022,0.0664,0.572,-0.1312,-0.2996,1.302,-0.479,-0.7144,-0.08685,0.1552,0.09827,0.6787,0.4968,-0.1261,0.532,0.285,0.9385,0.2052,0.278,0.502,0.491,-1.924,0.0909,0.152,0.2467,-0.1705,-1.365,-0.5054,0.1936,0.717,0.727,-0.2615,0.02216,0.09094,-0.1213,-0.81,0.239,-0.4595,0.301,-0.2737,0.673,0.1837,0.1288,-0.616,-1.052,0.3223,0.3284,-0.11725,-0.9155,0.1442,-0.1624,0.1744,0.968,0.2365,0.6562,0.2517,-0.1466,0.4387,0.0694,-3.32,-0.811,0.1499,-0.291,-1.122,-0.00857,-0.5254
1,0.0531,0.2291,-0.4324,0.4902,0.0658,0.09,-0.4875,-0.1743,-0.05484,0.1862,1.207,-0.358,0.11743,0.3196,-0.724,0.1642,0.2837,0.317,0.58,-0.626,-0.5186,-2.025,-0.38,-0.317,1.155,0.9756,2.559,-0.288,-0.0541,0.1726,0.2362,1.181,-0.1631,0.6587,-0.729,-0.2415,0.4868,0.8833,-0.952,-0.01976,0.1044,0.04868,-0.1808,0.1516,0.4517,-0.1815,0.308,0.4897,0.11237,0.91,1.049,-0.5654,-0.04196,0.3381,-0.4236,-0.4783,0.0726,0.316,-1.349,-0.01504,-1.774,0.4575,-0.03143,-7.63,-0.879,0.9673,0.3496,-0.2903,0.01672,0.616,-1.229,0.1527,6.773,1.173,1.008,0.2847,0.545,-0.1719,1.454,0.2352,0.409,-0.3054,0.6475,-0.3342,0.09564,0.02518,-0.3467,-0.349,0.802,0.04642,-0.4788,-0.02208,0.326,-1.131,0.426,-0.2092,0.2224,-0.4324,-0.2373,-1.736,-0.536,0.671,0.1588,-0.6846,-0.66,0.593,0.03333,0.3708,0.01388,0.0873,0.4197,-0.006622,-0.4912,-0.3684,-0.7456,-0.137,-0.4807,0.2888,0.1387,-0.3108,0.09094,0.4465,-0.78,-0.04196,-0.335,1.791,-0.4277,0.1715,0.556,-0.09863,-0.3958,1.326,-0.3945,-0.7124,-0.226,0.04825,-0.09326,0.5586,0.4343,-0.1378,0.587,0.2329,1.122,0.2844,0.3406,0.4307,0.3972,-1.975,0.0346,0.01746,0.2007,-0.1707,-1.276,-0.4976,0.004734,0.6255,0.8433,-0.3306,0.1509,0.1637,-0.2169,-0.8447,0.4397,-0.4434,0.3706,-0.3682,0.785,0.1505,0.1681,-0.6367,-1.204,0.1211,0.329,-0.0663,-0.9575,0.1071,-0.04184,0.299,1.035,0.2043,0.697,0.2493,-0.3047,0.3713,0.0793,-3.375,-0.745,0.0427,-0.1385,-1.215,-0.0823,-0.5605
1,-0.0879,0.1821,-0.3071,0.549,-0.04996,0.2798,-0.6763,-0.3765,-0.1224,0.2627,1.174,-0.418,-0.0844,0.3896,-0.6123,0.0221,0.3516,0.4429,0.5728,-0.696,-0.4487,-2.178,-0.382,-0.1619,1.051,0.8613,2.441,-0.4001,-0.11285,0.2837,0.248,1.117,-0.2205,0.4238,-0.8535,-0.2273,0.642,0.889,-1.053,-0.04196,0.0009174,0.1268,0.06934,0.1855,0.5947,-0.007553,0.1514,0.445,0.0738,0.665,1.013,-0.403,0.0659,0.12286,-0.362,-0.365,-0.0631,0.331,-1.281,0.09424,-1.713,0.2783,0.0734,-7.86,-0.8145,0.828,0.3687,-0.384,0.0412,0.614,-1.046,0.1185,6.984,0.944,0.6943,0.1078,0.5728,-0.1758,1.496,0.2416,0.3462,-0.1501,0.702,-0.3179,-0.0649,0.0724,-0.3325,-0.2554,0.62,-0.0971,-0.4084,-0.153,0.3826,-1.003,0.4526,-0.2483,-0.011696,-0.5283,-0.166,-1.783,-0.6025,0.4683,0.1719,-0.7856,-0.374,0.686,-0.01223,0.2018,-0.139,0.05814,0.58,0.12415,-0.375,-0.357,-0.664,-0.0922,-0.4434,0.578,-0.0905,-0.1466,0.0191,0.538,-0.5083,-0.04684,-0.453,1.757,-0.3547,0.1081,0.549,0.08215,-0.2527,1.3125,-0.504,-0.591,-0.1575,0.0776,0.1608,0.6006,0.4736,-0.1041,0.4875,0.2053,0.9795,0.1508,0.2944,0.513,0.532,-2.121,0.006634,0.141,0.2922,-0.09576,-1.37,-0.347,0.132,0.6655,0.7744,-0.3164,0.179,0.00803,-0.0866,-0.7207,0.3328,-0.594,0.2247,-0.2678,0.766,0.0955,0.0825,-0.5366,-0.8945,0.3303,0.3599,0.00679,-0.7437,0.11414,0.002735,0.02882,0.925,0.1987,0.6113,0.2979,-0.2151,0.3713,-0.069,-3.227,-0.735,0.02228,-0.2827,-1.102,0.1091,-0.5703
